#
# A fatal error has been detected by the Java Runtime Environment:
#
#  SIGILL (0x4) at pc=0x00007ff8069b9749, pid=8215, tid=0x0000000000000103
#
# JRE version: Java(TM) SE Runtime Environment (8.0_92-b14) (build 1.8.0_92-b14)
# Java VM: Java HotSpot(TM) 64-Bit Server VM (25.92-b14 mixed mode bsd-amd64 compressed oops)
# Problematic frame:
# C  [CoreFoundation+0x1db749]  _CFRunLoopRunSpecificWithOptions.cold.2+0xe
#
# Failed to write core dump. Core dumps have been disabled. To enable core dumping, try "ulimit -c unlimited" before starting Java again
#
# If you would like to submit a bug report, please visit:
#   http://bugreport.java.com/bugreport/crash.jsp
# The crash happened outside the Java Virtual Machine in native code.
# See problematic frame for where to report the bug.
#

---------------  T H R E A D  ---------------

Current thread (0x00007fcb5c975800):  JavaThread "AppKit Thread" daemon [_thread_in_native, id=259, stack(0x00000003092e8000,0x0000000309ae8000)]

siginfo: si_signo: 4 (SIGILL), si_code: 1 (ILL_ILLOPC), si_addr: 0x00007ff8069b9749

Registers:
RAX=0x00007ff806b61152, RBX=0x00007fcb5c810200, RCX=0x00000000000120a8, RDX=0x0000000000000008
RSP=0x000000030992c3c8, RBP=0x000000030992c450, RSI=0x0000000000000000, RDI=0x00007fcb5d1231c8
R8 =0x000000000000e30f, R9 =0x0000000000000008, R10=0x0000000000000000, R11=0x00000000a5baadb9
R12=0x0000000000000001, R13=0x00007fcb5c810210, R14=0x0000000000000001, R15=0x00007fcb5d1231a0
RIP=0x00007ff8069b9749, EFLAGS=0x0000000000000246, ERR=0x0000000000000000
  TRAPNO=0x0000000000000006

Top of Stack: (sp=0x000000030992c3c8)
0x000000030992c3c8:   00007ff8068f1659 0000000000000000
0x000000030992c3d8:   3f8479d000000000 f3dd36def4f10002
0x000000030992c3e8:   000000000000000a 000000030992c410
0x000000030992c3f8:   00007ff8067e2287 00007ffb45482778
0x000000030992c408:   0000000000000001 000000030992c420
0x000000030992c418:   00007ff8068131b3 f3dd36def4f10071
0x000000030992c428:   00007ffb45482778 00007fcb5c7181d0
0x000000030992c438:   2d78ae66f7b5a7dd 2d78ae66f7b5a7dd
0x000000030992c448:   00007fcb5cedf508 000000030992c490
0x000000030992c458:   00007ff80849d376 3f847ae147ae147b
0x000000030992c468:   41c78ae66f7b5a7d 00007fcb19d37340
0x000000030992c478:   00007fcb5c7181d0 00007ff843e94518
0x000000030992c488:   00007ff847362b00 000000030992c4e0
0x000000030992c498:   0000000128020729 00007fcb5c9759f8
0x000000030992c4a8:   00007fcb5cedf500 0000000100000000
0x000000030992c4b8:   000000030992c510 0000000000000000
0x000000030992c4c8:   00000000f2b2491a 000000030992c520
0x000000030992c4d8:   00007fcb5c975800 000000030992c530
0x000000030992c4e8:   000000011299553d 000000030992c5c0
0x000000030992c4f8:   000000030992c698 0000000795924850
0x000000030992c508:   00000007e8052f49 0000000000000021
0x000000030992c518:   0000000795924890 00000007402bb1f0
0x000000030992c528:   00007ffc4687b2a8 000000030992c780
0x000000030992c538:   00000001128e917c 00007fcb00000001
0x000000030992c548:   000000010b0c3000 0000000000000014
0x000000030992c558:   0000000000000014 00007fcb19d374d0
0x000000030992c568:   00007ff806598a94 00007fcb5c9ce358
0x000000030992c578:   000000030992c738 000000030992c700
0x000000030992c588:   0000000000000004 00007fcb5c9ce380
0x000000030992c598:   0000000000000001 0000000000000000
0x000000030992c5a8:   000000010b0c3000 0000000000000007
0x000000030992c5b8:   0000000000000014 000000010b0c3000 

Instructions: (pc=0x00007ff8069b9749)
0x00007ff8069b9729:   1b 71 bb 40 48 8d 35 c4 b9 49 3d e8 bd 0d 01 00
0x00007ff8069b9739:   5d c3 48 8d 05 10 7a 1a 00 48 89 05 4f 6b bb 40
0x00007ff8069b9749:   0f 0b 48 8b 05 1e 70 97 40 48 85 c0 0f 94 c1 48
0x00007ff8069b9759:   39 f8 0f 95 c0 08 c8 75 23 48 83 3d de 70 bb 40 

Register to memory mapping:

RAX=0x00007ff806b61152: _XMLPlistAppendDataUsingBase64.__CFPLDataEncodeTable+0x15f2 in /System/Library/Frameworks/CoreFoundation.framework/Versions/A/CoreFoundation at 0x00007ff8067de000
RBX=0x00007fcb5c810200 is an unknown value
RCX=0x00000000000120a8 is an unknown value
RDX=0x0000000000000008 is an unknown value
RSP=0x000000030992c3c8 is pointing into the stack for thread: 0x00007fcb5c975800
RBP=0x000000030992c450 is pointing into the stack for thread: 0x00007fcb5c975800
RSI=0x0000000000000000 is an unknown value
RDI=0x00007fcb5d1231c8 is an unknown value
R8 =0x000000000000e30f is an unknown value
R9 =0x0000000000000008 is an unknown value
R10=0x0000000000000000 is an unknown value
R11=0x00000000a5baadb9 is an unknown value
R12=0x0000000000000001 is an unknown value
R13=0x00007fcb5c810210 is an unknown value
R14=0x0000000000000001 is an unknown value
R15=0x00007fcb5d1231a0 is an unknown value


Stack: [0x00000003092e8000,0x0000000309ae8000],  sp=0x000000030992c3c8,  free space=6416k
Native frames: (J=compiled Java code, j=interpreted, Vv=VM code, C=native code)
C  [CoreFoundation+0x1db749]  _CFRunLoopRunSpecificWithOptions.cold.2+0xe
C  [Foundation+0xacf376]  -[NSRunLoop(NSRunLoop) runMode:beforeDate:]+0xd8
C  [libawt_lwawt.dylib+0x34729]  Java_sun_lwawt_macosx_LWCToolkit_doAWTRunLoopImpl+0x100
J 1590  sun.lwawt.macosx.LWCToolkit.doAWTRunLoopImpl(JZZ)V (0 bytes) @ 0x000000011299553d [0x0000000112995480+0xbd]
J 1588 C1 sun.lwawt.macosx.LWCToolkit.invokeAndWait(Ljava/lang/Runnable;Ljava/awt/Component;)V (117 bytes) @ 0x00000001128e917c [0x00000001128e77a0+0x19dc]
J 1806 C1 sun.lwawt.macosx.CAccessibility.getFocusOwner(Ljava/awt/Component;)Ljavax/accessibility/Accessible; (15 bytes) @ 0x0000000112b418ec [0x0000000112b41640+0x2ac]
v  ~StubRoutines::call_stub
V  [libjvm.dylib+0x2ecc9a]  JavaCalls::call_helper(JavaValue*, methodHandle*, JavaCallArguments*, Thread*)+0x6ae
V  [libjvm.dylib+0x323b0e]  jni_invoke_static(JNIEnv_*, JavaValue*, _jobject*, JNICallType, _jmethodID*, JNI_ArgumentPusher*, Thread*)+0x1bf
V  [libjvm.dylib+0x31a3c7]  jni_CallStaticObjectMethodV+0x10c
C  [JavaNativeFoundation+0x37e5]  JNFCallStaticObjectMethod+0xb0
C  [libawt_lwawt.dylib+0x302b7]  -[JavaComponentAccessibility accessibilityFocusedUIElement]+0x6e
C  [libawt_lwawt.dylib+0x54f6]  -[AWTView accessibilityFocusedUIElement]+0x9c
C  [AppKit+0xe119c8]  -[NSWindow(NSWindowAccessibility) accessibilityFocusedUIElement]+0x69
C  [AppKit+0x92cd8]  NSAccessibilityHandleFocusChangedForce+0x8b
C  [AppKit+0xde18ab]  -[NSWindow _realMakeFirstResponder:]+0x3d9
C  [libawt_lwawt.dylib+0x46ea]  __-[AWTView viewDidMoveToWindow]_block_invoke_1+0x7d
C  [JavaNativeFoundation+0x63d7]  +[JNFRunLoop _performCopiedBlock:]+0xf
C  [Foundation+0x3989b]  __NSThreadPerformPerform+0xb2
C  [CoreFoundation+0x5f50b]  __CFRUNLOOP_IS_CALLING_OUT_TO_A_SOURCE0_PERFORM_FUNCTION__+0x11
C  [CoreFoundation+0x5f4ad]  __CFRunLoopDoSource0+0x9d
C  [CoreFoundation+0x5f26c]  __CFRunLoopDoSources0+0xcb
C  [CoreFoundation+0x5df80]  __CFRunLoopRun+0x394
C  [CoreFoundation+0x1135de]  _CFRunLoopRunSpecificWithOptions+0x1f0
C  [Foundation+0xacf376]  -[NSRunLoop(NSRunLoop) runMode:beforeDate:]+0xd8
C  [libawt_lwawt.dylib+0x34729]  Java_sun_lwawt_macosx_LWCToolkit_doAWTRunLoopImpl+0x100
J 1590  sun.lwawt.macosx.LWCToolkit.doAWTRunLoopImpl(JZZ)V (0 bytes) @ 0x000000011299553d [0x0000000112995480+0xbd]
J 1588 C1 sun.lwawt.macosx.LWCToolkit.invokeAndWait(Ljava/lang/Runnable;Ljava/awt/Component;)V (117 bytes) @ 0x00000001128e917c [0x00000001128e77a0+0x19dc]
J 1981 C1 sun.lwawt.macosx.CAccessibility.getAccessibleRole(Ljavax/accessibility/Accessible;Ljava/awt/Component;)Ljava/lang/String; (22 bytes) @ 0x0000000112baaf84 [0x0000000112baac80+0x304]
v  ~StubRoutines::call_stub
V  [libjvm.dylib+0x2ecc9a]  JavaCalls::call_helper(JavaValue*, methodHandle*, JavaCallArguments*, Thread*)+0x6ae
V  [libjvm.dylib+0x323b0e]  jni_invoke_static(JNIEnv_*, JavaValue*, _jobject*, JNICallType, _jmethodID*, JNI_ArgumentPusher*, Thread*)+0x1bf
V  [libjvm.dylib+0x31a3c7]  jni_CallStaticObjectMethodV+0x10c
C  [JavaNativeFoundation+0x37e5]  JNFCallStaticObjectMethod+0xb0
C  [libawt_lwawt.dylib+0x2f745]  getJavaRole+0x23
C  [libawt_lwawt.dylib+0x2fdfc]  +[JavaComponentAccessibility createWithAccessible:withEnv:withView:]+0x5d
C  [libawt_lwawt.dylib+0x3030b]  -[JavaComponentAccessibility accessibilityFocusedUIElement]+0xc2
C  [libawt_lwawt.dylib+0x54f6]  -[AWTView accessibilityFocusedUIElement]+0x9c
C  [AppKit+0xe119c8]  -[NSWindow(NSWindowAccessibility) accessibilityFocusedUIElement]+0x69
C  [AppKit+0x92cd8]  NSAccessibilityHandleFocusChangedForce+0x8b
C  [AppKit+0xdf4838]  -[NSWindow _changeKeyAndMainLimitedOK:]+0x2d3
C  [AppKit+0xaa453]  -[NSWindow makeKeyWindow]+0xae
C  [Foundation+0x3989b]  __NSThreadPerformPerform+0xb2
C  [CoreFoundation+0x5f50b]  __CFRUNLOOP_IS_CALLING_OUT_TO_A_SOURCE0_PERFORM_FUNCTION__+0x11
C  [CoreFoundation+0x5f4ad]  __CFRunLoopDoSource0+0x9d
C  [CoreFoundation+0x5f26c]  __CFRunLoopDoSources0+0xcb
C  [CoreFoundation+0x5df80]  __CFRunLoopRun+0x394
C  [CoreFoundation+0x1135de]  _CFRunLoopRunSpecificWithOptions+0x1f0
C  [Foundation+0xacf376]  -[NSRunLoop(NSRunLoop) runMode:beforeDate:]+0xd8
C  [libawt_lwawt.dylib+0x34729]  Java_sun_lwawt_macosx_LWCToolkit_doAWTRunLoopImpl+0x100
J 1590  sun.lwawt.macosx.LWCToolkit.doAWTRunLoopImpl(JZZ)V (0 bytes) @ 0x000000011299553d [0x0000000112995480+0xbd]
J 1588 C1 sun.lwawt.macosx.LWCToolkit.invokeAndWait(Ljava/lang/Runnable;Ljava/awt/Component;)V (117 bytes) @ 0x00000001128e917c [0x00000001128e77a0+0x19dc]
J 1981 C1 sun.lwawt.macosx.CAccessibility.getAccessibleRole(Ljavax/accessibility/Accessible;Ljava/awt/Component;)Ljava/lang/String; (22 bytes) @ 0x0000000112baaf84 [0x0000000112baac80+0x304]
v  ~StubRoutines::call_stub
V  [libjvm.dylib+0x2ecc9a]  JavaCalls::call_helper(JavaValue*, methodHandle*, JavaCallArguments*, Thread*)+0x6ae
V  [libjvm.dylib+0x323b0e]  jni_invoke_static(JNIEnv_*, JavaValue*, _jobject*, JNICallType, _jmethodID*, JNI_ArgumentPusher*, Thread*)+0x1bf
V  [libjvm.dylib+0x31a3c7]  jni_CallStaticObjectMethodV+0x10c
C  [JavaNativeFoundation+0x37e5]  JNFCallStaticObjectMethod+0xb0
C  [libawt_lwawt.dylib+0x2f745]  getJavaRole+0x23
C  [libawt_lwawt.dylib+0x2fdfc]  +[JavaComponentAccessibility createWithAccessible:withEnv:withView:]+0x5d
C  [libawt_lwawt.dylib+0x3030b]  -[JavaComponentAccessibility accessibilityFocusedUIElement]+0xc2
C  [libawt_lwawt.dylib+0x54f6]  -[AWTView accessibilityFocusedUIElement]+0x9c
C  [AppKit+0xe119c8]  -[NSWindow(NSWindowAccessibility) accessibilityFocusedUIElement]+0x69
C  [AppKit+0x92cd8]  NSAccessibilityHandleFocusChangedForce+0x8b
C  [AppKit+0xde18ab]  -[NSWindow _realMakeFirstResponder:]+0x3d9
C  [libawt_lwawt.dylib+0x46ea]  __-[AWTView viewDidMoveToWindow]_block_invoke_1+0x7d
C  [JavaNativeFoundation+0x63d7]  +[JNFRunLoop _performCopiedBlock:]+0xf
C  [Foundation+0x3989b]  __NSThreadPerformPerform+0xb2
C  [CoreFoundation+0x5f50b]  __CFRUNLOOP_IS_CALLING_OUT_TO_A_SOURCE0_PERFORM_FUNCTION__+0x11
C  [CoreFoundation+0x5f4ad]  __CFRunLoopDoSource0+0x9d
C  [CoreFoundation+0x5f26c]  __CFRunLoopDoSources0+0xcb
C  [CoreFoundation+0x5df80]  __CFRunLoopRun+0x394
C  [CoreFoundation+0x1135de]  _CFRunLoopRunSpecificWithOptions+0x1f0
C  [Foundation+0xacf376]  -[NSRunLoop(NSRunLoop) runMode:beforeDate:]+0xd8
C  [libawt_lwawt.dylib+0x34729]  Java_sun_lwawt_macosx_LWCToolkit_doAWTRunLoopImpl+0x100
J 1590  sun.lwawt.macosx.LWCToolkit.doAWTRunLoopImpl(JZZ)V (0 bytes) @ 0x000000011299553d [0x0000000112995480+0xbd]
J 1588 C1 sun.lwawt.macosx.LWCToolkit.invokeAndWait(Ljava/lang/Runnable;Ljava/awt/Component;)V (117 bytes) @ 0x00000001128e917c [0x00000001128e77a0+0x19dc]
J 1981 C1 sun.lwawt.macosx.CAccessibility.getAccessibleRole(Ljavax/accessibility/Accessible;Ljava/awt/Component;)Ljava/lang/String; (22 bytes) @ 0x0000000112baaf84 [0x0000000112baac80+0x304]
v  ~StubRoutines::call_stub
V  [libjvm.dylib+0x2ecc9a]  JavaCalls::call_helper(JavaValue*, methodHandle*, JavaCallArguments*, Thread*)+0x6ae
V  [libjvm.dylib+0x323b0e]  jni_invoke_static(JNIEnv_*, JavaValue*, _jobject*, JNICallType, _jmethodID*, JNI_ArgumentPusher*, Thread*)+0x1bf
V  [libjvm.dylib+0x31a3c7]  jni_CallStaticObjectMethodV+0x10c
C  [JavaNativeFoundation+0x37e5]  JNFCallStaticObjectMethod+0xb0
C  [libawt_lwawt.dylib+0x2f745]  getJavaRole+0x23
C  [libawt_lwawt.dylib+0x2fdfc]  +[JavaComponentAccessibility createWithAccessible:withEnv:withView:]+0x5d
C  [libawt_lwawt.dylib+0x3030b]  -[JavaComponentAccessibility accessibilityFocusedUIElement]+0xc2
C  [libawt_lwawt.dylib+0x54f6]  -[AWTView accessibilityFocusedUIElement]+0x9c
C  [AppKit+0xe119c8]  -[NSWindow(NSWindowAccessibility) accessibilityFocusedUIElement]+0x69
C  [AppKit+0x92cd8]  NSAccessibilityHandleFocusChangedForce+0x8b
C  [AppKit+0xdf4838]  -[NSWindow _changeKeyAndMainLimitedOK:]+0x2d3
C  [AppKit+0xaa453]  -[NSWindow makeKeyWindow]+0xae
C  [Foundation+0x3989b]  __NSThreadPerformPerform+0xb2
C  [CoreFoundation+0x5f50b]  __CFRUNLOOP_IS_CALLING_OUT_TO_A_SOURCE0_PERFORM_FUNCTION__+0x11
C  [CoreFoundation+0x5f4ad]  __CFRunLoopDoSource0+0x9d
C  [CoreFoundation+0x5f26c]  __CFRunLoopDoSources0+0xcb
C  [CoreFoundation+0x5df80]  __CFRunLoopRun+0x394
C  [CoreFoundation+0x1135de]  _CFRunLoopRunSpecificWithOptions+0x1f0
C  [Foundation+0xacf376]  -[NSRunLoop(NSRunLoop) runMode:beforeDate:]+0xd8
C  [libawt_lwawt.dylib+0x34729]  Java_sun_lwawt_macosx_LWCToolkit_doAWTRunLoopImpl+0x100
J 1590  sun.lwawt.macosx.LWCToolkit.doAWTRunLoopImpl(JZZ)V (0 bytes) @ 0x000000011299553d [0x0000000112995480+0xbd]
...<more frames>...

Java frames: (J=compiled Java code, j=interpreted, Vv=VM code)
J 1590  sun.lwawt.macosx.LWCToolkit.doAWTRunLoopImpl(JZZ)V (0 bytes) @ 0x00000001129954c7 [0x0000000112995480+0x47]
J 1588 C1 sun.lwawt.macosx.LWCToolkit.invokeAndWait(Ljava/lang/Runnable;Ljava/awt/Component;)V (117 bytes) @ 0x00000001128e917c [0x00000001128e77a0+0x19dc]
J 1806 C1 sun.lwawt.macosx.CAccessibility.getFocusOwner(Ljava/awt/Component;)Ljavax/accessibility/Accessible; (15 bytes) @ 0x0000000112b418ec [0x0000000112b41640+0x2ac]
v  ~StubRoutines::call_stub
J 1590  sun.lwawt.macosx.LWCToolkit.doAWTRunLoopImpl(JZZ)V (0 bytes) @ 0x00000001129954c7 [0x0000000112995480+0x47]
J 1588 C1 sun.lwawt.macosx.LWCToolkit.invokeAndWait(Ljava/lang/Runnable;Ljava/awt/Component;)V (117 bytes) @ 0x00000001128e917c [0x00000001128e77a0+0x19dc]
J 1981 C1 sun.lwawt.macosx.CAccessibility.getAccessibleRole(Ljavax/accessibility/Accessible;Ljava/awt/Component;)Ljava/lang/String; (22 bytes) @ 0x0000000112baaf84 [0x0000000112baac80+0x304]
v  ~StubRoutines::call_stub
J 1590  sun.lwawt.macosx.LWCToolkit.doAWTRunLoopImpl(JZZ)V (0 bytes) @ 0x00000001129954c7 [0x0000000112995480+0x47]
J 1588 C1 sun.lwawt.macosx.LWCToolkit.invokeAndWait(Ljava/lang/Runnable;Ljava/awt/Component;)V (117 bytes) @ 0x00000001128e917c [0x00000001128e77a0+0x19dc]
J 1981 C1 sun.lwawt.macosx.CAccessibility.getAccessibleRole(Ljavax/accessibility/Accessible;Ljava/awt/Component;)Ljava/lang/String; (22 bytes) @ 0x0000000112baaf84 [0x0000000112baac80+0x304]
v  ~StubRoutines::call_stub
J 1590  sun.lwawt.macosx.LWCToolkit.doAWTRunLoopImpl(JZZ)V (0 bytes) @ 0x00000001129954c7 [0x0000000112995480+0x47]
J 1588 C1 sun.lwawt.macosx.LWCToolkit.invokeAndWait(Ljava/lang/Runnable;Ljava/awt/Component;)V (117 bytes) @ 0x00000001128e917c [0x00000001128e77a0+0x19dc]
J 1981 C1 sun.lwawt.macosx.CAccessibility.getAccessibleRole(Ljavax/accessibility/Accessible;Ljava/awt/Component;)Ljava/lang/String; (22 bytes) @ 0x0000000112baaf84 [0x0000000112baac80+0x304]
v  ~StubRoutines::call_stub
J 1590  sun.lwawt.macosx.LWCToolkit.doAWTRunLoopImpl(JZZ)V (0 bytes) @ 0x00000001129954c7 [0x0000000112995480+0x47]
J 1588 C1 sun.lwawt.macosx.LWCToolkit.invokeAndWait(Ljava/lang/Runnable;Ljava/awt/Component;)V (117 bytes) @ 0x00000001128e917c [0x00000001128e77a0+0x19dc]
J 1965 C1 sun.lwawt.macosx.CAccessibility.getAccessibleIndexInParent(Ljavax/accessibility/Accessible;Ljava/awt/Component;)I (25 bytes) @ 0x0000000112ba3f24 [0x0000000112ba3c20+0x304]
v  ~StubRoutines::call_stub
J 1590  sun.lwawt.macosx.LWCToolkit.doAWTRunLoopImpl(JZZ)V (0 bytes) @ 0x00000001129954c7 [0x0000000112995480+0x47]
J 1588 C1 sun.lwawt.macosx.LWCToolkit.invokeAndWait(Ljava/lang/Runnable;Ljava/awt/Component;)V (117 bytes) @ 0x00000001128e917c [0x00000001128e77a0+0x19dc]
J 1981 C1 sun.lwawt.macosx.CAccessibility.getAccessibleRole(Ljavax/accessibility/Accessible;Ljava/awt/Component;)Ljava/lang/String; (22 bytes) @ 0x0000000112baaf84 [0x0000000112baac80+0x304]
v  ~StubRoutines::call_stub
J 1590  sun.lwawt.macosx.LWCToolkit.doAWTRunLoopImpl(JZZ)V (0 bytes) @ 0x00000001129954c7 [0x0000000112995480+0x47]
J 1588 C1 sun.lwawt.macosx.LWCToolkit.invokeAndWait(Ljava/lang/Runnable;Ljava/awt/Component;)V (117 bytes) @ 0x00000001128e917c [0x00000001128e77a0+0x19dc]
J 1981 C1 sun.lwawt.macosx.CAccessibility.getAccessibleRole(Ljavax/accessibility/Accessible;Ljava/awt/Component;)Ljava/lang/String; (22 bytes) @ 0x0000000112baaf84 [0x0000000112baac80+0x304]
v  ~StubRoutines::call_stub
J 1590  sun.lwawt.macosx.LWCToolkit.doAWTRunLoopImpl(JZZ)V (0 bytes) @ 0x00000001129954c7 [0x0000000112995480+0x47]
J 1588 C1 sun.lwawt.macosx.LWCToolkit.invokeAndWait(Ljava/lang/Runnable;Ljava/awt/Component;)V (117 bytes) @ 0x00000001128e917c [0x00000001128e77a0+0x19dc]
J 1981 C1 sun.lwawt.macosx.CAccessibility.getAccessibleRole(Ljavax/accessibility/Accessible;Ljava/awt/Component;)Ljava/lang/String; (22 bytes) @ 0x0000000112baaf84 [0x0000000112baac80+0x304]
v  ~StubRoutines::call_stub
J 1590  sun.lwawt.macosx.LWCToolkit.doAWTRunLoopImpl(JZZ)V (0 bytes) @ 0x00000001129954c7 [0x0000000112995480+0x47]
J 1588 C1 sun.lwawt.macosx.LWCToolkit.invokeAndWait(Ljava/lang/Runnable;Ljava/awt/Component;)V (117 bytes) @ 0x00000001128e917c [0x00000001128e77a0+0x19dc]
J 1981 C1 sun.lwawt.macosx.CAccessibility.getAccessibleRole(Ljavax/accessibility/Accessible;Ljava/awt/Component;)Ljava/lang/String; (22 bytes) @ 0x0000000112baaf84 [0x0000000112baac80+0x304]
v  ~StubRoutines::call_stub
J 1590  sun.lwawt.macosx.LWCToolkit.doAWTRunLoopImpl(JZZ)V (0 bytes) @ 0x00000001129954c7 [0x0000000112995480+0x47]
J 1588 C1 sun.lwawt.macosx.LWCToolkit.invokeAndWait(Ljava/lang/Runnable;Ljava/awt/Component;)V (117 bytes) @ 0x00000001128e917c [0x00000001128e77a0+0x19dc]
J 1981 C1 sun.lwawt.macosx.CAccessibility.getAccessibleRole(Ljavax/accessibility/Accessible;Ljava/awt/Component;)Ljava/lang/String; (22 bytes) @ 0x0000000112baaf84 [0x0000000112baac80+0x304]
v  ~StubRoutines::call_stub
J 1590  sun.lwawt.macosx.LWCToolkit.doAWTRunLoopImpl(JZZ)V (0 bytes) @ 0x00000001129954c7 [0x0000000112995480+0x47]
J 1588 C1 sun.lwawt.macosx.LWCToolkit.invokeAndWait(Ljava/lang/Runnable;Ljava/awt/Component;)V (117 bytes) @ 0x00000001128e917c [0x00000001128e77a0+0x19dc]
J 1965 C1 sun.lwawt.macosx.CAccessibility.getAccessibleIndexInParent(Ljavax/accessibility/Accessible;Ljava/awt/Component;)I (25 bytes) @ 0x0000000112ba3f24 [0x0000000112ba3c20+0x304]
v  ~StubRoutines::call_stub
J 1590  sun.lwawt.macosx.LWCToolkit.doAWTRunLoopImpl(JZZ)V (0 bytes) @ 0x00000001129954c7 [0x0000000112995480+0x47]
J 1588 C1 sun.lwawt.macosx.LWCToolkit.invokeAndWait(Ljava/lang/Runnable;Ljava/awt/Component;)V (117 bytes) @ 0x00000001128e917c [0x00000001128e77a0+0x19dc]
J 1981 C1 sun.lwawt.macosx.CAccessibility.getAccessibleRole(Ljavax/accessibility/Accessible;Ljava/awt/Component;)Ljava/lang/String; (22 bytes) @ 0x0000000112baaf84 [0x0000000112baac80+0x304]
v  ~StubRoutines::call_stub
J 1590  sun.lwawt.macosx.LWCToolkit.doAWTRunLoopImpl(JZZ)V (0 bytes) @ 0x00000001129954c7 [0x0000000112995480+0x47]
J 1588 C1 sun.lwawt.macosx.LWCToolkit.invokeAndWait(Ljava/lang/Runnable;Ljava/awt/Component;)V (117 bytes) @ 0x00000001128e917c [0x00000001128e77a0+0x19dc]
J 1981 C1 sun.lwawt.macosx.CAccessibility.getAccessibleRole(Ljavax/accessibility/Accessible;Ljava/awt/Component;)Ljava/lang/String; (22 bytes) @ 0x0000000112baaf84 [0x0000000112baac80+0x304]
v  ~StubRoutines::call_stub
J 1590  sun.lwawt.macosx.LWCToolkit.doAWTRunLoopImpl(JZZ)V (0 bytes) @ 0x00000001129954c7 [0x0000000112995480+0x47]
J 1588 C1 sun.lwawt.macosx.LWCToolkit.invokeAndWait(Ljava/lang/Runnable;Ljava/awt/Component;)V (117 bytes) @ 0x00000001128e917c [0x00000001128e77a0+0x19dc]
J 1471 C1 sun.lwawt.macosx.CAccessibility.invokeAndWait(Ljava/util/concurrent/Callable;Ljava/awt/Component;)Ljava/lang/Object; (13 bytes) @ 0x0000000112a75abc [0x0000000112a75920+0x19c]
j  sun.lwawt.macosx.CAccessibility.getAccessibleValue(Ljavax/accessibility/Accessible;Ljava/awt/Component;)Ljavax/accessibility/AccessibleValue;+15
v  ~StubRoutines::call_stub
J 1590  sun.lwawt.macosx.LWCToolkit.doAWTRunLoopImpl(JZZ)V (0 bytes) @ 0x00000001129954c7 [0x0000000112995480+0x47]
J 1588 C1 sun.lwawt.macosx.LWCToolkit.invokeAndWait(Ljava/lang/Runnable;Ljava/awt/Component;)V (117 bytes) @ 0x00000001128e917c [0x00000001128e77a0+0x19dc]
J 1981 C1 sun.lwawt.macosx.CAccessibility.getAccessibleRole(Ljavax/accessibility/Accessible;Ljava/awt/Component;)Ljava/lang/String; (22 bytes) @ 0x0000000112baaf84 [0x0000000112baac80+0x304]
v  ~StubRoutines::call_stub
J 1590  sun.lwawt.macosx.LWCToolkit.doAWTRunLoopImpl(JZZ)V (0 bytes) @ 0x00000001129954c7 [0x0000000112995480+0x47]
J 1588 C1 sun.lwawt.macosx.LWCToolkit.invokeAndWait(Ljava/lang/Runnable;Ljava/awt/Component;)V (117 bytes) @ 0x00000001128e917c [0x00000001128e77a0+0x19dc]
J 1981 C1 sun.lwawt.macosx.CAccessibility.getAccessibleRole(Ljavax/accessibility/Accessible;Ljava/awt/Component;)Ljava/lang/String; (22 bytes) @ 0x0000000112baaf84 [0x0000000112baac80+0x304]
v  ~StubRoutines::call_stub
J 1590  sun.lwawt.macosx.LWCToolkit.doAWTRunLoopImpl(JZZ)V (0 bytes) @ 0x00000001129954c7 [0x0000000112995480+0x47]
J 1588 C1 sun.lwawt.macosx.LWCToolkit.invokeAndWait(Ljava/lang/Runnable;Ljava/awt/Component;)V (117 bytes) @ 0x00000001128e917c [0x00000001128e77a0+0x19dc]
J 1965 C1 sun.lwawt.macosx.CAccessibility.getAccessibleIndexInParent(Ljavax/accessibility/Accessible;Ljava/awt/Component;)I (25 bytes) @ 0x0000000112ba3f24 [0x0000000112ba3c20+0x304]
v  ~StubRoutines::call_stub
J 1590  sun.lwawt.macosx.LWCToolkit.doAWTRunLoopImpl(JZZ)V (0 bytes) @ 0x00000001129954c7 [0x0000000112995480+0x47]
J 1588 C1 sun.lwawt.macosx.LWCToolkit.invokeAndWait(Ljava/lang/Runnable;Ljava/awt/Component;)V (117 bytes) @ 0x00000001128e917c [0x00000001128e77a0+0x19dc]
J 1981 C1 sun.lwawt.macosx.CAccessibility.getAccessibleRole(Ljavax/accessibility/Accessible;Ljava/awt/Component;)Ljava/lang/String; (22 bytes) @ 0x0000000112baaf84 [0x0000000112baac80+0x304]
v  ~StubRoutines::call_stub
J 1590  sun.lwawt.macosx.LWCToolkit.doAWTRunLoopImpl(JZZ)V (0 bytes) @ 0x00000001129954c7 [0x0000000112995480+0x47]
J 1588 C1 sun.lwawt.macosx.LWCToolkit.invokeAndWait(Ljava/lang/Runnable;Ljava/awt/Component;)V (117 bytes) @ 0x00000001128e917c [0x00000001128e77a0+0x19dc]
J 1965 C1 sun.lwawt.macosx.CAccessibility.getAccessibleIndexInParent(Ljavax/accessibility/Accessible;Ljava/awt/Component;)I (25 bytes) @ 0x0000000112ba3f24 [0x0000000112ba3c20+0x304]
v  ~StubRoutines::call_stub
J 1590  sun.lwawt.macosx.LWCToolkit.doAWTRunLoopImpl(JZZ)V (0 bytes) @ 0x00000001129954c7 [0x0000000112995480+0x47]
J 1588 C1 sun.lwawt.macosx.LWCToolkit.invokeAndWait(Ljava/lang/Runnable;Ljava/awt/Component;)V (117 bytes) @ 0x00000001128e917c [0x00000001128e77a0+0x19dc]
J 1981 C1 sun.lwawt.macosx.CAccessibility.getAccessibleRole(Ljavax/accessibility/Accessible;Ljava/awt/Component;)Ljava/lang/String; (22 bytes) @ 0x0000000112baaf84 [0x0000000112baac80+0x304]
v  ~StubRoutines::call_stub
J 1590  sun.lwawt.macosx.LWCToolkit.doAWTRunLoopImpl(JZZ)V (0 bytes) @ 0x00000001129954c7 [0x0000000112995480+0x47]
J 1588 C1 sun.lwawt.macosx.LWCToolkit.invokeAndWait(Ljava/lang/Runnable;Ljava/awt/Component;)V (117 bytes) @ 0x00000001128e917c [0x00000001128e77a0+0x19dc]
J 1981 C1 sun.lwawt.macosx.CAccessibility.getAccessibleRole(Ljavax/accessibility/Accessible;Ljava/awt/Component;)Ljava/lang/String; (22 bytes) @ 0x0000000112baaf84 [0x0000000112baac80+0x304]
v  ~StubRoutines::call_stub
J 1590  sun.lwawt.macosx.LWCToolkit.doAWTRunLoopImpl(JZZ)V (0 bytes) @ 0x00000001129954c7 [0x0000000112995480+0x47]
J 1588 C1 sun.lwawt.macosx.LWCToolkit.invokeAndWait(Ljava/lang/Runnable;Ljava/awt/Component;)V (117 bytes) @ 0x00000001128e917c [0x00000001128e77a0+0x19dc]
J 1981 C1 sun.lwawt.macosx.CAccessibility.getAccessibleRole(Ljavax/accessibility/Accessible;Ljava/awt/Component;)Ljava/lang/String; (22 bytes) @ 0x0000000112baaf84 [0x0000000112baac80+0x304]
v  ~StubRoutines::call_stub
J 1590  sun.lwawt.macosx.LWCToolkit.doAWTRunLoopImpl(JZZ)V (0 bytes) @ 0x00000001129954c7 [0x0000000112995480+0x47]
J 1588 C1 sun.lwawt.macosx.LWCToolkit.invokeAndWait(Ljava/lang/Runnable;Ljava/awt/Component;)V (117 bytes) @ 0x00000001128e917c [0x00000001128e77a0+0x19dc]
J 1981 C1 sun.lwawt.macosx.CAccessibility.getAccessibleRole(Ljavax/accessibility/Accessible;Ljava/awt/Component;)Ljava/lang/String; (22 bytes) @ 0x0000000112baaf84 [0x0000000112baac80+0x304]
v  ~StubRoutines::call_stub
J 1590  sun.lwawt.macosx.LWCToolkit.doAWTRunLoopImpl(JZZ)V (0 bytes) @ 0x00000001129954c7 [0x0000000112995480+0x47]
J 1588 C1 sun.lwawt.macosx.LWCToolkit.invokeAndWait(Ljava/lang/Runnable;Ljava/awt/Component;)V (117 bytes) @ 0x00000001128e917c [0x00000001128e77a0+0x19dc]
J 1981 C1 sun.lwawt.macosx.CAccessibility.getAccessibleRole(Ljavax/accessibility/Accessible;Ljava/awt/Component;)Ljava/lang/String; (22 bytes) @ 0x0000000112baaf84 [0x0000000112baac80+0x304]
v  ~StubRoutines::call_stub
J 1590  sun.lwawt.macosx.LWCToolkit.doAWTRunLoopImpl(JZZ)V (0 bytes) @ 0x00000001129954c7 [0x0000000112995480+0x47]
J 1588 C1 sun.lwawt.macosx.LWCToolkit.invokeAndWait(Ljava/lang/Runnable;Ljava/awt/Component;)V (117 bytes) @ 0x00000001128e917c [0x00000001128e77a0+0x19dc]
J 1981 C1 sun.lwawt.macosx.CAccessibility.getAccessibleRole(Ljavax/accessibility/Accessible;Ljava/awt/Component;)Ljava/lang/String; (22 bytes) @ 0x0000000112baaf84 [0x0000000112baac80+0x304]
v  ~StubRoutines::call_stub
J 1590  sun.lwawt.macosx.LWCToolkit.doAWTRunLoopImpl(JZZ)V (0 bytes) @ 0x00000001129954c7 [0x0000000112995480+0x47]
J 1588 C1 sun.lwawt.macosx.LWCToolkit.invokeAndWait(Ljava/lang/Runnable;Ljava/awt/Component;)V (117 bytes) @ 0x00000001128e917c [0x00000001128e77a0+0x19dc]
J 1981 C1 sun.lwawt.macosx.CAccessibility.getAccessibleRole(Ljavax/accessibility/Accessible;Ljava/awt/Component;)Ljava/lang/String; (22 bytes) @ 0x0000000112baaf84 [0x0000000112baac80+0x304]
v  ~StubRoutines::call_stub
J 1590  sun.lwawt.macosx.LWCToolkit.doAWTRunLoopImpl(JZZ)V (0 bytes) @ 0x00000001129954c7 [0x0000000112995480+0x47]
J 1588 C1 sun.lwawt.macosx.LWCToolkit.invokeAndWait(Ljava/lang/Runnable;Ljava/awt/Component;)V (117 bytes) @ 0x00000001128e917c [0x00000001128e77a0+0x19dc]
J 1981 C1 sun.lwawt.macosx.CAccessibility.getAccessibleRole(Ljavax/accessibility/Accessible;Ljava/awt/Component;)Ljava/lang/String; (22 bytes) @ 0x0000000112baaf84 [0x0000000112baac80+0x304]
v  ~StubRoutines::call_stub
J 1590  sun.lwawt.macosx.LWCToolkit.doAWTRunLoopImpl(JZZ)V (0 bytes) @ 0x00000001129954c7 [0x0000000112995480+0x47]
J 1588 C1 sun.lwawt.macosx.LWCToolkit.invokeAndWait(Ljava/lang/Runnable;Ljava/awt/Component;)V (117 bytes) @ 0x00000001128e917c [0x00000001128e77a0+0x19dc]
J 1981 C1 sun.lwawt.macosx.CAccessibility.getAccessibleRole(Ljavax/accessibility/Accessible;Ljava/awt/Component;)Ljava/lang/String; (22 bytes) @ 0x0000000112baaf84 [0x0000000112baac80+0x304]
v  ~StubRoutines::call_stub
J 1590  sun.lwawt.macosx.LWCToolkit.doAWTRunLoopImpl(JZZ)V (0 bytes) @ 0x00000001129954c7 [0x0000000112995480+0x47]
J 1588 C1 sun.lwawt.macosx.LWCToolkit.invokeAndWait(Ljava/lang/Runnable;Ljava/awt/Component;)V (117 bytes) @ 0x00000001128e917c [0x00000001128e77a0+0x19dc]
J 1981 C1 sun.lwawt.macosx.CAccessibility.getAccessibleRole(Ljavax/accessibility/Accessible;Ljava/awt/Component;)Ljava/lang/String; (22 bytes) @ 0x0000000112baaf84 [0x0000000112baac80+0x304]
v  ~StubRoutines::call_stub
J 1590  sun.lwawt.macosx.LWCToolkit.doAWTRunLoopImpl(JZZ)V (0 bytes) @ 0x00000001129954c7 [0x0000000112995480+0x47]
J 1588 C1 sun.lwawt.macosx.LWCToolkit.invokeAndWait(Ljava/lang/Runnable;Ljava/awt/Component;)V (117 bytes) @ 0x00000001128e917c [0x00000001128e77a0+0x19dc]
J 1981 C1 sun.lwawt.macosx.CAccessibility.getAccessibleRole(Ljavax/accessibility/Accessible;Ljava/awt/Component;)Ljava/lang/String; (22 bytes) @ 0x0000000112baaf84 [0x0000000112baac80+0x304]
v  ~StubRoutines::call_stub
J 1590  sun.lwawt.macosx.LWCToolkit.doAWTRunLoopImpl(JZZ)V (0 bytes) @ 0x00000001129954c7 [0x0000000112995480+0x47]
J 1588 C1 sun.lwawt.macosx.LWCToolkit.invokeAndWait(Ljava/lang/Runnable;Ljava/awt/Component;)V (117 bytes) @ 0x00000001128e917c [0x00000001128e77a0+0x19dc]
J 1981 C1 sun.lwawt.macosx.CAccessibility.getAccessibleRole(Ljavax/accessibility/Accessible;Ljava/awt/Component;)Ljava/lang/String; (22 bytes) @ 0x0000000112baaf84 [0x0000000112baac80+0x304]
v  ~StubRoutines::call_stub
J 1590  sun.lwawt.macosx.LWCToolkit.doAWTRunLoopImpl(JZZ)V (0 bytes) @ 0x00000001129954c7 [0x0000000112995480+0x47]
J 1588 C1 sun.lwawt.macosx.LWCToolkit.invokeAndWait(Ljava/lang/Runnable;Ljava/awt/Component;)V (117 bytes) @ 0x00000001128e917c [0x00000001128e77a0+0x19dc]
J 1981 C1 sun.lwawt.macosx.CAccessibility.getAccessibleRole(Ljavax/accessibility/Accessible;Ljava/awt/Component;)Ljava/lang/String; (22 bytes) @ 0x0000000112baaf84 [0x0000000112baac80+0x304]
v  ~StubRoutines::call_stub
J 1590  sun.lwawt.macosx.LWCToolkit.doAWTRunLoopImpl(JZZ)V (0 bytes) @ 0x00000001129954c7 [0x0000000112995480+0x47]
J 1588 C1 sun.lwawt.macosx.LWCToolkit.invokeAndWait(Ljava/lang/Runnable;Ljava/awt/Component;)V (117 bytes) @ 0x00000001128e917c [0x00000001128e77a0+0x19dc]
J 1965 C1 sun.lwawt.macosx.CAccessibility.getAccessibleIndexInParent(Ljavax/accessibility/Accessible;Ljava/awt/Component;)I (25 bytes) @ 0x0000000112ba3f24 [0x0000000112ba3c20+0x304]
v  ~StubRoutines::call_stub
J 1590  sun.lwawt.macosx.LWCToolkit.doAWTRunLoopImpl(JZZ)V (0 bytes) @ 0x00000001129954c7 [0x0000000112995480+0x47]
J 1588 C1 sun.lwawt.macosx.LWCToolkit.invokeAndWait(Ljava/lang/Runnable;Ljava/awt/Component;)V (117 bytes) @ 0x00000001128e917c [0x00000001128e77a0+0x19dc]
J 1965 C1 sun.lwawt.macosx.CAccessibility.getAccessibleIndexInParent(Ljavax/accessibility/Accessible;Ljava/awt/Component;)I (25 bytes) @ 0x0000000112ba3f24 [0x0000000112ba3c20+0x304]
v  ~StubRoutines::call_stub
J 1590  sun.lwawt.macosx.LWCToolkit.doAWTRunLoopImpl(JZZ)V (0 bytes) @ 0x00000001129954c7 [0x0000000112995480+0x47]
J 1588 C1 sun.lwawt.macosx.LWCToolkit.invokeAndWait(Ljava/lang/Runnable;Ljava/awt/Component;)V (117 bytes) @ 0x00000001128e917c [0x00000001128e77a0+0x19dc]
J 1806 C1 sun.lwawt.macosx.CAccessibility.getFocusOwner(Ljava/awt/Component;)Ljavax/accessibility/Accessible; (15 bytes) @ 0x0000000112b418ec [0x0000000112b41640+0x2ac]
v  ~StubRoutines::call_stub
J 1590  sun.lwawt.macosx.LWCToolkit.doAWTRunLoopImpl(JZZ)V (0 bytes) @ 0x00000001129954c7 [0x0000000112995480+0x47]
J 1588 C1 sun.lwawt.macosx.LWCToolkit.invokeAndWait(Ljava/lang/Runnable;Ljava/awt/Component;)V (117 bytes) @ 0x00000001128e917c [0x00000001128e77a0+0x19dc]
J 1806 C1 sun.lwawt.macosx.CAccessibility.getFocusOwner(Ljava/awt/Component;)Ljavax/accessibility/Accessible; (15 bytes) @ 0x0000000112b418ec [0x0000000112b41640+0x2ac]
v  ~StubRoutines::call_stub
J 1590  sun.lwawt.macosx.LWCToolkit.doAWTRunLoopImpl(JZZ)V (0 bytes) @ 0x00000001129954c7 [0x0000000112995480+0x47]
J 1588 C1 sun.lwawt.macosx.LWCToolkit.invokeAndWait(Ljava/lang/Runnable;Ljava/awt/Component;)V (117 bytes) @ 0x00000001128e917c [0x00000001128e77a0+0x19dc]
J 1471 C1 sun.lwawt.macosx.CAccessibility.invokeAndWait(Ljava/util/concurrent/Callable;Ljava/awt/Component;)Ljava/lang/Object; (13 bytes) @ 0x0000000112a75abc [0x0000000112a75920+0x19c]
j  sun.lwawt.macosx.CAccessibility.getAccessibleName(Ljavax/accessibility/Accessible;Ljava/awt/Component;)Ljava/lang/String;+15
v  ~StubRoutines::call_stub
J 1590  sun.lwawt.macosx.LWCToolkit.doAWTRunLoopImpl(JZZ)V (0 bytes) @ 0x00000001129954c7 [0x0000000112995480+0x47]
J 1588 C1 sun.lwawt.macosx.LWCToolkit.invokeAndWait(Ljava/lang/Runnable;Ljava/awt/Component;)V (117 bytes) @ 0x00000001128e917c [0x00000001128e77a0+0x19dc]
J 1981 C1 sun.lwawt.macosx.CAccessibility.getAccessibleRole(Ljavax/accessibility/Accessible;Ljava/awt/Component;)Ljava/lang/String; (22 bytes) @ 0x0000000112baaf84 [0x0000000112baac80+0x304]
v  ~StubRoutines::call_stub
J 1590  sun.lwawt.macosx.LWCToolkit.doAWTRunLoopImpl(JZZ)V (0 bytes) @ 0x00000001129954c7 [0x0000000112995480+0x47]
J 1588 C1 sun.lwawt.macosx.LWCToolkit.invokeAndWait(Ljava/lang/Runnable;Ljava/awt/Component;)V (117 bytes) @ 0x00000001128e917c [0x00000001128e77a0+0x19dc]
J 1981 C1 sun.lwawt.macosx.CAccessibility.getAccessibleRole(Ljavax/accessibility/Accessible;Ljava/awt/Component;)Ljava/lang/String; (22 bytes) @ 0x0000000112baaf84 [0x0000000112baac80+0x304]
v  ~StubRoutines::call_stub
J 1590  sun.lwawt.macosx.LWCToolkit.doAWTRunLoopImpl(JZZ)V (0 bytes) @ 0x00000001129954c7 [0x0000000112995480+0x47]
J 1588 C1 sun.lwawt.macosx.LWCToolkit.invokeAndWait(Ljava/lang/Runnable;Ljava/awt/Component;)V (117 bytes) @ 0x00000001128e917c [0x00000001128e77a0+0x19dc]
J 1981 C1 sun.lwawt.macosx.CAccessibility.getAccessibleRole(Ljavax/accessibility/Accessible;Ljava/awt/Component;)Ljava/lang/String; (22 bytes) @ 0x0000000112baaf84 [0x0000000112baac80+0x304]
v  ~StubRoutines::call_stub
J 1590  sun.lwawt.macosx.LWCToolkit.doAWTRunLoopImpl(JZZ)V (0 bytes) @ 0x00000001129954c7 [0x0000000112995480+0x47]
J 1588 C1 sun.lwawt.macosx.LWCToolkit.invokeAndWait(Ljava/lang/Runnable;Ljava/awt/Component;)V (117 bytes) @ 0x00000001128e917c [0x00000001128e77a0+0x19dc]
J 1981 C1 sun.lwawt.macosx.CAccessibility.getAccessibleRole(Ljavax/accessibility/Accessible;Ljava/awt/Component;)Ljava/lang/String; (22 bytes) @ 0x0000000112baaf84 [0x0000000112baac80+0x304]
v  ~StubRoutines::call_stub
J 1590  sun.lwawt.macosx.LWCToolkit.doAWTRunLoopImpl(JZZ)V (0 bytes) @ 0x00000001129954c7 [0x0000000112995480+0x47]
J 1588 C1 sun.lwawt.macosx.LWCToolkit.invokeAndWait(Ljava/lang/Runnable;Ljava/awt/Component;)V (117 bytes) @ 0x00000001128e917c [0x00000001128e77a0+0x19dc]
J 1471 C1 sun.lwawt.macosx.CAccessibility.invokeAndWait(Ljava/util/concurrent/Callable;Ljava/awt/Component;)Ljava/lang/Object; (13 bytes) @ 0x0000000112a75abc [0x0000000112a75920+0x19c]
j  sun.lwawt.macosx.CAccessibility.getAccessibleValue(Ljavax/accessibility/Accessible;Ljava/awt/Component;)Ljavax/accessibility/AccessibleValue;+15
v  ~StubRoutines::call_stub
J 1590  sun.lwawt.macosx.LWCToolkit.doAWTRunLoopImpl(JZZ)V (0 bytes) @ 0x00000001129954c7 [0x0000000112995480+0x47]
J 1588 C1 sun.lwawt.macosx.LWCToolkit.invokeAndWait(Ljava/lang/Runnable;Ljava/awt/Component;)V (117 bytes) @ 0x00000001128e917c [0x00000001128e77a0+0x19dc]
J 1981 C1 sun.lwawt.macosx.CAccessibility.getAccessibleRole(Ljavax/accessibility/Accessible;Ljava/awt/Component;)Ljava/lang/String; (22 bytes) @ 0x0000000112baaf84 [0x0000000112baac80+0x304]
v  ~StubRoutines::call_stub
J 1590  sun.lwawt.macosx.LWCToolkit.doAWTRunLoopImpl(JZZ)V (0 bytes) @ 0x00000001129954c7 [0x0000000112995480+0x47]
J 1588 C1 sun.lwawt.macosx.LWCToolkit.invokeAndWait(Ljava/lang/Runnable;Ljava/awt/Component;)V (117 bytes) @ 0x00000001128e917c [0x00000001128e77a0+0x19dc]
J 1981 C1 sun.lwawt.macosx.CAccessibility.getAccessibleRole(Ljavax/accessibility/Accessible;Ljava/awt/Component;)Ljava/lang/String; (22 bytes) @ 0x0000000112baaf84 [0x0000000112baac80+0x304]
v  ~StubRoutines::call_stub
J 1590  sun.lwawt.macosx.LWCToolkit.doAWTRunLoopImpl(JZZ)V (0 bytes) @ 0x00000001129954c7 [0x0000000112995480+0x47]
J 1588 C1 sun.lwawt.macosx.LWCToolkit.invokeAndWait(Ljava/lang/Runnable;Ljava/awt/Component;)V (117 bytes) @ 0x00000001128e917c [0x00000001128e77a0+0x19dc]
J 1981 C1 sun.lwawt.macosx.CAccessibility.getAccessibleRole(Ljavax/accessibility/Accessible;Ljava/awt/Component;)Ljava/lang/String; (22 bytes) @ 0x0000000112baaf84 [0x0000000112baac80+0x304]
v  ~StubRoutines::call_stub
J 1590  sun.lwawt.macosx.LWCToolkit.doAWTRunLoopImpl(JZZ)V (0 bytes) @ 0x00000001129954c7 [0x0000000112995480+0x47]
J 1588 C1 sun.lwawt.macosx.LWCToolkit.invokeAndWait(Ljava/lang/Runnable;Ljava/awt/Component;)V (117 bytes) @ 0x00000001128e917c [0x00000001128e77a0+0x19dc]
J 1981 C1 sun.lwawt.macosx.CAccessibility.getAccessibleRole(Ljavax/accessibility/Accessible;Ljava/awt/Component;)Ljava/lang/String; (22 bytes) @ 0x0000000112baaf84 [0x0000000112baac80+0x304]
v  ~StubRoutines::call_stub
J 1590  sun.lwawt.macosx.LWCToolkit.doAWTRunLoopImpl(JZZ)V (0 bytes) @ 0x00000001129954c7 [0x0000000112995480+0x47]
J 1588 C1 sun.lwawt.macosx.LWCToolkit.invokeAndWait(Ljava/lang/Runnable;Ljava/awt/Component;)V (117 bytes) @ 0x00000001128e917c [0x00000001128e77a0+0x19dc]
J 1981 C1 sun.lwawt.macosx.CAccessibility.getAccessibleRole(Ljavax/accessibility/Accessible;Ljava/awt/Component;)Ljava/lang/String; (22 bytes) @ 0x0000000112baaf84 [0x0000000112baac80+0x304]
v  ~StubRoutines::call_stub
J 1590  sun.lwawt.macosx.LWCToolkit.doAWTRunLoopImpl(JZZ)V (0 bytes) @ 0x00000001129954c7 [0x0000000112995480+0x47]
J 1588 C1 sun.lwawt.macosx.LWCToolkit.invokeAndWait(Ljava/lang/Runnable;Ljava/awt/Component;)V (117 bytes) @ 0x00000001128e917c [0x00000001128e77a0+0x19dc]
J 1981 C1 sun.lwawt.macosx.CAccessibility.getAccessibleRole(Ljavax/accessibility/Accessible;Ljava/awt/Component;)Ljava/lang/String; (22 bytes) @ 0x0000000112baaf84 [0x0000000112baac80+0x304]
v  ~StubRoutines::call_stub
J 1590  sun.lwawt.macosx.LWCToolkit.doAWTRunLoopImpl(JZZ)V (0 bytes) @ 0x00000001129954c7 [0x0000000112995480+0x47]
J 1588 C1 sun.lwawt.macosx.LWCToolkit.invokeAndWait(Ljava/lang/Runnable;Ljava/awt/Component;)V (117 bytes) @ 0x00000001128e917c [0x00000001128e77a0+0x19dc]
J 1981 C1 sun.lwawt.macosx.CAccessibility.getAccessibleRole(Ljavax/accessibility/Accessible;Ljava/awt/Component;)Ljava/lang/String; (22 bytes) @ 0x0000000112baaf84 [0x0000000112baac80+0x304]
v  ~StubRoutines::call_stub
J 1590  sun.lwawt.macosx.LWCToolkit.doAWTRunLoopImpl(JZZ)V (0 bytes) @ 0x00000001129954c7 [0x0000000112995480+0x47]
J 1588 C1 sun.lwawt.macosx.LWCToolkit.invokeAndWait(Ljava/lang/Runnable;Ljava/awt/Component;)V (117 bytes) @ 0x00000001128e917c [0x00000001128e77a0+0x19dc]
J 1981 C1 sun.lwawt.macosx.CAccessibility.getAccessibleRole(Ljavax/accessibility/Accessible;Ljava/awt/Component;)Ljava/lang/String; (22 bytes) @ 0x0000000112baaf84 [0x0000000112baac80+0x304]
v  ~StubRoutines::call_stub
J 1590  sun.lwawt.macosx.LWCToolkit.doAWTRunLoopImpl(JZZ)V (0 bytes) @ 0x00000001129954c7 [0x0000000112995480+0x47]
J 1588 C1 sun.lwawt.macosx.LWCToolkit.invokeAndWait(Ljava/lang/Runnable;Ljava/awt/Component;)V (117 bytes) @ 0x00000001128e917c [0x00000001128e77a0+0x19dc]
J 1981 C1 sun.lwawt.macosx.CAccessibility.getAccessibleRole(Ljavax/accessibility/Accessible;Ljava/awt/Component;)Ljava/lang/String; (22 bytes) @ 0x0000000112baaf84 [0x0000000112baac80+0x304]
v  ~StubRoutines::call_stub
J 1590  sun.lwawt.macosx.LWCToolkit.doAWTRunLoopImpl(JZZ)V (0 bytes) @ 0x00000001129954c7 [0x0000000112995480+0x47]
J 1588 C1 sun.lwawt.macosx.LWCToolkit.invokeAndWait(Ljava/lang/Runnable;Ljava/awt/Component;)V (117 bytes) @ 0x00000001128e917c [0x00000001128e77a0+0x19dc]
J 1471 C1 sun.lwawt.macosx.CAccessibility.invokeAndWait(Ljava/util/concurrent/Callable;Ljava/awt/Component;)Ljava/lang/Object; (13 bytes) @ 0x0000000112a75abc [0x0000000112a75920+0x19c]
j  sun.lwawt.macosx.CAccessibility.getAccessibleRole(Ljavax/accessibility/Accessible;Ljava/awt/Component;)Ljava/lang/String;+15
v  ~StubRoutines::call_stub
J 1590  sun.lwawt.macosx.LWCToolkit.doAWTRunLoopImpl(JZZ)V (0 bytes) @ 0x00000001129954c7 [0x0000000112995480+0x47]
J 1588 C1 sun.lwawt.macosx.LWCToolkit.invokeAndWait(Ljava/lang/Runnable;Ljava/awt/Component;)V (117 bytes) @ 0x00000001128e917c [0x00000001128e77a0+0x19dc]
J 1471 C1 sun.lwawt.macosx.CAccessibility.invokeAndWait(Ljava/util/concurrent/Callable;Ljava/awt/Component;)Ljava/lang/Object; (13 bytes) @ 0x0000000112a75abc [0x0000000112a75920+0x19c]
j  sun.lwawt.macosx.CAccessibility.getAccessibleRole(Ljavax/accessibility/Accessible;Ljava/awt/Component;)Ljava/lang/String;+15
v  ~StubRoutines::call_stub
J 1590  sun.lwawt.macosx.LWCToolkit.doAWTRunLoopImpl(JZZ)V (0 bytes) @ 0x00000001129954c7 [0x0000000112995480+0x47]
J 1588 C1 sun.lwawt.macosx.LWCToolkit.invokeAndWait(Ljava/lang/Runnable;Ljava/awt/Component;)V (117 bytes) @ 0x00000001128e917c [0x00000001128e77a0+0x19dc]
J 1471 C1 sun.lwawt.macosx.CAccessibility.invokeAndWait(Ljava/util/concurrent/Callable;Ljava/awt/Component;)Ljava/lang/Object; (13 bytes) @ 0x0000000112a75abc [0x0000000112a75920+0x19c]
j  sun.lwawt.macosx.CAccessibility.getAccessibleRole(Ljavax/accessibility/Accessible;Ljava/awt/Component;)Ljava/lang/String;+15
v  ~StubRoutines::call_stub
J 1590  sun.lwawt.macosx.LWCToolkit.doAWTRunLoopImpl(JZZ)V (0 bytes) @ 0x00000001129954c7 [0x0000000112995480+0x47]
J 1588 C1 sun.lwawt.macosx.LWCToolkit.invokeAndWait(Ljava/lang/Runnable;Ljava/awt/Component;)V (117 bytes) @ 0x00000001128e917c [0x00000001128e77a0+0x19dc]
J 1471 C1 sun.lwawt.macosx.CAccessibility.invokeAndWait(Ljava/util/concurrent/Callable;Ljava/awt/Component;)Ljava/lang/Object; (13 bytes) @ 0x0000000112a75abc [0x0000000112a75920+0x19c]
j  sun.lwawt.macosx.CAccessibility.getAccessibleRole(Ljavax/accessibility/Accessible;Ljava/awt/Component;)Ljava/lang/String;+15
v  ~StubRoutines::call_stub
J 1590  sun.lwawt.macosx.LWCToolkit.doAWTRunLoopImpl(JZZ)V (0 bytes) @ 0x00000001129954c7 [0x0000000112995480+0x47]
J 1588 C1 sun.lwawt.macosx.LWCToolkit.invokeAndWait(Ljava/lang/Runnable;Ljava/awt/Component;)V (117 bytes) @ 0x00000001128e917c [0x00000001128e77a0+0x19dc]
J 1471 C1 sun.lwawt.macosx.CAccessibility.invokeAndWait(Ljava/util/concurrent/Callable;Ljava/awt/Component;)Ljava/lang/Object; (13 bytes) @ 0x0000000112a75abc [0x0000000112a75920+0x19c]
j  sun.lwawt.macosx.CAccessibility.getAccessibleRole(Ljavax/accessibility/Accessible;Ljava/awt/Component;)Ljava/lang/String;+15
v  ~StubRoutines::call_stub
J 1590  sun.lwawt.macosx.LWCToolkit.doAWTRunLoopImpl(JZZ)V (0 bytes) @ 0x00000001129954c7 [0x0000000112995480+0x47]
J 1588 C1 sun.lwawt.macosx.LWCToolkit.invokeAndWait(Ljava/lang/Runnable;Ljava/awt/Component;)V (117 bytes) @ 0x00000001128e917c [0x00000001128e77a0+0x19dc]
J 1471 C1 sun.lwawt.macosx.CAccessibility.invokeAndWait(Ljava/util/concurrent/Callable;Ljava/awt/Component;)Ljava/lang/Object; (13 bytes) @ 0x0000000112a75abc [0x0000000112a75920+0x19c]
j  sun.lwawt.macosx.CAccessibility.getAccessibleRole(Ljavax/accessibility/Accessible;Ljava/awt/Component;)Ljava/lang/String;+15
v  ~StubRoutines::call_stub
J 1590  sun.lwawt.macosx.LWCToolkit.doAWTRunLoopImpl(JZZ)V (0 bytes) @ 0x00000001129954c7 [0x0000000112995480+0x47]
J 1588 C1 sun.lwawt.macosx.LWCToolkit.invokeAndWait(Ljava/lang/Runnable;Ljava/awt/Component;)V (117 bytes) @ 0x00000001128e917c [0x00000001128e77a0+0x19dc]
J 1471 C1 sun.lwawt.macosx.CAccessibility.invokeAndWait(Ljava/util/concurrent/Callable;Ljava/awt/Component;)Ljava/lang/Object; (13 bytes) @ 0x0000000112a75abc [0x0000000112a75920+0x19c]
j  sun.lwawt.macosx.CAccessibility.getAccessibleRole(Ljavax/accessibility/Accessible;Ljava/awt/Component;)Ljava/lang/String;+15
v  ~StubRoutines::call_stub
J 1590  sun.lwawt.macosx.LWCToolkit.doAWTRunLoopImpl(JZZ)V (0 bytes) @ 0x00000001129954c7 [0x0000000112995480+0x47]
J 1588 C1 sun.lwawt.macosx.LWCToolkit.invokeAndWait(Ljava/lang/Runnable;Ljava/awt/Component;)V (117 bytes) @ 0x00000001128e917c [0x00000001128e77a0+0x19dc]
J 1471 C1 sun.lwawt.macosx.CAccessibility.invokeAndWait(Ljava/util/concurrent/Callable;Ljava/awt/Component;)Ljava/lang/Object; (13 bytes) @ 0x0000000112a75abc [0x0000000112a75920+0x19c]
j  sun.lwawt.macosx.CAccessibility.getAccessibleValue(Ljavax/accessibility/Accessible;Ljava/awt/Component;)Ljavax/accessibility/AccessibleValue;+15
v  ~StubRoutines::call_stub
J 1590  sun.lwawt.macosx.LWCToolkit.doAWTRunLoopImpl(JZZ)V (0 bytes) @ 0x00000001129954c7 [0x0000000112995480+0x47]
J 1588 C1 sun.lwawt.macosx.LWCToolkit.invokeAndWait(Ljava/lang/Runnable;Ljava/awt/Component;)V (117 bytes) @ 0x00000001128e917c [0x00000001128e77a0+0x19dc]
J 1471 C1 sun.lwawt.macosx.CAccessibility.invokeAndWait(Ljava/util/concurrent/Callable;Ljava/awt/Component;)Ljava/lang/Object; (13 bytes) @ 0x0000000112a75abc [0x0000000112a75920+0x19c]
j  sun.lwawt.macosx.CAccessibility.getAccessibleRole(Ljavax/accessibility/Accessible;Ljava/awt/Component;)Ljava/lang/String;+15
v  ~StubRoutines::call_stub
J 1590  sun.lwawt.macosx.LWCToolkit.doAWTRunLoopImpl(JZZ)V (0 bytes) @ 0x00000001129954c7 [0x0000000112995480+0x47]
J 1588 C1 sun.lwawt.macosx.LWCToolkit.invokeAndWait(Ljava/lang/Runnable;Ljava/awt/Component;)V (117 bytes) @ 0x00000001128e917c [0x00000001128e77a0+0x19dc]
J 1965 C1 sun.lwawt.macosx.CAccessibility.getAccessibleIndexInParent(Ljavax/accessibility/Accessible;Ljava/awt/Component;)I (25 bytes) @ 0x0000000112ba3f24 [0x0000000112ba3c20+0x304]
v  ~StubRoutines::call_stub
J 1590  sun.lwawt.macosx.LWCToolkit.doAWTRunLoopImpl(JZZ)V (0 bytes) @ 0x00000001129954c7 [0x0000000112995480+0x47]
J 1588 C1 sun.lwawt.macosx.LWCToolkit.invokeAndWait(Ljava/lang/Runnable;Ljava/awt/Component;)V (117 bytes) @ 0x00000001128e917c [0x00000001128e77a0+0x19dc]
J 1471 C1 sun.lwawt.macosx.CAccessibility.invokeAndWait(Ljava/util/concurrent/Callable;Ljava/awt/Component;)Ljava/lang/Object; (13 bytes) @ 0x0000000112a75abc [0x0000000112a75920+0x19c]
j  sun.lwawt.macosx.CAccessibility.getAccessibleRole(Ljavax/accessibility/Accessible;Ljava/awt/Component;)Ljava/lang/String;+15
v  ~StubRoutines::call_stub
J 1590  sun.lwawt.macosx.LWCToolkit.doAWTRunLoopImpl(JZZ)V (0 bytes) @ 0x00000001129954c7 [0x0000000112995480+0x47]
J 1588 C1 sun.lwawt.macosx.LWCToolkit.invokeAndWait(Ljava/lang/Runnable;Ljava/awt/Component;)V (117 bytes) @ 0x00000001128e917c [0x00000001128e77a0+0x19dc]
J 1471 C1 sun.lwawt.macosx.CAccessibility.invokeAndWait(Ljava/util/concurrent/Callable;Ljava/awt/Component;)Ljava/lang/Object; (13 bytes) @ 0x0000000112a75abc [0x0000000112a75920+0x19c]
j  sun.lwawt.macosx.CAccessibility.getAccessibleRole(Ljavax/accessibility/Accessible;Ljava/awt/Component;)Ljava/lang/String;+15
v  ~StubRoutines::call_stub
J 1590  sun.lwawt.macosx.LWCToolkit.doAWTRunLoopImpl(JZZ)V (0 bytes) @ 0x00000001129954c7 [0x0000000112995480+0x47]
J 1588 C1 sun.lwawt.macosx.LWCToolkit.invokeAndWait(Ljava/lang/Runnable;Ljava/awt/Component;)V (117 bytes) @ 0x00000001128e917c [0x00000001128e77a0+0x19dc]
J 1471 C1 sun.lwawt.macosx.CAccessibility.invokeAndWait(Ljava/util/concurrent/Callable;Ljava/awt/Component;)Ljava/lang/Object; (13 bytes) @ 0x0000000112a75abc [0x0000000112a75920+0x19c]
j  sun.lwawt.macosx.CAccessibility.getAccessibleRole(Ljavax/accessibility/Accessible;Ljava/awt/Component;)Ljava/lang/String;+15
v  ~StubRoutines::call_stub
J 1590  sun.lwawt.macosx.LWCToolkit.doAWTRunLoopImpl(JZZ)V (0 bytes) @ 0x00000001129954c7 [0x0000000112995480+0x47]
J 1588 C1 sun.lwawt.macosx.LWCToolkit.invokeAndWait(Ljava/lang/Runnable;Ljava/awt/Component;)V (117 bytes) @ 0x00000001128e917c [0x00000001128e77a0+0x19dc]
J 1471 C1 sun.lwawt.macosx.CAccessibility.invokeAndWait(Ljava/util/concurrent/Callable;Ljava/awt/Component;)Ljava/lang/Object; (13 bytes) @ 0x0000000112a75abc [0x0000000112a75920+0x19c]
j  sun.lwawt.macosx.CAccessibility.getAccessibleRole(Ljavax/accessibility/Accessible;Ljava/awt/Component;)Ljava/lang/String;+15
v  ~StubRoutines::call_stub
J 1590  sun.lwawt.macosx.LWCToolkit.doAWTRunLoopImpl(JZZ)V (0 bytes) @ 0x00000001129954c7 [0x0000000112995480+0x47]
J 1588 C1 sun.lwawt.macosx.LWCToolkit.invokeAndWait(Ljava/lang/Runnable;Ljava/awt/Component;)V (117 bytes) @ 0x00000001128e917c [0x00000001128e77a0+0x19dc]
J 1471 C1 sun.lwawt.macosx.CAccessibility.invokeAndWait(Ljava/util/concurrent/Callable;Ljava/awt/Component;)Ljava/lang/Object; (13 bytes) @ 0x0000000112a75abc [0x0000000112a75920+0x19c]
j  sun.lwawt.macosx.CAccessibility.getAccessibleRole(Ljavax/accessibility/Accessible;Ljava/awt/Component;)Ljava/lang/String;+15
v  ~StubRoutines::call_stub
J 1590  sun.lwawt.macosx.LWCToolkit.doAWTRunLoopImpl(JZZ)V (0 bytes) @ 0x00000001129954c7 [0x0000000112995480+0x47]
J 1588 C1 sun.lwawt.macosx.LWCToolkit.invokeAndWait(Ljava/lang/Runnable;Ljava/awt/Component;)V (117 bytes) @ 0x00000001128e917c [0x00000001128e77a0+0x19dc]
J 1471 C1 sun.lwawt.macosx.CAccessibility.invokeAndWait(Ljava/util/concurrent/Callable;Ljava/awt/Component;)Ljava/lang/Object; (13 bytes) @ 0x0000000112a75abc [0x0000000112a75920+0x19c]
j  sun.lwawt.macosx.CAccessibility.getAccessibleRole(Ljavax/accessibility/Accessible;Ljava/awt/Component;)Ljava/lang/String;+15
v  ~StubRoutines::call_stub
J 1590  sun.lwawt.macosx.LWCToolkit.doAWTRunLoopImpl(JZZ)V (0 bytes) @ 0x00000001129954c7 [0x0000000112995480+0x47]
J 1588 C1 sun.lwawt.macosx.LWCToolkit.invokeAndWait(Ljava/lang/Runnable;Ljava/awt/Component;)V (117 bytes) @ 0x00000001128e917c [0x00000001128e77a0+0x19dc]
J 1471 C1 sun.lwawt.macosx.CAccessibility.invokeAndWait(Ljava/util/concurrent/Callable;Ljava/awt/Component;)Ljava/lang/Object; (13 bytes) @ 0x0000000112a75abc [0x0000000112a75920+0x19c]
j  sun.lwawt.macosx.CAccessibility.getAccessibleRole(Ljavax/accessibility/Accessible;Ljava/awt/Component;)Ljava/lang/String;+15
v  ~StubRoutines::call_stub
J 1590  sun.lwawt.macosx.LWCToolkit.doAWTRunLoopImpl(JZZ)V (0 bytes) @ 0x00000001129954c7 [0x0000000112995480+0x47]
J 1588 C1 sun.lwawt.macosx.LWCToolkit.invokeAndWait(Ljava/lang/Runnable;Ljava/awt/Component;)V (117 bytes) @ 0x00000001128e917c [0x00000001128e77a0+0x19dc]
J 1965 C1 sun.lwawt.macosx.CAccessibility.getAccessibleIndexInParent(Ljavax/accessibility/Accessible;Ljava/awt/Component;)I (25 bytes) @ 0x0000000112ba3f24 [0x0000000112ba3c20+0x304]
v  ~StubRoutines::call_stub
J 1590  sun.lwawt.macosx.LWCToolkit.doAWTRunLoopImpl(JZZ)V (0 bytes) @ 0x00000001129954c7 [0x0000000112995480+0x47]
J 1588 C1 sun.lwawt.macosx.LWCToolkit.invokeAndWait(Ljava/lang/Runnable;Ljava/awt/Component;)V (117 bytes) @ 0x00000001128e917c [0x00000001128e77a0+0x19dc]
J 1471 C1 sun.lwawt.macosx.CAccessibility.invokeAndWait(Ljava/util/concurrent/Callable;Ljava/awt/Component;)Ljava/lang/Object; (13 bytes) @ 0x0000000112a75abc [0x0000000112a75920+0x19c]
j  sun.lwawt.macosx.CAccessibility.getAccessibleRole(Ljavax/accessibility/Accessible;Ljava/awt/Component;)Ljava/lang/String;+15
v  ~StubRoutines::call_stub
J 1590  sun.lwawt.macosx.LWCToolkit.doAWTRunLoopImpl(JZZ)V (0 bytes) @ 0x00000001129954c7 [0x0000000112995480+0x47]
J 1588 C1 sun.lwawt.macosx.LWCToolkit.invokeAndWait(Ljava/lang/Runnable;Ljava/awt/Component;)V (117 bytes) @ 0x00000001128e917c [0x00000001128e77a0+0x19dc]
J 1471 C1 sun.lwawt.macosx.CAccessibility.invokeAndWait(Ljava/util/concurrent/Callable;Ljava/awt/Component;)Ljava/lang/Object; (13 bytes) @ 0x0000000112a75abc [0x0000000112a75920+0x19c]
j  sun.lwawt.macosx.CAccessibility.getAccessibleRole(Ljavax/accessibility/Accessible;Ljava/awt/Component;)Ljava/lang/String;+15
v  ~StubRoutines::call_stub
J 1590  sun.lwawt.macosx.LWCToolkit.doAWTRunLoopImpl(JZZ)V (0 bytes) @ 0x00000001129954c7 [0x0000000112995480+0x47]
J 1588 C1 sun.lwawt.macosx.LWCToolkit.invokeAndWait(Ljava/lang/Runnable;Ljava/awt/Component;)V (117 bytes) @ 0x00000001128e917c [0x00000001128e77a0+0x19dc]
J 1471 C1 sun.lwawt.macosx.CAccessibility.invokeAndWait(Ljava/util/concurrent/Callable;Ljava/awt/Component;)Ljava/lang/Object; (13 bytes) @ 0x0000000112a75abc [0x0000000112a75920+0x19c]
j  sun.lwawt.macosx.CAccessibility.getAccessibleRole(Ljavax/accessibility/Accessible;Ljava/awt/Component;)Ljava/lang/String;+15
v  ~StubRoutines::call_stub
J 1590  sun.lwawt.macosx.LWCToolkit.doAWTRunLoopImpl(JZZ)V (0 bytes) @ 0x00000001129954c7 [0x0000000112995480+0x47]
J 1588 C1 sun.lwawt.macosx.LWCToolkit.invokeAndWait(Ljava/lang/Runnable;Ljava/awt/Component;)V (117 bytes) @ 0x00000001128e917c [0x00000001128e77a0+0x19dc]
J 1471 C1 sun.lwawt.macosx.CAccessibility.invokeAndWait(Ljava/util/concurrent/Callable;Ljava/awt/Component;)Ljava/lang/Object; (13 bytes) @ 0x0000000112a75abc [0x0000000112a75920+0x19c]
j  sun.lwawt.macosx.CAccessibility.getAccessibleRole(Ljavax/accessibility/Accessible;Ljava/awt/Component;)Ljava/lang/String;+15
v  ~StubRoutines::call_stub
J 1590  sun.lwawt.macosx.LWCToolkit.doAWTRunLoopImpl(JZZ)V (0 bytes) @ 0x00000001129954c7 [0x0000000112995480+0x47]
J 1588 C1 sun.lwawt.macosx.LWCToolkit.invokeAndWait(Ljava/lang/Runnable;Ljava/awt/Component;)V (117 bytes) @ 0x00000001128e917c [0x00000001128e77a0+0x19dc]
J 1471 C1 sun.lwawt.macosx.CAccessibility.invokeAndWait(Ljava/util/concurrent/Callable;Ljava/awt/Component;)Ljava/lang/Object; (13 bytes) @ 0x0000000112a75abc [0x0000000112a75920+0x19c]
j  sun.lwawt.macosx.CAccessibility.getAccessibleRole(Ljavax/accessibility/Accessible;Ljava/awt/Component;)Ljava/lang/String;+15
v  ~StubRoutines::call_stub
J 1590  sun.lwawt.macosx.LWCToolkit.doAWTRunLoopImpl(JZZ)V (0 bytes) @ 0x00000001129954c7 [0x0000000112995480+0x47]
J 1588 C1 sun.lwawt.macosx.LWCToolkit.invokeAndWait(Ljava/lang/Runnable;Ljava/awt/Component;)V (117 bytes) @ 0x00000001128e917c [0x00000001128e77a0+0x19dc]
J 1471 C1 sun.lwawt.macosx.CAccessibility.invokeAndWait(Ljava/util/concurrent/Callable;Ljava/awt/Component;)Ljava/lang/Object; (13 bytes) @ 0x0000000112a75abc [0x0000000112a75920+0x19c]
j  sun.lwawt.macosx.CAccessibility.getAccessibleRole(Ljavax/accessibility/Accessible;Ljava/awt/Component;)Ljava/lang/String;+15
v  ~StubRoutines::call_stub
J 1590  sun.lwawt.macosx.LWCToolkit.doAWTRunLoopImpl(JZZ)V (0 bytes) @ 0x00000001129954c7 [0x0000000112995480+0x47]
J 1588 C1 sun.lwawt.macosx.LWCToolkit.invokeAndWait(Ljava/lang/Runnable;Ljava/awt/Component;)V (117 bytes) @ 0x00000001128e917c [0x00000001128e77a0+0x19dc]
J 1471 C1 sun.lwawt.macosx.CAccessibility.invokeAndWait(Ljava/util/concurrent/Callable;Ljava/awt/Component;)Ljava/lang/Object; (13 bytes) @ 0x0000000112a75abc [0x0000000112a75920+0x19c]
j  sun.lwawt.macosx.CAccessibility.getAccessibleRole(Ljavax/accessibility/Accessible;Ljava/awt/Component;)Ljava/lang/String;+15
v  ~StubRoutines::call_stub
J 1590  sun.lwawt.macosx.LWCToolkit.doAWTRunLoopImpl(JZZ)V (0 bytes) @ 0x00000001129954c7 [0x0000000112995480+0x47]
J 1588 C1 sun.lwawt.macosx.LWCToolkit.invokeAndWait(Ljava/lang/Runnable;Ljava/awt/Component;)V (117 bytes) @ 0x00000001128e917c [0x00000001128e77a0+0x19dc]
J 1471 C1 sun.lwawt.macosx.CAccessibility.invokeAndWait(Ljava/util/concurrent/Callable;Ljava/awt/Component;)Ljava/lang/Object; (13 bytes) @ 0x0000000112a75abc [0x0000000112a75920+0x19c]
j  sun.lwawt.macosx.CAccessibility.getAccessibleRole(Ljavax/accessibility/Accessible;Ljava/awt/Component;)Ljava/lang/String;+15
v  ~StubRoutines::call_stub
J 1590  sun.lwawt.macosx.LWCToolkit.doAWTRunLoopImpl(JZZ)V (0 bytes) @ 0x00000001129954c7 [0x0000000112995480+0x47]
J 1588 C1 sun.lwawt.macosx.LWCToolkit.invokeAndWait(Ljava/lang/Runnable;Ljava/awt/Component;)V (117 bytes) @ 0x00000001128e917c [0x00000001128e77a0+0x19dc]
J 1471 C1 sun.lwawt.macosx.CAccessibility.invokeAndWait(Ljava/util/concurrent/Callable;Ljava/awt/Component;)Ljava/lang/Object; (13 bytes) @ 0x0000000112a75abc [0x0000000112a75920+0x19c]
j  sun.lwawt.macosx.CAccessibility.getAccessibleRole(Ljavax/accessibility/Accessible;Ljava/awt/Component;)Ljava/lang/String;+15
v  ~StubRoutines::call_stub
J 1590  sun.lwawt.macosx.LWCToolkit.doAWTRunLoopImpl(JZZ)V (0 bytes) @ 0x00000001129954c7 [0x0000000112995480+0x47]
J 1588 C1 sun.lwawt.macosx.LWCToolkit.invokeAndWait(Ljava/lang/Runnable;Ljava/awt/Component;)V (117 bytes) @ 0x00000001128e917c [0x00000001128e77a0+0x19dc]
J 1471 C1 sun.lwawt.macosx.CAccessibility.invokeAndWait(Ljava/util/concurrent/Callable;Ljava/awt/Component;)Ljava/lang/Object; (13 bytes) @ 0x0000000112a75abc [0x0000000112a75920+0x19c]
j  sun.lwawt.macosx.CAccessibility.getAccessibleRole(Ljavax/accessibility/Accessible;Ljava/awt/Component;)Ljava/lang/String;+15
v  ~StubRoutines::call_stub
J 1590  sun.lwawt.macosx.LWCToolkit.doAWTRunLoopImpl(JZZ)V (0 bytes) @ 0x00000001129954c7 [0x0000000112995480+0x47]
J 1588 C1 sun.lwawt.macosx.LWCToolkit.invokeAndWait(Ljava/lang/Runnable;Ljava/awt/Component;)V (117 bytes) @ 0x00000001128e917c [0x00000001128e77a0+0x19dc]
J 1471 C1 sun.lwawt.macosx.CAccessibility.invokeAndWait(Ljava/util/concurrent/Callable;Ljava/awt/Component;)Ljava/lang/Object; (13 bytes) @ 0x0000000112a75abc [0x0000000112a75920+0x19c]
j  sun.lwawt.macosx.CAccessibility.getAccessibleRole(Ljavax/accessibility/Accessible;Ljava/awt/Component;)Ljava/lang/String;+15
v  ~StubRoutines::call_stub
J 1590  sun.lwawt.macosx.LWCToolkit.doAWTRunLoopImpl(JZZ)V (0 bytes) @ 0x00000001129954c7 [0x0000000112995480+0x47]
J 1588 C1 sun.lwawt.macosx.LWCToolkit.invokeAndWait(Ljava/lang/Runnable;Ljava/awt/Component;)V (117 bytes) @ 0x00000001128e917c [0x00000001128e77a0+0x19dc]
J 1471 C1 sun.lwawt.macosx.CAccessibility.invokeAndWait(Ljava/util/concurrent/Callable;Ljava/awt/Component;)Ljava/lang/Object; (13 bytes) @ 0x0000000112a75abc [0x0000000112a75920+0x19c]
j  sun.lwawt.macosx.CAccessibility.getAccessibleRole(Ljavax/accessibility/Accessible;Ljava/awt/Component;)Ljava/lang/String;+15
v  ~StubRoutines::call_stub
J 1590  sun.lwawt.macosx.LWCToolkit.doAWTRunLoopImpl(JZZ)V (0 bytes) @ 0x00000001129954c7 [0x0000000112995480+0x47]
J 1588 C1 sun.lwawt.macosx.LWCToolkit.invokeAndWait(Ljava/lang/Runnable;Ljava/awt/Component;)V (117 bytes) @ 0x00000001128e917c [0x00000001128e77a0+0x19dc]
J 1471 C1 sun.lwawt.macosx.CAccessibility.invokeAndWait(Ljava/util/concurrent/Callable;Ljava/awt/Component;)Ljava/lang/Object; (13 bytes) @ 0x0000000112a75abc [0x0000000112a75920+0x19c]
j  sun.lwawt.macosx.CAccessibility.getAccessibleRole(Ljavax/accessibility/Accessible;Ljava/awt/Component;)Ljava/lang/String;+15
v  ~StubRoutines::call_stub
J 1590  sun.lwawt.macosx.LWCToolkit.doAWTRunLoopImpl(JZZ)V (0 bytes) @ 0x00000001129954c7 [0x0000000112995480+0x47]
J 1588 C1 sun.lwawt.macosx.LWCToolkit.invokeAndWait(Ljava/lang/Runnable;Ljava/awt/Component;)V (117 bytes) @ 0x00000001128e917c [0x00000001128e77a0+0x19dc]
J 1471 C1 sun.lwawt.macosx.CAccessibility.invokeAndWait(Ljava/util/concurrent/Callable;Ljava/awt/Component;)Ljava/lang/Object; (13 bytes) @ 0x0000000112a75abc [0x0000000112a75920+0x19c]
j  sun.lwawt.macosx.CAccessibility.getAccessibleRole(Ljavax/accessibility/Accessible;Ljava/awt/Component;)Ljava/lang/String;+15
v  ~StubRoutines::call_stub
J 1590  sun.lwawt.macosx.LWCToolkit.doAWTRunLoopImpl(JZZ)V (0 bytes) @ 0x00000001129954c7 [0x0000000112995480+0x47]
J 1588 C1 sun.lwawt.macosx.LWCToolkit.invokeAndWait(Ljava/lang/Runnable;Ljava/awt/Component;)V (117 bytes) @ 0x00000001128e917c [0x00000001128e77a0+0x19dc]
J 1471 C1 sun.lwawt.macosx.CAccessibility.invokeAndWait(Ljava/util/concurrent/Callable;Ljava/awt/Component;)Ljava/lang/Object; (13 bytes) @ 0x0000000112a75abc [0x0000000112a75920+0x19c]
j  sun.lwawt.macosx.CAccessibility.getAccessibleRole(Ljavax/accessibility/Accessible;Ljava/awt/Component;)Ljava/lang/String;+15
v  ~StubRoutines::call_stub
J 1590  sun.lwawt.macosx.LWCToolkit.doAWTRunLoopImpl(JZZ)V (0 bytes) @ 0x00000001129954c7 [0x0000000112995480+0x47]
J 1588 C1 sun.lwawt.macosx.LWCToolkit.invokeAndWait(Ljava/lang/Runnable;Ljava/awt/Component;)V (117 bytes) @ 0x00000001128e917c [0x00000001128e77a0+0x19dc]
J 1471 C1 sun.lwawt.macosx.CAccessibility.invokeAndWait(Ljava/util/concurrent/Callable;Ljava/awt/Component;)Ljava/lang/Object; (13 bytes) @ 0x0000000112a75abc [0x0000000112a75920+0x19c]
j  sun.lwawt.macosx.CAccessibility.getAccessibleRole(Ljavax/accessibility/Accessible;Ljava/awt/Component;)Ljava/lang/String;+15
v  ~StubRoutines::call_stub
J 1590  sun.lwawt.macosx.LWCToolkit.doAWTRunLoopImpl(JZZ)V (0 bytes) @ 0x00000001129954c7 [0x0000000112995480+0x47]
J 1588 C1 sun.lwawt.macosx.LWCToolkit.invokeAndWait(Ljava/lang/Runnable;Ljava/awt/Component;)V (117 bytes) @ 0x00000001128e917c [0x00000001128e77a0+0x19dc]
J 1471 C1 sun.lwawt.macosx.CAccessibility.invokeAndWait(Ljava/util/concurrent/Callable;Ljava/awt/Component;)Ljava/lang/Object; (13 bytes) @ 0x0000000112a75abc [0x0000000112a75920+0x19c]
j  sun.lwawt.macosx.CAccessibility.getAccessibleRole(Ljavax/accessibility/Accessible;Ljava/awt/Component;)Ljava/lang/String;+15
v  ~StubRoutines::call_stub
J 1590  sun.lwawt.macosx.LWCToolkit.doAWTRunLoopImpl(JZZ)V (0 bytes) @ 0x00000001129954c7 [0x0000000112995480+0x47]
J 1588 C1 sun.lwawt.macosx.LWCToolkit.invokeAndWait(Ljava/lang/Runnable;Ljava/awt/Component;)V (117 bytes) @ 0x00000001128e917c [0x00000001128e77a0+0x19dc]
J 1471 C1 sun.lwawt.macosx.CAccessibility.invokeAndWait(Ljava/util/concurrent/Callable;Ljava/awt/Component;)Ljava/lang/Object; (13 bytes) @ 0x0000000112a75abc [0x0000000112a75920+0x19c]
j  sun.lwawt.macosx.CAccessibility.getAccessibleRole(Ljavax/accessibility/Accessible;Ljava/awt/Component;)Ljava/lang/String;+15
v  ~StubRoutines::call_stub
J 1590  sun.lwawt.macosx.LWCToolkit.doAWTRunLoopImpl(JZZ)V (0 bytes) @ 0x00000001129954c7 [0x0000000112995480+0x47]
J 1588 C1 sun.lwawt.macosx.LWCToolkit.invokeAndWait(Ljava/lang/Runnable;Ljava/awt/Component;)V (117 bytes) @ 0x00000001128e917c [0x00000001128e77a0+0x19dc]
J 1471 C1 sun.lwawt.macosx.CAccessibility.invokeAndWait(Ljava/util/concurrent/Callable;Ljava/awt/Component;)Ljava/lang/Object; (13 bytes) @ 0x0000000112a75abc [0x0000000112a75920+0x19c]
j  sun.lwawt.macosx.CAccessibility.getAccessibleRole(Ljavax/accessibility/Accessible;Ljava/awt/Component;)Ljava/lang/String;+15
v  ~StubRoutines::call_stub
J 1590  sun.lwawt.macosx.LWCToolkit.doAWTRunLoopImpl(JZZ)V (0 bytes) @ 0x00000001129954c7 [0x0000000112995480+0x47]
J 1588 C1 sun.lwawt.macosx.LWCToolkit.invokeAndWait(Ljava/lang/Runnable;Ljava/awt/Component;)V (117 bytes) @ 0x00000001128e917c [0x00000001128e77a0+0x19dc]
J 1471 C1 sun.lwawt.macosx.CAccessibility.invokeAndWait(Ljava/util/concurrent/Callable;Ljava/awt/Component;)Ljava/lang/Object; (13 bytes) @ 0x0000000112a75abc [0x0000000112a75920+0x19c]
j  sun.lwawt.macosx.CAccessibility.getAccessibleRole(Ljavax/accessibility/Accessible;Ljava/awt/Component;)Ljava/lang/String;+15
v  ~StubRoutines::call_stub
J 1590  sun.lwawt.macosx.LWCToolkit.doAWTRunLoopImpl(JZZ)V (0 bytes) @ 0x00000001129954c7 [0x0000000112995480+0x47]
J 1588 C1 sun.lwawt.macosx.LWCToolkit.invokeAndWait(Ljava/lang/Runnable;Ljava/awt/Component;)V (117 bytes) @ 0x00000001128e917c [0x00000001128e77a0+0x19dc]
J 1471 C1 sun.lwawt.macosx.CAccessibility.invokeAndWait(Ljava/util/concurrent/Callable;Ljava/awt/Component;)Ljava/lang/Object; (13 bytes) @ 0x0000000112a75abc [0x0000000112a75920+0x19c]
j  sun.lwawt.macosx.CAccessibility.getAccessibleValue(Ljavax/accessibility/Accessible;Ljava/awt/Component;)Ljavax/accessibility/AccessibleValue;+15
v  ~StubRoutines::call_stub
J 1590  sun.lwawt.macosx.LWCToolkit.doAWTRunLoopImpl(JZZ)V (0 bytes) @ 0x00000001129954c7 [0x0000000112995480+0x47]
J 1588 C1 sun.lwawt.macosx.LWCToolkit.invokeAndWait(Ljava/lang/Runnable;Ljava/awt/Component;)V (117 bytes) @ 0x00000001128e917c [0x00000001128e77a0+0x19dc]
J 1471 C1 sun.lwawt.macosx.CAccessibility.invokeAndWait(Ljava/util/concurrent/Callable;Ljava/awt/Component;)Ljava/lang/Object; (13 bytes) @ 0x0000000112a75abc [0x0000000112a75920+0x19c]
j  sun.lwawt.macosx.CAccessibility.getAccessibleRole(Ljavax/accessibility/Accessible;Ljava/awt/Component;)Ljava/lang/String;+15
v  ~StubRoutines::call_stub
J 1590  sun.lwawt.macosx.LWCToolkit.doAWTRunLoopImpl(JZZ)V (0 bytes) @ 0x00000001129954c7 [0x0000000112995480+0x47]
J 1588 C1 sun.lwawt.macosx.LWCToolkit.invokeAndWait(Ljava/lang/Runnable;Ljava/awt/Component;)V (117 bytes) @ 0x00000001128e917c [0x00000001128e77a0+0x19dc]
J 1471 C1 sun.lwawt.macosx.CAccessibility.invokeAndWait(Ljava/util/concurrent/Callable;Ljava/awt/Component;)Ljava/lang/Object; (13 bytes) @ 0x0000000112a75abc [0x0000000112a75920+0x19c]
j  sun.lwawt.macosx.CAccessibility.getAccessibleRole(Ljavax/accessibility/Accessible;Ljava/awt/Component;)Ljava/lang/String;+15
v  ~StubRoutines::call_stub
J 1590  sun.lwawt.macosx.LWCToolkit.doAWTRunLoopImpl(JZZ)V (0 bytes) @ 0x00000001129954c7 [0x0000000112995480+0x47]
J 1588 C1 sun.lwawt.macosx.LWCToolkit.invokeAndWait(Ljava/lang/Runnable;Ljava/awt/Component;)V (117 bytes) @ 0x00000001128e917c [0x00000001128e77a0+0x19dc]
J 1471 C1 sun.lwawt.macosx.CAccessibility.invokeAndWait(Ljava/util/concurrent/Callable;Ljava/awt/Component;)Ljava/lang/Object; (13 bytes) @ 0x0000000112a75abc [0x0000000112a75920+0x19c]
j  sun.lwawt.macosx.CAccessibility.getAccessibleRole(Ljavax/accessibility/Accessible;Ljava/awt/Component;)Ljava/lang/String;+15
v  ~StubRoutines::call_stub
J 1590  sun.lwawt.macosx.LWCToolkit.doAWTRunLoopImpl(JZZ)V (0 bytes) @ 0x00000001129954c7 [0x0000000112995480+0x47]
J 1588 C1 sun.lwawt.macosx.LWCToolkit.invokeAndWait(Ljava/lang/Runnable;Ljava/awt/Component;)V (117 bytes) @ 0x00000001128e917c [0x00000001128e77a0+0x19dc]
J 1471 C1 sun.lwawt.macosx.CAccessibility.invokeAndWait(Ljava/util/concurrent/Callable;Ljava/awt/Component;)Ljava/lang/Object; (13 bytes) @ 0x0000000112a75abc [0x0000000112a75920+0x19c]
j  sun.lwawt.macosx.CAccessibility.getAccessibleRole(Ljavax/accessibility/Accessible;Ljava/awt/Component;)Ljava/lang/String;+15
v  ~StubRoutines::call_stub
J 1590  sun.lwawt.macosx.LWCToolkit.doAWTRunLoopImpl(JZZ)V (0 bytes) @ 0x00000001129954c7 [0x0000000112995480+0x47]
J 1588 C1 sun.lwawt.macosx.LWCToolkit.invokeAndWait(Ljava/lang/Runnable;Ljava/awt/Component;)V (117 bytes) @ 0x00000001128e917c [0x00000001128e77a0+0x19dc]
J 1471 C1 sun.lwawt.macosx.CAccessibility.invokeAndWait(Ljava/util/concurrent/Callable;Ljava/awt/Component;)Ljava/lang/Object; (13 bytes) @ 0x0000000112a75abc [0x0000000112a75920+0x19c]
j  sun.lwawt.macosx.CAccessibility.getAccessibleRole(Ljavax/accessibility/Accessible;Ljava/awt/Component;)Ljava/lang/String;+15
v  ~StubRoutines::call_stub
J 1590  sun.lwawt.macosx.LWCToolkit.doAWTRunLoopImpl(JZZ)V (0 bytes) @ 0x00000001129954c7 [0x0000000112995480+0x47]
J 1588 C1 sun.lwawt.macosx.LWCToolkit.invokeAndWait(Ljava/lang/Runnable;Ljava/awt/Component;)V (117 bytes) @ 0x00000001128e917c [0x00000001128e77a0+0x19dc]
J 1471 C1 sun.lwawt.macosx.CAccessibility.invokeAndWait(Ljava/util/concurrent/Callable;Ljava/awt/Component;)Ljava/lang/Object; (13 bytes) @ 0x0000000112a75abc [0x0000000112a75920+0x19c]
j  sun.lwawt.macosx.CAccessibility.getAccessibleValue(Ljavax/accessibility/Accessible;Ljava/awt/Component;)Ljavax/accessibility/AccessibleValue;+15
v  ~StubRoutines::call_stub
J 1590  sun.lwawt.macosx.LWCToolkit.doAWTRunLoopImpl(JZZ)V (0 bytes) @ 0x00000001129954c7 [0x0000000112995480+0x47]
J 1588 C1 sun.lwawt.macosx.LWCToolkit.invokeAndWait(Ljava/lang/Runnable;Ljava/awt/Component;)V (117 bytes) @ 0x00000001128e917c [0x00000001128e77a0+0x19dc]
J 1471 C1 sun.lwawt.macosx.CAccessibility.invokeAndWait(Ljava/util/concurrent/Callable;Ljava/awt/Component;)Ljava/lang/Object; (13 bytes) @ 0x0000000112a75abc [0x0000000112a75920+0x19c]
j  sun.lwawt.macosx.CAccessibility.getAccessibleRole(Ljavax/accessibility/Accessible;Ljava/awt/Component;)Ljava/lang/String;+15
v  ~StubRoutines::call_stub
J 1590  sun.lwawt.macosx.LWCToolkit.doAWTRunLoopImpl(JZZ)V (0 bytes) @ 0x00000001129954c7 [0x0000000112995480+0x47]
J 1588 C1 sun.lwawt.macosx.LWCToolkit.invokeAndWait(Ljava/lang/Runnable;Ljava/awt/Component;)V (117 bytes) @ 0x00000001128e917c [0x00000001128e77a0+0x19dc]
J 1471 C1 sun.lwawt.macosx.CAccessibility.invokeAndWait(Ljava/util/concurrent/Callable;Ljava/awt/Component;)Ljava/lang/Object; (13 bytes) @ 0x0000000112a75abc [0x0000000112a75920+0x19c]
j  sun.lwawt.macosx.CAccessibility.getAccessibleRole(Ljavax/accessibility/Accessible;Ljava/awt/Component;)Ljava/lang/String;+15
v  ~StubRoutines::call_stub
J 1590  sun.lwawt.macosx.LWCToolkit.doAWTRunLoopImpl(JZZ)V (0 bytes) @ 0x00000001129954c7 [0x0000000112995480+0x47]
J 1588 C1 sun.lwawt.macosx.LWCToolkit.invokeAndWait(Ljava/lang/Runnable;Ljava/awt/Component;)V (117 bytes) @ 0x00000001128e917c [0x00000001128e77a0+0x19dc]
J 1471 C1 sun.lwawt.macosx.CAccessibility.invokeAndWait(Ljava/util/concurrent/Callable;Ljava/awt/Component;)Ljava/lang/Object; (13 bytes) @ 0x0000000112a75abc [0x0000000112a75920+0x19c]
j  sun.lwawt.macosx.CAccessibility.getAccessibleRole(Ljavax/accessibility/Accessible;Ljava/awt/Component;)Ljava/lang/String;+15
v  ~StubRoutines::call_stub
J 1590  sun.lwawt.macosx.LWCToolkit.doAWTRunLoopImpl(JZZ)V (0 bytes) @ 0x00000001129954c7 [0x0000000112995480+0x47]
J 1588 C1 sun.lwawt.macosx.LWCToolkit.invokeAndWait(Ljava/lang/Runnable;Ljava/awt/Component;)V (117 bytes) @ 0x00000001128e917c [0x00000001128e77a0+0x19dc]
J 1471 C1 sun.lwawt.macosx.CAccessibility.invokeAndWait(Ljava/util/concurrent/Callable;Ljava/awt/Component;)Ljava/lang/Object; (13 bytes) @ 0x0000000112a75abc [0x0000000112a75920+0x19c]
j  sun.lwawt.macosx.CAccessibility.getAccessibleRole(Ljavax/accessibility/Accessible;Ljava/awt/Component;)Ljava/lang/String;+15
v  ~StubRoutines::call_stub
J 1590  sun.lwawt.macosx.LWCToolkit.doAWTRunLoopImpl(JZZ)V (0 bytes) @ 0x00000001129954c7 [0x0000000112995480+0x47]
J 1588 C1 sun.lwawt.macosx.LWCToolkit.invokeAndWait(Ljava/lang/Runnable;Ljava/awt/Component;)V (117 bytes) @ 0x00000001128e917c [0x00000001128e77a0+0x19dc]
J 1471 C1 sun.lwawt.macosx.CAccessibility.invokeAndWait(Ljava/util/concurrent/Callable;Ljava/awt/Component;)Ljava/lang/Object; (13 bytes) @ 0x0000000112a75abc [0x0000000112a75920+0x19c]
j  sun.lwawt.macosx.CAccessibility.getAccessibleRole(Ljavax/accessibility/Accessible;Ljava/awt/Component;)Ljava/lang/String;+15
v  ~StubRoutines::call_stub
J 1590  sun.lwawt.macosx.LWCToolkit.doAWTRunLoopImpl(JZZ)V (0 bytes) @ 0x00000001129954c7 [0x0000000112995480+0x47]
J 1588 C1 sun.lwawt.macosx.LWCToolkit.invokeAndWait(Ljava/lang/Runnable;Ljava/awt/Component;)V (117 bytes) @ 0x00000001128e917c [0x00000001128e77a0+0x19dc]
J 1471 C1 sun.lwawt.macosx.CAccessibility.invokeAndWait(Ljava/util/concurrent/Callable;Ljava/awt/Component;)Ljava/lang/Object; (13 bytes) @ 0x0000000112a75abc [0x0000000112a75920+0x19c]
j  sun.lwawt.macosx.CAccessibility.getAccessibleValue(Ljavax/accessibility/Accessible;Ljava/awt/Component;)Ljavax/accessibility/AccessibleValue;+15
v  ~StubRoutines::call_stub
J 1590  sun.lwawt.macosx.LWCToolkit.doAWTRunLoopImpl(JZZ)V (0 bytes) @ 0x00000001129954c7 [0x0000000112995480+0x47]
J 1588 C1 sun.lwawt.macosx.LWCToolkit.invokeAndWait(Ljava/lang/Runnable;Ljava/awt/Component;)V (117 bytes) @ 0x00000001128e917c [0x00000001128e77a0+0x19dc]
J 1471 C1 sun.lwawt.macosx.CAccessibility.invokeAndWait(Ljava/util/concurrent/Callable;Ljava/awt/Component;)Ljava/lang/Object; (13 bytes) @ 0x0000000112a75abc [0x0000000112a75920+0x19c]
j  sun.lwawt.macosx.CAccessibility.getAccessibleIndexInParent(Ljavax/accessibility/Accessible;Ljava/awt/Component;)I+15
v  ~StubRoutines::call_stub
J 1590  sun.lwawt.macosx.LWCToolkit.doAWTRunLoopImpl(JZZ)V (0 bytes) @ 0x00000001129954c7 [0x0000000112995480+0x47]
J 1588 C1 sun.lwawt.macosx.LWCToolkit.invokeAndWait(Ljava/lang/Runnable;Ljava/awt/Component;)V (117 bytes) @ 0x00000001128e917c [0x00000001128e77a0+0x19dc]
J 1471 C1 sun.lwawt.macosx.CAccessibility.invokeAndWait(Ljava/util/concurrent/Callable;Ljava/awt/Component;)Ljava/lang/Object; (13 bytes) @ 0x0000000112a75abc [0x0000000112a75920+0x19c]
j  sun.lwawt.macosx.CAccessibility.getAccessibleRole(Ljavax/accessibility/Accessible;Ljava/awt/Component;)Ljava/lang/String;+15
v  ~StubRoutines::call_stub
J 1590  sun.lwawt.macosx.LWCToolkit.doAWTRunLoopImpl(JZZ)V (0 bytes) @ 0x00000001129954c7 [0x0000000112995480+0x47]
J 1588 C1 sun.lwawt.macosx.LWCToolkit.invokeAndWait(Ljava/lang/Runnable;Ljava/awt/Component;)V (117 bytes) @ 0x00000001128e917c [0x00000001128e77a0+0x19dc]
J 1471 C1 sun.lwawt.macosx.CAccessibility.invokeAndWait(Ljava/util/concurrent/Callable;Ljava/awt/Component;)Ljava/lang/Object; (13 bytes) @ 0x0000000112a75abc [0x0000000112a75920+0x19c]
j  sun.lwawt.macosx.CAccessibility.getAccessibleRole(Ljavax/accessibility/Accessible;Ljava/awt/Component;)Ljava/lang/String;+15
v  ~StubRoutines::call_stub
J 1590  sun.lwawt.macosx.LWCToolkit.doAWTRunLoopImpl(JZZ)V (0 bytes) @ 0x00000001129954c7 [0x0000000112995480+0x47]
J 1588 C1 sun.lwawt.macosx.LWCToolkit.invokeAndWait(Ljava/lang/Runnable;Ljava/awt/Component;)V (117 bytes) @ 0x00000001128e917c [0x00000001128e77a0+0x19dc]
J 1471 C1 sun.lwawt.macosx.CAccessibility.invokeAndWait(Ljava/util/concurrent/Callable;Ljava/awt/Component;)Ljava/lang/Object; (13 bytes) @ 0x0000000112a75abc [0x0000000112a75920+0x19c]
j  sun.lwawt.macosx.CAccessibility.getAccessibleRole(Ljavax/accessibility/Accessible;Ljava/awt/Component;)Ljava/lang/String;+15
v  ~StubRoutines::call_stub
J 1590  sun.lwawt.macosx.LWCToolkit.doAWTRunLoopImpl(JZZ)V (0 bytes) @ 0x00000001129954c7 [0x0000000112995480+0x47]
J 1588 C1 sun.lwawt.macosx.LWCToolkit.invokeAndWait(Ljava/lang/Runnable;Ljava/awt/Component;)V (117 bytes) @ 0x00000001128e917c [0x00000001128e77a0+0x19dc]
J 1471 C1 sun.lwawt.macosx.CAccessibility.invokeAndWait(Ljava/util/concurrent/Callable;Ljava/awt/Component;)Ljava/lang/Object; (13 bytes) @ 0x0000000112a75abc [0x0000000112a75920+0x19c]
j  sun.lwawt.macosx.CAccessibility.getAccessibleRole(Ljavax/accessibility/Accessible;Ljava/awt/Component;)Ljava/lang/String;+15
v  ~StubRoutines::call_stub
J 1590  sun.lwawt.macosx.LWCToolkit.doAWTRunLoopImpl(JZZ)V (0 bytes) @ 0x00000001129954c7 [0x0000000112995480+0x47]
J 1588 C1 sun.lwawt.macosx.LWCToolkit.invokeAndWait(Ljava/lang/Runnable;Ljava/awt/Component;)V (117 bytes) @ 0x00000001128e917c [0x00000001128e77a0+0x19dc]
J 1471 C1 sun.lwawt.macosx.CAccessibility.invokeAndWait(Ljava/util/concurrent/Callable;Ljava/awt/Component;)Ljava/lang/Object; (13 bytes) @ 0x0000000112a75abc [0x0000000112a75920+0x19c]
j  sun.lwawt.macosx.CAccessibility.getAccessibleRole(Ljavax/accessibility/Accessible;Ljava/awt/Component;)Ljava/lang/String;+15
v  ~StubRoutines::call_stub
J 1590  sun.lwawt.macosx.LWCToolkit.doAWTRunLoopImpl(JZZ)V (0 bytes) @ 0x00000001129954c7 [0x0000000112995480+0x47]
J 1588 C1 sun.lwawt.macosx.LWCToolkit.invokeAndWait(Ljava/lang/Runnable;Ljava/awt/Component;)V (117 bytes) @ 0x00000001128e917c [0x00000001128e77a0+0x19dc]
J 1471 C1 sun.lwawt.macosx.CAccessibility.invokeAndWait(Ljava/util/concurrent/Callable;Ljava/awt/Component;)Ljava/lang/Object; (13 bytes) @ 0x0000000112a75abc [0x0000000112a75920+0x19c]
j  sun.lwawt.macosx.CAccessibility.getAccessibleRole(Ljavax/accessibility/Accessible;Ljava/awt/Component;)Ljava/lang/String;+15
v  ~StubRoutines::call_stub
J 1590  sun.lwawt.macosx.LWCToolkit.doAWTRunLoopImpl(JZZ)V (0 bytes) @ 0x00000001129954c7 [0x0000000112995480+0x47]
J 1588 C1 sun.lwawt.macosx.LWCToolkit.invokeAndWait(Ljava/lang/Runnable;Ljava/awt/Component;)V (117 bytes) @ 0x00000001128e917c [0x00000001128e77a0+0x19dc]
J 1471 C1 sun.lwawt.macosx.CAccessibility.invokeAndWait(Ljava/util/concurrent/Callable;Ljava/awt/Component;)Ljava/lang/Object; (13 bytes) @ 0x0000000112a75abc [0x0000000112a75920+0x19c]
j  sun.lwawt.macosx.CAccessibility.getAccessibleRole(Ljavax/accessibility/Accessible;Ljava/awt/Component;)Ljava/lang/String;+15
v  ~StubRoutines::call_stub
J 1590  sun.lwawt.macosx.LWCToolkit.doAWTRunLoopImpl(JZZ)V (0 bytes) @ 0x00000001129954c7 [0x0000000112995480+0x47]
J 1588 C1 sun.lwawt.macosx.LWCToolkit.invokeAndWait(Ljava/lang/Runnable;Ljava/awt/Component;)V (117 bytes) @ 0x00000001128e917c [0x00000001128e77a0+0x19dc]
J 1471 C1 sun.lwawt.macosx.CAccessibility.invokeAndWait(Ljava/util/concurrent/Callable;Ljava/awt/Component;)Ljava/lang/Object; (13 bytes) @ 0x0000000112a75abc [0x0000000112a75920+0x19c]
j  sun.lwawt.macosx.CAccessibility.getAccessibleRole(Ljavax/accessibility/Accessible;Ljava/awt/Component;)Ljava/lang/String;+15
v  ~StubRoutines::call_stub
J 1590  sun.lwawt.macosx.LWCToolkit.doAWTRunLoopImpl(JZZ)V (0 bytes) @ 0x00000001129954c7 [0x0000000112995480+0x47]
J 1588 C1 sun.lwawt.macosx.LWCToolkit.invokeAndWait(Ljava/lang/Runnable;Ljava/awt/Component;)V (117 bytes) @ 0x00000001128e917c [0x00000001128e77a0+0x19dc]
J 1471 C1 sun.lwawt.macosx.CAccessibility.invokeAndWait(Ljava/util/concurrent/Callable;Ljava/awt/Component;)Ljava/lang/Object; (13 bytes) @ 0x0000000112a75abc [0x0000000112a75920+0x19c]
j  sun.lwawt.macosx.CAccessibility.getAccessibleRole(Ljavax/accessibility/Accessible;Ljava/awt/Component;)Ljava/lang/String;+15
v  ~StubRoutines::call_stub
J 1590  sun.lwawt.macosx.LWCToolkit.doAWTRunLoopImpl(JZZ)V (0 bytes) @ 0x00000001129954c7 [0x0000000112995480+0x47]
J 1588 C1 sun.lwawt.macosx.LWCToolkit.invokeAndWait(Ljava/lang/Runnable;Ljava/awt/Component;)V (117 bytes) @ 0x00000001128e917c [0x00000001128e77a0+0x19dc]
J 1471 C1 sun.lwawt.macosx.CAccessibility.invokeAndWait(Ljava/util/concurrent/Callable;Ljava/awt/Component;)Ljava/lang/Object; (13 bytes) @ 0x0000000112a75abc [0x0000000112a75920+0x19c]
j  sun.lwawt.macosx.CAccessibility.getAccessibleRole(Ljavax/accessibility/Accessible;Ljava/awt/Component;)Ljava/lang/String;+15
v  ~StubRoutines::call_stub
J 1590  sun.lwawt.macosx.LWCToolkit.doAWTRunLoopImpl(JZZ)V (0 bytes) @ 0x00000001129954c7 [0x0000000112995480+0x47]
J 1588 C1 sun.lwawt.macosx.LWCToolkit.invokeAndWait(Ljava/lang/Runnable;Ljava/awt/Component;)V (117 bytes) @ 0x00000001128e917c [0x00000001128e77a0+0x19dc]
J 1471 C1 sun.lwawt.macosx.CAccessibility.invokeAndWait(Ljava/util/concurrent/Callable;Ljava/awt/Component;)Ljava/lang/Object; (13 bytes) @ 0x0000000112a75abc [0x0000000112a75920+0x19c]
j  sun.lwawt.macosx.CAccessibility.getAccessibleValue(Ljavax/accessibility/Accessible;Ljava/awt/Component;)Ljavax/accessibility/AccessibleValue;+15
v  ~StubRoutines::call_stub
J 1590  sun.lwawt.macosx.LWCToolkit.doAWTRunLoopImpl(JZZ)V (0 bytes) @ 0x00000001129954c7 [0x0000000112995480+0x47]
J 1588 C1 sun.lwawt.macosx.LWCToolkit.invokeAndWait(Ljava/lang/Runnable;Ljava/awt/Component;)V (117 bytes) @ 0x00000001128e917c [0x00000001128e77a0+0x19dc]
J 1471 C1 sun.lwawt.macosx.CAccessibility.invokeAndWait(Ljava/util/concurrent/Callable;Ljava/awt/Component;)Ljava/lang/Object; (13 bytes) @ 0x0000000112a75abc [0x0000000112a75920+0x19c]
j  sun.lwawt.macosx.CAccessibility.getAccessibleIndexInParent(Ljavax/accessibility/Accessible;Ljava/awt/Component;)I+15
v  ~StubRoutines::call_stub
J 1590  sun.lwawt.macosx.LWCToolkit.doAWTRunLoopImpl(JZZ)V (0 bytes) @ 0x00000001129954c7 [0x0000000112995480+0x47]
J 1588 C1 sun.lwawt.macosx.LWCToolkit.invokeAndWait(Ljava/lang/Runnable;Ljava/awt/Component;)V (117 bytes) @ 0x00000001128e917c [0x00000001128e77a0+0x19dc]
J 1471 C1 sun.lwawt.macosx.CAccessibility.invokeAndWait(Ljava/util/concurrent/Callable;Ljava/awt/Component;)Ljava/lang/Object; (13 bytes) @ 0x0000000112a75abc [0x0000000112a75920+0x19c]
j  sun.lwawt.macosx.CAccessibility.getAccessibleRole(Ljavax/accessibility/Accessible;Ljava/awt/Component;)Ljava/lang/String;+15
v  ~StubRoutines::call_stub
J 1590  sun.lwawt.macosx.LWCToolkit.doAWTRunLoopImpl(JZZ)V (0 bytes) @ 0x00000001129954c7 [0x0000000112995480+0x47]
J 1588 C1 sun.lwawt.macosx.LWCToolkit.invokeAndWait(Ljava/lang/Runnable;Ljava/awt/Component;)V (117 bytes) @ 0x00000001128e917c [0x00000001128e77a0+0x19dc]
J 1471 C1 sun.lwawt.macosx.CAccessibility.invokeAndWait(Ljava/util/concurrent/Callable;Ljava/awt/Component;)Ljava/lang/Object; (13 bytes) @ 0x0000000112a75abc [0x0000000112a75920+0x19c]
j  sun.lwawt.macosx.CAccessibility.getAccessibleRole(Ljavax/accessibility/Accessible;Ljava/awt/Component;)Ljava/lang/String;+15
v  ~StubRoutines::call_stub
J 1590  sun.lwawt.macosx.LWCToolkit.doAWTRunLoopImpl(JZZ)V (0 bytes) @ 0x00000001129954c7 [0x0000000112995480+0x47]
J 1588 C1 sun.lwawt.macosx.LWCToolkit.invokeAndWait(Ljava/lang/Runnable;Ljava/awt/Component;)V (117 bytes) @ 0x00000001128e917c [0x00000001128e77a0+0x19dc]
J 1471 C1 sun.lwawt.macosx.CAccessibility.invokeAndWait(Ljava/util/concurrent/Callable;Ljava/awt/Component;)Ljava/lang/Object; (13 bytes) @ 0x0000000112a75abc [0x0000000112a75920+0x19c]
j  sun.lwawt.macosx.CAccessibility.getAccessibleRole(Ljavax/accessibility/Accessible;Ljava/awt/Component;)Ljava/lang/String;+15
v  ~StubRoutines::call_stub
J 1590  sun.lwawt.macosx.LWCToolkit.doAWTRunLoopImpl(JZZ)V (0 bytes) @ 0x00000001129954c7 [0x0000000112995480+0x47]
J 1588 C1 sun.lwawt.macosx.LWCToolkit.invokeAndWait(Ljava/lang/Runnable;Ljava/awt/Component;)V (117 bytes) @ 0x00000001128e917c [0x00000001128e77a0+0x19dc]
J 1471 C1 sun.lwawt.macosx.CAccessibility.invokeAndWait(Ljava/util/concurrent/Callable;Ljava/awt/Component;)Ljava/lang/Object; (13 bytes) @ 0x0000000112a75abc [0x0000000112a75920+0x19c]
j  sun.lwawt.macosx.CAccessibility.getAccessibleRole(Ljavax/accessibility/Accessible;Ljava/awt/Component;)Ljava/lang/String;+15
v  ~StubRoutines::call_stub
J 1590  sun.lwawt.macosx.LWCToolkit.doAWTRunLoopImpl(JZZ)V (0 bytes) @ 0x00000001129954c7 [0x0000000112995480+0x47]
J 1588 C1 sun.lwawt.macosx.LWCToolkit.invokeAndWait(Ljava/lang/Runnable;Ljava/awt/Component;)V (117 bytes) @ 0x00000001128e917c [0x00000001128e77a0+0x19dc]
J 1471 C1 sun.lwawt.macosx.CAccessibility.invokeAndWait(Ljava/util/concurrent/Callable;Ljava/awt/Component;)Ljava/lang/Object; (13 bytes) @ 0x0000000112a75abc [0x0000000112a75920+0x19c]
j  sun.lwawt.macosx.CAccessibility.getAccessibleRole(Ljavax/accessibility/Accessible;Ljava/awt/Component;)Ljava/lang/String;+15
v  ~StubRoutines::call_stub
J 1590  sun.lwawt.macosx.LWCToolkit.doAWTRunLoopImpl(JZZ)V (0 bytes) @ 0x00000001129954c7 [0x0000000112995480+0x47]
J 1588 C1 sun.lwawt.macosx.LWCToolkit.invokeAndWait(Ljava/lang/Runnable;Ljava/awt/Component;)V (117 bytes) @ 0x00000001128e917c [0x00000001128e77a0+0x19dc]
J 1471 C1 sun.lwawt.macosx.CAccessibility.invokeAndWait(Ljava/util/concurrent/Callable;Ljava/awt/Component;)Ljava/lang/Object; (13 bytes) @ 0x0000000112a75abc [0x0000000112a75920+0x19c]
j  sun.lwawt.macosx.CAccessibility.getAccessibleRole(Ljavax/accessibility/Accessible;Ljava/awt/Component;)Ljava/lang/String;+15
v  ~StubRoutines::call_stub
J 1590  sun.lwawt.macosx.LWCToolkit.doAWTRunLoopImpl(JZZ)V (0 bytes) @ 0x00000001129954c7 [0x0000000112995480+0x47]
J 1588 C1 sun.lwawt.macosx.LWCToolkit.invokeAndWait(Ljava/lang/Runnable;Ljava/awt/Component;)V (117 bytes) @ 0x00000001128e917c [0x00000001128e77a0+0x19dc]
J 1471 C1 sun.lwawt.macosx.CAccessibility.invokeAndWait(Ljava/util/concurrent/Callable;Ljava/awt/Component;)Ljava/lang/Object; (13 bytes) @ 0x0000000112a75abc [0x0000000112a75920+0x19c]
j  sun.lwawt.macosx.CAccessibility.getAccessibleRole(Ljavax/accessibility/Accessible;Ljava/awt/Component;)Ljava/lang/String;+15
v  ~StubRoutines::call_stub
J 1590  sun.lwawt.macosx.LWCToolkit.doAWTRunLoopImpl(JZZ)V (0 bytes) @ 0x00000001129954c7 [0x0000000112995480+0x47]
J 1588 C1 sun.lwawt.macosx.LWCToolkit.invokeAndWait(Ljava/lang/Runnable;Ljava/awt/Component;)V (117 bytes) @ 0x00000001128e917c [0x00000001128e77a0+0x19dc]
J 1471 C1 sun.lwawt.macosx.CAccessibility.invokeAndWait(Ljava/util/concurrent/Callable;Ljava/awt/Component;)Ljava/lang/Object; (13 bytes) @ 0x0000000112a75abc [0x0000000112a75920+0x19c]
j  sun.lwawt.macosx.CAccessibility.getAccessibleIndexInParent(Ljavax/accessibility/Accessible;Ljava/awt/Component;)I+15
v  ~StubRoutines::call_stub
J 1590  sun.lwawt.macosx.LWCToolkit.doAWTRunLoopImpl(JZZ)V (0 bytes) @ 0x00000001129954c7 [0x0000000112995480+0x47]
J 1588 C1 sun.lwawt.macosx.LWCToolkit.invokeAndWait(Ljava/lang/Runnable;Ljava/awt/Component;)V (117 bytes) @ 0x00000001128e917c [0x00000001128e77a0+0x19dc]
J 1471 C1 sun.lwawt.macosx.CAccessibility.invokeAndWait(Ljava/util/concurrent/Callable;Ljava/awt/Component;)Ljava/lang/Object; (13 bytes) @ 0x0000000112a75abc [0x0000000112a75920+0x19c]
j  sun.lwawt.macosx.CAccessibility.getAccessibleRole(Ljavax/accessibility/Accessible;Ljava/awt/Component;)Ljava/lang/String;+15
v  ~StubRoutines::call_stub
J 1590  sun.lwawt.macosx.LWCToolkit.doAWTRunLoopImpl(JZZ)V (0 bytes) @ 0x00000001129954c7 [0x0000000112995480+0x47]
J 1588 C1 sun.lwawt.macosx.LWCToolkit.invokeAndWait(Ljava/lang/Runnable;Ljava/awt/Component;)V (117 bytes) @ 0x00000001128e917c [0x00000001128e77a0+0x19dc]
J 1471 C1 sun.lwawt.macosx.CAccessibility.invokeAndWait(Ljava/util/concurrent/Callable;Ljava/awt/Component;)Ljava/lang/Object; (13 bytes) @ 0x0000000112a75abc [0x0000000112a75920+0x19c]
j  sun.lwawt.macosx.CAccessibility.getAccessibleValue(Ljavax/accessibility/Accessible;Ljava/awt/Component;)Ljavax/accessibility/AccessibleValue;+15
v  ~StubRoutines::call_stub
J 1590  sun.lwawt.macosx.LWCToolkit.doAWTRunLoopImpl(JZZ)V (0 bytes) @ 0x00000001129954c7 [0x0000000112995480+0x47]
J 1588 C1 sun.lwawt.macosx.LWCToolkit.invokeAndWait(Ljava/lang/Runnable;Ljava/awt/Component;)V (117 bytes) @ 0x00000001128e917c [0x00000001128e77a0+0x19dc]
J 1471 C1 sun.lwawt.macosx.CAccessibility.invokeAndWait(Ljava/util/concurrent/Callable;Ljava/awt/Component;)Ljava/lang/Object; (13 bytes) @ 0x0000000112a75abc [0x0000000112a75920+0x19c]
j  sun.lwawt.macosx.CAccessibility.getAccessibleRole(Ljavax/accessibility/Accessible;Ljava/awt/Component;)Ljava/lang/String;+15
v  ~StubRoutines::call_stub
J 1590  sun.lwawt.macosx.LWCToolkit.doAWTRunLoopImpl(JZZ)V (0 bytes) @ 0x00000001129954c7 [0x0000000112995480+0x47]
J 1588 C1 sun.lwawt.macosx.LWCToolkit.invokeAndWait(Ljava/lang/Runnable;Ljava/awt/Component;)V (117 bytes) @ 0x00000001128e917c [0x00000001128e77a0+0x19dc]
J 1471 C1 sun.lwawt.macosx.CAccessibility.invokeAndWait(Ljava/util/concurrent/Callable;Ljava/awt/Component;)Ljava/lang/Object; (13 bytes) @ 0x0000000112a75abc [0x0000000112a75920+0x19c]
j  sun.lwawt.macosx.CAccessibility.getAccessibleRole(Ljavax/accessibility/Accessible;Ljava/awt/Component;)Ljava/lang/String;+15
v  ~StubRoutines::call_stub
J 1590  sun.lwawt.macosx.LWCToolkit.doAWTRunLoopImpl(JZZ)V (0 bytes) @ 0x00000001129954c7 [0x0000000112995480+0x47]
J 1588 C1 sun.lwawt.macosx.LWCToolkit.invokeAndWait(Ljava/lang/Runnable;Ljava/awt/Component;)V (117 bytes) @ 0x00000001128e917c [0x00000001128e77a0+0x19dc]
J 1471 C1 sun.lwawt.macosx.CAccessibility.invokeAndWait(Ljava/util/concurrent/Callable;Ljava/awt/Component;)Ljava/lang/Object; (13 bytes) @ 0x0000000112a75abc [0x0000000112a75920+0x19c]
j  sun.lwawt.macosx.CAccessibility.getAccessibleRole(Ljavax/accessibility/Accessible;Ljava/awt/Component;)Ljava/lang/String;+15
v  ~StubRoutines::call_stub
J 1590  sun.lwawt.macosx.LWCToolkit.doAWTRunLoopImpl(JZZ)V (0 bytes) @ 0x00000001129954c7 [0x0000000112995480+0x47]
J 1588 C1 sun.lwawt.macosx.LWCToolkit.invokeAndWait(Ljava/lang/Runnable;Ljava/awt/Component;)V (117 bytes) @ 0x00000001128e917c [0x00000001128e77a0+0x19dc]
J 1471 C1 sun.lwawt.macosx.CAccessibility.invokeAndWait(Ljava/util/concurrent/Callable;Ljava/awt/Component;)Ljava/lang/Object; (13 bytes) @ 0x0000000112a75abc [0x0000000112a75920+0x19c]
j  sun.lwawt.macosx.CAccessibility.getAccessibleIndexInParent(Ljavax/accessibility/Accessible;Ljava/awt/Component;)I+15
v  ~StubRoutines::call_stub
J 1590  sun.lwawt.macosx.LWCToolkit.doAWTRunLoopImpl(JZZ)V (0 bytes) @ 0x00000001129954c7 [0x0000000112995480+0x47]
J 1588 C1 sun.lwawt.macosx.LWCToolkit.invokeAndWait(Ljava/lang/Runnable;Ljava/awt/Component;)V (117 bytes) @ 0x00000001128e917c [0x00000001128e77a0+0x19dc]
J 1471 C1 sun.lwawt.macosx.CAccessibility.invokeAndWait(Ljava/util/concurrent/Callable;Ljava/awt/Component;)Ljava/lang/Object; (13 bytes) @ 0x0000000112a75abc [0x0000000112a75920+0x19c]
j  sun.lwawt.macosx.CAccessibility.getAccessibleRole(Ljavax/accessibility/Accessible;Ljava/awt/Component;)Ljava/lang/String;+15
v  ~StubRoutines::call_stub
J 1590  sun.lwawt.macosx.LWCToolkit.doAWTRunLoopImpl(JZZ)V (0 bytes) @ 0x00000001129954c7 [0x0000000112995480+0x47]
J 1588 C1 sun.lwawt.macosx.LWCToolkit.invokeAndWait(Ljava/lang/Runnable;Ljava/awt/Component;)V (117 bytes) @ 0x00000001128e917c [0x00000001128e77a0+0x19dc]
J 1471 C1 sun.lwawt.macosx.CAccessibility.invokeAndWait(Ljava/util/concurrent/Callable;Ljava/awt/Component;)Ljava/lang/Object; (13 bytes) @ 0x0000000112a75abc [0x0000000112a75920+0x19c]
j  sun.lwawt.macosx.CAccessibility.getAccessibleIndexInParent(Ljavax/accessibility/Accessible;Ljava/awt/Component;)I+15
v  ~StubRoutines::call_stub
J 1590  sun.lwawt.macosx.LWCToolkit.doAWTRunLoopImpl(JZZ)V (0 bytes) @ 0x00000001129954c7 [0x0000000112995480+0x47]
J 1588 C1 sun.lwawt.macosx.LWCToolkit.invokeAndWait(Ljava/lang/Runnable;Ljava/awt/Component;)V (117 bytes) @ 0x00000001128e917c [0x00000001128e77a0+0x19dc]
J 1471 C1 sun.lwawt.macosx.CAccessibility.invokeAndWait(Ljava/util/concurrent/Callable;Ljava/awt/Component;)Ljava/lang/Object; (13 bytes) @ 0x0000000112a75abc [0x0000000112a75920+0x19c]
j  sun.lwawt.macosx.CAccessibility.getAccessibleRole(Ljavax/accessibility/Accessible;Ljava/awt/Component;)Ljava/lang/String;+15
v  ~StubRoutines::call_stub
J 1590  sun.lwawt.macosx.LWCToolkit.doAWTRunLoopImpl(JZZ)V (0 bytes) @ 0x00000001129954c7 [0x0000000112995480+0x47]
J 1588 C1 sun.lwawt.macosx.LWCToolkit.invokeAndWait(Ljava/lang/Runnable;Ljava/awt/Component;)V (117 bytes) @ 0x00000001128e917c [0x00000001128e77a0+0x19dc]
J 1471 C1 sun.lwawt.macosx.CAccessibility.invokeAndWait(Ljava/util/concurrent/Callable;Ljava/awt/Component;)Ljava/lang/Object; (13 bytes) @ 0x0000000112a75abc [0x0000000112a75920+0x19c]
j  sun.lwawt.macosx.CAccessibility.getAccessibleRole(Ljavax/accessibility/Accessible;Ljava/awt/Component;)Ljava/lang/String;+15
v  ~StubRoutines::call_stub
J 1590  sun.lwawt.macosx.LWCToolkit.doAWTRunLoopImpl(JZZ)V (0 bytes) @ 0x00000001129954c7 [0x0000000112995480+0x47]
J 1588 C1 sun.lwawt.macosx.LWCToolkit.invokeAndWait(Ljava/lang/Runnable;Ljava/awt/Component;)V (117 bytes) @ 0x00000001128e917c [0x00000001128e77a0+0x19dc]
J 1471 C1 sun.lwawt.macosx.CAccessibility.invokeAndWait(Ljava/util/concurrent/Callable;Ljava/awt/Component;)Ljava/lang/Object; (13 bytes) @ 0x0000000112a75abc [0x0000000112a75920+0x19c]
j  sun.lwawt.macosx.CAccessibility.getAccessibleRole(Ljavax/accessibility/Accessible;Ljava/awt/Component;)Ljava/lang/String;+15
v  ~StubRoutines::call_stub
J 1590  sun.lwawt.macosx.LWCToolkit.doAWTRunLoopImpl(JZZ)V (0 bytes) @ 0x00000001129954c7 [0x0000000112995480+0x47]
J 1588 C1 sun.lwawt.macosx.LWCToolkit.invokeAndWait(Ljava/lang/Runnable;Ljava/awt/Component;)V (117 bytes) @ 0x00000001128e917c [0x00000001128e77a0+0x19dc]
J 1471 C1 sun.lwawt.macosx.CAccessibility.invokeAndWait(Ljava/util/concurrent/Callable;Ljava/awt/Component;)Ljava/lang/Object; (13 bytes) @ 0x0000000112a75abc [0x0000000112a75920+0x19c]
j  sun.lwawt.macosx.CAccessibility.getAccessibleRole(Ljavax/accessibility/Accessible;Ljava/awt/Component;)Ljava/lang/String;+15
v  ~StubRoutines::call_stub
J 1590  sun.lwawt.macosx.LWCToolkit.doAWTRunLoopImpl(JZZ)V (0 bytes) @ 0x00000001129954c7 [0x0000000112995480+0x47]
J 1588 C1 sun.lwawt.macosx.LWCToolkit.invokeAndWait(Ljava/lang/Runnable;Ljava/awt/Component;)V (117 bytes) @ 0x00000001128e917c [0x00000001128e77a0+0x19dc]
J 1471 C1 sun.lwawt.macosx.CAccessibility.invokeAndWait(Ljava/util/concurrent/Callable;Ljava/awt/Component;)Ljava/lang/Object; (13 bytes) @ 0x0000000112a75abc [0x0000000112a75920+0x19c]
j  sun.lwawt.macosx.CAccessibility.getAccessibleRole(Ljavax/accessibility/Accessible;Ljava/awt/Component;)Ljava/lang/String;+15
v  ~StubRoutines::call_stub
J 1590  sun.lwawt.macosx.LWCToolkit.doAWTRunLoopImpl(JZZ)V (0 bytes) @ 0x00000001129954c7 [0x0000000112995480+0x47]
J 1588 C1 sun.lwawt.macosx.LWCToolkit.invokeAndWait(Ljava/lang/Runnable;Ljava/awt/Component;)V (117 bytes) @ 0x00000001128e917c [0x00000001128e77a0+0x19dc]
J 1471 C1 sun.lwawt.macosx.CAccessibility.invokeAndWait(Ljava/util/concurrent/Callable;Ljava/awt/Component;)Ljava/lang/Object; (13 bytes) @ 0x0000000112a75abc [0x0000000112a75920+0x19c]
j  sun.lwawt.macosx.CAccessibility.getAccessibleRole(Ljavax/accessibility/Accessible;Ljava/awt/Component;)Ljava/lang/String;+15
v  ~StubRoutines::call_stub
J 1590  sun.lwawt.macosx.LWCToolkit.doAWTRunLoopImpl(JZZ)V (0 bytes) @ 0x00000001129954c7 [0x0000000112995480+0x47]
J 1588 C1 sun.lwawt.macosx.LWCToolkit.invokeAndWait(Ljava/lang/Runnable;Ljava/awt/Component;)V (117 bytes) @ 0x00000001128e917c [0x00000001128e77a0+0x19dc]
J 1471 C1 sun.lwawt.macosx.CAccessibility.invokeAndWait(Ljava/util/concurrent/Callable;Ljava/awt/Component;)Ljava/lang/Object; (13 bytes) @ 0x0000000112a75abc [0x0000000112a75920+0x19c]
j  sun.lwawt.macosx.CAccessibility.getAccessibleRole(Ljavax/accessibility/Accessible;Ljava/awt/Component;)Ljava/lang/String;+15
v  ~StubRoutines::call_stub
J 1590  sun.lwawt.macosx.LWCToolkit.doAWTRunLoopImpl(JZZ)V (0 bytes) @ 0x00000001129954c7 [0x0000000112995480+0x47]
J 1588 C1 sun.lwawt.macosx.LWCToolkit.invokeAndWait(Ljava/lang/Runnable;Ljava/awt/Component;)V (117 bytes) @ 0x00000001128e917c [0x00000001128e77a0+0x19dc]
J 1471 C1 sun.lwawt.macosx.CAccessibility.invokeAndWait(Ljava/util/concurrent/Callable;Ljava/awt/Component;)Ljava/lang/Object; (13 bytes) @ 0x0000000112a75abc [0x0000000112a75920+0x19c]
j  sun.lwawt.macosx.CAccessibility.getAccessibleValue(Ljavax/accessibility/Accessible;Ljava/awt/Component;)Ljavax/accessibility/AccessibleValue;+15
v  ~StubRoutines::call_stub
J 1590  sun.lwawt.macosx.LWCToolkit.doAWTRunLoopImpl(JZZ)V (0 bytes) @ 0x00000001129954c7 [0x0000000112995480+0x47]
J 1588 C1 sun.lwawt.macosx.LWCToolkit.invokeAndWait(Ljava/lang/Runnable;Ljava/awt/Component;)V (117 bytes) @ 0x00000001128e917c [0x00000001128e77a0+0x19dc]
J 1471 C1 sun.lwawt.macosx.CAccessibility.invokeAndWait(Ljava/util/concurrent/Callable;Ljava/awt/Component;)Ljava/lang/Object; (13 bytes) @ 0x0000000112a75abc [0x0000000112a75920+0x19c]
j  sun.lwawt.macosx.CAccessibility.getAccessibleRole(Ljavax/accessibility/Accessible;Ljava/awt/Component;)Ljava/lang/String;+15
v  ~StubRoutines::call_stub
J 1590  sun.lwawt.macosx.LWCToolkit.doAWTRunLoopImpl(JZZ)V (0 bytes) @ 0x00000001129954c7 [0x0000000112995480+0x47]
J 1588 C1 sun.lwawt.macosx.LWCToolkit.invokeAndWait(Ljava/lang/Runnable;Ljava/awt/Component;)V (117 bytes) @ 0x00000001128e917c [0x00000001128e77a0+0x19dc]
J 1471 C1 sun.lwawt.macosx.CAccessibility.invokeAndWait(Ljava/util/concurrent/Callable;Ljava/awt/Component;)Ljava/lang/Object; (13 bytes) @ 0x0000000112a75abc [0x0000000112a75920+0x19c]
j  sun.lwawt.macosx.CAccessibility.getAccessibleRole(Ljavax/accessibility/Accessible;Ljava/awt/Component;)Ljava/lang/String;+15
v  ~StubRoutines::call_stub
J 1590  sun.lwawt.macosx.LWCToolkit.doAWTRunLoopImpl(JZZ)V (0 bytes) @ 0x00000001129954c7 [0x0000000112995480+0x47]
J 1588 C1 sun.lwawt.macosx.LWCToolkit.invokeAndWait(Ljava/lang/Runnable;Ljava/awt/Component;)V (117 bytes) @ 0x00000001128e917c [0x00000001128e77a0+0x19dc]
J 1471 C1 sun.lwawt.macosx.CAccessibility.invokeAndWait(Ljava/util/concurrent/Callable;Ljava/awt/Component;)Ljava/lang/Object; (13 bytes) @ 0x0000000112a75abc [0x0000000112a75920+0x19c]
j  sun.lwawt.macosx.CAccessibility.getAccessibleRole(Ljavax/accessibility/Accessible;Ljava/awt/Component;)Ljava/lang/String;+15
v  ~StubRoutines::call_stub
J 1590  sun.lwawt.macosx.LWCToolkit.doAWTRunLoopImpl(JZZ)V (0 bytes) @ 0x00000001129954c7 [0x0000000112995480+0x47]
J 1588 C1 sun.lwawt.macosx.LWCToolkit.invokeAndWait(Ljava/lang/Runnable;Ljava/awt/Component;)V (117 bytes) @ 0x00000001128e917c [0x00000001128e77a0+0x19dc]
J 1471 C1 sun.lwawt.macosx.CAccessibility.invokeAndWait(Ljava/util/concurrent/Callable;Ljava/awt/Component;)Ljava/lang/Object; (13 bytes) @ 0x0000000112a75abc [0x0000000112a75920+0x19c]
j  sun.lwawt.macosx.CAccessibility.getAccessibleRole(Ljavax/accessibility/Accessible;Ljava/awt/Component;)Ljava/lang/String;+15
v  ~StubRoutines::call_stub
J 1590  sun.lwawt.macosx.LWCToolkit.doAWTRunLoopImpl(JZZ)V (0 bytes) @ 0x00000001129954c7 [0x0000000112995480+0x47]
J 1588 C1 sun.lwawt.macosx.LWCToolkit.invokeAndWait(Ljava/lang/Runnable;Ljava/awt/Component;)V (117 bytes) @ 0x00000001128e917c [0x00000001128e77a0+0x19dc]
J 1471 C1 sun.lwawt.macosx.CAccessibility.invokeAndWait(Ljava/util/concurrent/Callable;Ljava/awt/Component;)Ljava/lang/Object; (13 bytes) @ 0x0000000112a75abc [0x0000000112a75920+0x19c]
j  sun.lwawt.macosx.CAccessibility.getAccessibleRole(Ljavax/accessibility/Accessible;Ljava/awt/Component;)Ljava/lang/String;+15
v  ~StubRoutines::call_stub
J 1590  sun.lwawt.macosx.LWCToolkit.doAWTRunLoopImpl(JZZ)V (0 bytes) @ 0x00000001129954c7 [0x0000000112995480+0x47]
J 1588 C1 sun.lwawt.macosx.LWCToolkit.invokeAndWait(Ljava/lang/Runnable;Ljava/awt/Component;)V (117 bytes) @ 0x00000001128e917c [0x00000001128e77a0+0x19dc]
J 1471 C1 sun.lwawt.macosx.CAccessibility.invokeAndWait(Ljava/util/concurrent/Callable;Ljava/awt/Component;)Ljava/lang/Object; (13 bytes) @ 0x0000000112a75abc [0x0000000112a75920+0x19c]
j  sun.lwawt.macosx.CAccessibility.getAccessibleIndexInParent(Ljavax/accessibility/Accessible;Ljava/awt/Component;)I+15
v  ~StubRoutines::call_stub
J 1590  sun.lwawt.macosx.LWCToolkit.doAWTRunLoopImpl(JZZ)V (0 bytes) @ 0x00000001129954c7 [0x0000000112995480+0x47]
J 1588 C1 sun.lwawt.macosx.LWCToolkit.invokeAndWait(Ljava/lang/Runnable;Ljava/awt/Component;)V (117 bytes) @ 0x00000001128e917c [0x00000001128e77a0+0x19dc]
J 1471 C1 sun.lwawt.macosx.CAccessibility.invokeAndWait(Ljava/util/concurrent/Callable;Ljava/awt/Component;)Ljava/lang/Object; (13 bytes) @ 0x0000000112a75abc [0x0000000112a75920+0x19c]
j  sun.lwawt.macosx.CAccessibility.getAccessibleRole(Ljavax/accessibility/Accessible;Ljava/awt/Component;)Ljava/lang/String;+15
v  ~StubRoutines::call_stub
J 1590  sun.lwawt.macosx.LWCToolkit.doAWTRunLoopImpl(JZZ)V (0 bytes) @ 0x00000001129954c7 [0x0000000112995480+0x47]
J 1588 C1 sun.lwawt.macosx.LWCToolkit.invokeAndWait(Ljava/lang/Runnable;Ljava/awt/Component;)V (117 bytes) @ 0x00000001128e917c [0x00000001128e77a0+0x19dc]
J 1471 C1 sun.lwawt.macosx.CAccessibility.invokeAndWait(Ljava/util/concurrent/Callable;Ljava/awt/Component;)Ljava/lang/Object; (13 bytes) @ 0x0000000112a75abc [0x0000000112a75920+0x19c]
j  sun.lwawt.macosx.CAccessibility.getAccessibleIndexInParent(Ljavax/accessibility/Accessible;Ljava/awt/Component;)I+15
v  ~StubRoutines::call_stub
J 1590  sun.lwawt.macosx.LWCToolkit.doAWTRunLoopImpl(JZZ)V (0 bytes) @ 0x00000001129954c7 [0x0000000112995480+0x47]
J 1588 C1 sun.lwawt.macosx.LWCToolkit.invokeAndWait(Ljava/lang/Runnable;Ljava/awt/Component;)V (117 bytes) @ 0x00000001128e917c [0x00000001128e77a0+0x19dc]
J 1471 C1 sun.lwawt.macosx.CAccessibility.invokeAndWait(Ljava/util/concurrent/Callable;Ljava/awt/Component;)Ljava/lang/Object; (13 bytes) @ 0x0000000112a75abc [0x0000000112a75920+0x19c]
j  sun.lwawt.macosx.CAccessibility.getAccessibleRole(Ljavax/accessibility/Accessible;Ljava/awt/Component;)Ljava/lang/String;+15
v  ~StubRoutines::call_stub
J 1590  sun.lwawt.macosx.LWCToolkit.doAWTRunLoopImpl(JZZ)V (0 bytes) @ 0x00000001129954c7 [0x0000000112995480+0x47]
J 1588 C1 sun.lwawt.macosx.LWCToolkit.invokeAndWait(Ljava/lang/Runnable;Ljava/awt/Component;)V (117 bytes) @ 0x00000001128e917c [0x00000001128e77a0+0x19dc]
J 1471 C1 sun.lwawt.macosx.CAccessibility.invokeAndWait(Ljava/util/concurrent/Callable;Ljava/awt/Component;)Ljava/lang/Object; (13 bytes) @ 0x0000000112a75abc [0x0000000112a75920+0x19c]
j  sun.lwawt.macosx.CAccessibility.getAccessibleRole(Ljavax/accessibility/Accessible;Ljava/awt/Component;)Ljava/lang/String;+15
v  ~StubRoutines::call_stub
J 1590  sun.lwawt.macosx.LWCToolkit.doAWTRunLoopImpl(JZZ)V (0 bytes) @ 0x00000001129954c7 [0x0000000112995480+0x47]
J 1588 C1 sun.lwawt.macosx.LWCToolkit.invokeAndWait(Ljava/lang/Runnable;Ljava/awt/Component;)V (117 bytes) @ 0x00000001128e917c [0x00000001128e77a0+0x19dc]
J 1471 C1 sun.lwawt.macosx.CAccessibility.invokeAndWait(Ljava/util/concurrent/Callable;Ljava/awt/Component;)Ljava/lang/Object; (13 bytes) @ 0x0000000112a75abc [0x0000000112a75920+0x19c]
j  sun.lwawt.macosx.CAccessibility.getAccessibleRole(Ljavax/accessibility/Accessible;Ljava/awt/Component;)Ljava/lang/String;+15
v  ~StubRoutines::call_stub
J 1590  sun.lwawt.macosx.LWCToolkit.doAWTRunLoopImpl(JZZ)V (0 bytes) @ 0x00000001129954c7 [0x0000000112995480+0x47]
J 1588 C1 sun.lwawt.macosx.LWCToolkit.invokeAndWait(Ljava/lang/Runnable;Ljava/awt/Component;)V (117 bytes) @ 0x00000001128e917c [0x00000001128e77a0+0x19dc]
J 1471 C1 sun.lwawt.macosx.CAccessibility.invokeAndWait(Ljava/util/concurrent/Callable;Ljava/awt/Component;)Ljava/lang/Object; (13 bytes) @ 0x0000000112a75abc [0x0000000112a75920+0x19c]
j  sun.lwawt.macosx.CAccessibility.getAccessibleRole(Ljavax/accessibility/Accessible;Ljava/awt/Component;)Ljava/lang/String;+15
v  ~StubRoutines::call_stub
J 1590  sun.lwawt.macosx.LWCToolkit.doAWTRunLoopImpl(JZZ)V (0 bytes) @ 0x00000001129954c7 [0x0000000112995480+0x47]
J 1588 C1 sun.lwawt.macosx.LWCToolkit.invokeAndWait(Ljava/lang/Runnable;Ljava/awt/Component;)V (117 bytes) @ 0x00000001128e917c [0x00000001128e77a0+0x19dc]
J 1471 C1 sun.lwawt.macosx.CAccessibility.invokeAndWait(Ljava/util/concurrent/Callable;Ljava/awt/Component;)Ljava/lang/Object; (13 bytes) @ 0x0000000112a75abc [0x0000000112a75920+0x19c]
j  sun.lwawt.macosx.CAccessibility.getAccessibleRole(Ljavax/accessibility/Accessible;Ljava/awt/Component;)Ljava/lang/String;+15
v  ~StubRoutines::call_stub
J 1590  sun.lwawt.macosx.LWCToolkit.doAWTRunLoopImpl(JZZ)V (0 bytes) @ 0x00000001129954c7 [0x0000000112995480+0x47]
J 1588 C1 sun.lwawt.macosx.LWCToolkit.invokeAndWait(Ljava/lang/Runnable;Ljava/awt/Component;)V (117 bytes) @ 0x00000001128e917c [0x00000001128e77a0+0x19dc]
J 1471 C1 sun.lwawt.macosx.CAccessibility.invokeAndWait(Ljava/util/concurrent/Callable;Ljava/awt/Component;)Ljava/lang/Object; (13 bytes) @ 0x0000000112a75abc [0x0000000112a75920+0x19c]
j  sun.lwawt.macosx.CAccessibility.getAccessibleRole(Ljavax/accessibility/Accessible;Ljava/awt/Component;)Ljava/lang/String;+15
v  ~StubRoutines::call_stub
J 1590  sun.lwawt.macosx.LWCToolkit.doAWTRunLoopImpl(JZZ)V (0 bytes) @ 0x00000001129954c7 [0x0000000112995480+0x47]
J 1588 C1 sun.lwawt.macosx.LWCToolkit.invokeAndWait(Ljava/lang/Runnable;Ljava/awt/Component;)V (117 bytes) @ 0x00000001128e917c [0x00000001128e77a0+0x19dc]
J 1471 C1 sun.lwawt.macosx.CAccessibility.invokeAndWait(Ljava/util/concurrent/Callable;Ljava/awt/Component;)Ljava/lang/Object; (13 bytes) @ 0x0000000112a75abc [0x0000000112a75920+0x19c]
j  sun.lwawt.macosx.CAccessibility.getAccessibleRole(Ljavax/accessibility/Accessible;Ljava/awt/Component;)Ljava/lang/String;+15
v  ~StubRoutines::call_stub
J 1590  sun.lwawt.macosx.LWCToolkit.doAWTRunLoopImpl(JZZ)V (0 bytes) @ 0x00000001129954c7 [0x0000000112995480+0x47]
J 1588 C1 sun.lwawt.macosx.LWCToolkit.invokeAndWait(Ljava/lang/Runnable;Ljava/awt/Component;)V (117 bytes) @ 0x00000001128e917c [0x00000001128e77a0+0x19dc]
J 1471 C1 sun.lwawt.macosx.CAccessibility.invokeAndWait(Ljava/util/concurrent/Callable;Ljava/awt/Component;)Ljava/lang/Object; (13 bytes) @ 0x0000000112a75abc [0x0000000112a75920+0x19c]
j  sun.lwawt.macosx.CAccessibility.getAccessibleRole(Ljavax/accessibility/Accessible;Ljava/awt/Component;)Ljava/lang/String;+15
v  ~StubRoutines::call_stub
J 1590  sun.lwawt.macosx.LWCToolkit.doAWTRunLoopImpl(JZZ)V (0 bytes) @ 0x00000001129954c7 [0x0000000112995480+0x47]
J 1588 C1 sun.lwawt.macosx.LWCToolkit.invokeAndWait(Ljava/lang/Runnable;Ljava/awt/Component;)V (117 bytes) @ 0x00000001128e917c [0x00000001128e77a0+0x19dc]
J 1471 C1 sun.lwawt.macosx.CAccessibility.invokeAndWait(Ljava/util/concurrent/Callable;Ljava/awt/Component;)Ljava/lang/Object; (13 bytes) @ 0x0000000112a75abc [0x0000000112a75920+0x19c]
j  sun.lwawt.macosx.CAccessibility.getAccessibleRole(Ljavax/accessibility/Accessible;Ljava/awt/Component;)Ljava/lang/String;+15
v  ~StubRoutines::call_stub
J 1590  sun.lwawt.macosx.LWCToolkit.doAWTRunLoopImpl(JZZ)V (0 bytes) @ 0x00000001129954c7 [0x0000000112995480+0x47]
J 1588 C1 sun.lwawt.macosx.LWCToolkit.invokeAndWait(Ljava/lang/Runnable;Ljava/awt/Component;)V (117 bytes) @ 0x00000001128e917c [0x00000001128e77a0+0x19dc]
J 1471 C1 sun.lwawt.macosx.CAccessibility.invokeAndWait(Ljava/util/concurrent/Callable;Ljava/awt/Component;)Ljava/lang/Object; (13 bytes) @ 0x0000000112a75abc [0x0000000112a75920+0x19c]
j  sun.lwawt.macosx.CAccessibility.getAccessibleRole(Ljavax/accessibility/Accessible;Ljava/awt/Component;)Ljava/lang/String;+15
v  ~StubRoutines::call_stub
J 1590  sun.lwawt.macosx.LWCToolkit.doAWTRunLoopImpl(JZZ)V (0 bytes) @ 0x00000001129954c7 [0x0000000112995480+0x47]
J 1588 C1 sun.lwawt.macosx.LWCToolkit.invokeAndWait(Ljava/lang/Runnable;Ljava/awt/Component;)V (117 bytes) @ 0x00000001128e917c [0x00000001128e77a0+0x19dc]
J 1471 C1 sun.lwawt.macosx.CAccessibility.invokeAndWait(Ljava/util/concurrent/Callable;Ljava/awt/Component;)Ljava/lang/Object; (13 bytes) @ 0x0000000112a75abc [0x0000000112a75920+0x19c]
j  sun.lwawt.macosx.CAccessibility.getAccessibleRole(Ljavax/accessibility/Accessible;Ljava/awt/Component;)Ljava/lang/String;+15
v  ~StubRoutines::call_stub
J 1590  sun.lwawt.macosx.LWCToolkit.doAWTRunLoopImpl(JZZ)V (0 bytes) @ 0x00000001129954c7 [0x0000000112995480+0x47]
J 1588 C1 sun.lwawt.macosx.LWCToolkit.invokeAndWait(Ljava/lang/Runnable;Ljava/awt/Component;)V (117 bytes) @ 0x00000001128e917c [0x00000001128e77a0+0x19dc]
J 1471 C1 sun.lwawt.macosx.CAccessibility.invokeAndWait(Ljava/util/concurrent/Callable;Ljava/awt/Component;)Ljava/lang/Object; (13 bytes) @ 0x0000000112a75abc [0x0000000112a75920+0x19c]
j  sun.lwawt.macosx.CAccessibility.getAccessibleIndexInParent(Ljavax/accessibility/Accessible;Ljava/awt/Component;)I+15
v  ~StubRoutines::call_stub
J 1590  sun.lwawt.macosx.LWCToolkit.doAWTRunLoopImpl(JZZ)V (0 bytes) @ 0x00000001129954c7 [0x0000000112995480+0x47]
J 1588 C1 sun.lwawt.macosx.LWCToolkit.invokeAndWait(Ljava/lang/Runnable;Ljava/awt/Component;)V (117 bytes) @ 0x00000001128e917c [0x00000001128e77a0+0x19dc]
J 1471 C1 sun.lwawt.macosx.CAccessibility.invokeAndWait(Ljava/util/concurrent/Callable;Ljava/awt/Component;)Ljava/lang/Object; (13 bytes) @ 0x0000000112a75abc [0x0000000112a75920+0x19c]
j  sun.lwawt.macosx.CAccessibility.getAccessibleValue(Ljavax/accessibility/Accessible;Ljava/awt/Component;)Ljavax/accessibility/AccessibleValue;+15
v  ~StubRoutines::call_stub
J 1590  sun.lwawt.macosx.LWCToolkit.doAWTRunLoopImpl(JZZ)V (0 bytes) @ 0x00000001129954c7 [0x0000000112995480+0x47]
J 1588 C1 sun.lwawt.macosx.LWCToolkit.invokeAndWait(Ljava/lang/Runnable;Ljava/awt/Component;)V (117 bytes) @ 0x00000001128e917c [0x00000001128e77a0+0x19dc]
J 1471 C1 sun.lwawt.macosx.CAccessibility.invokeAndWait(Ljava/util/concurrent/Callable;Ljava/awt/Component;)Ljava/lang/Object; (13 bytes) @ 0x0000000112a75abc [0x0000000112a75920+0x19c]
j  sun.lwawt.macosx.CAccessibility.getAccessibleRole(Ljavax/accessibility/Accessible;Ljava/awt/Component;)Ljava/lang/String;+15
v  ~StubRoutines::call_stub
J 1590  sun.lwawt.macosx.LWCToolkit.doAWTRunLoopImpl(JZZ)V (0 bytes) @ 0x00000001129954c7 [0x0000000112995480+0x47]
J 1588 C1 sun.lwawt.macosx.LWCToolkit.invokeAndWait(Ljava/lang/Runnable;Ljava/awt/Component;)V (117 bytes) @ 0x00000001128e917c [0x00000001128e77a0+0x19dc]
J 1471 C1 sun.lwawt.macosx.CAccessibility.invokeAndWait(Ljava/util/concurrent/Callable;Ljava/awt/Component;)Ljava/lang/Object; (13 bytes) @ 0x0000000112a75abc [0x0000000112a75920+0x19c]
j  sun.lwawt.macosx.CAccessibility.getAccessibleRole(Ljavax/accessibility/Accessible;Ljava/awt/Component;)Ljava/lang/String;+15
v  ~StubRoutines::call_stub
J 1590  sun.lwawt.macosx.LWCToolkit.doAWTRunLoopImpl(JZZ)V (0 bytes) @ 0x00000001129954c7 [0x0000000112995480+0x47]
J 1588 C1 sun.lwawt.macosx.LWCToolkit.invokeAndWait(Ljava/lang/Runnable;Ljava/awt/Component;)V (117 bytes) @ 0x00000001128e917c [0x00000001128e77a0+0x19dc]
J 1471 C1 sun.lwawt.macosx.CAccessibility.invokeAndWait(Ljava/util/concurrent/Callable;Ljava/awt/Component;)Ljava/lang/Object; (13 bytes) @ 0x0000000112a75abc [0x0000000112a75920+0x19c]
j  sun.lwawt.macosx.CAccessibility.getAccessibleName(Ljavax/accessibility/Accessible;Ljava/awt/Component;)Ljava/lang/String;+15
v  ~StubRoutines::call_stub
J 1590  sun.lwawt.macosx.LWCToolkit.doAWTRunLoopImpl(JZZ)V (0 bytes) @ 0x00000001129954c7 [0x0000000112995480+0x47]
J 1588 C1 sun.lwawt.macosx.LWCToolkit.invokeAndWait(Ljava/lang/Runnable;Ljava/awt/Component;)V (117 bytes) @ 0x00000001128e917c [0x00000001128e77a0+0x19dc]
J 1471 C1 sun.lwawt.macosx.CAccessibility.invokeAndWait(Ljava/util/concurrent/Callable;Ljava/awt/Component;)Ljava/lang/Object; (13 bytes) @ 0x0000000112a75abc [0x0000000112a75920+0x19c]
j  sun.lwawt.macosx.CAccessibility.getAccessibleRole(Ljavax/accessibility/Accessible;Ljava/awt/Component;)Ljava/lang/String;+15
v  ~StubRoutines::call_stub
J 1590  sun.lwawt.macosx.LWCToolkit.doAWTRunLoopImpl(JZZ)V (0 bytes) @ 0x00000001129954c7 [0x0000000112995480+0x47]
J 1588 C1 sun.lwawt.macosx.LWCToolkit.invokeAndWait(Ljava/lang/Runnable;Ljava/awt/Component;)V (117 bytes) @ 0x00000001128e917c [0x00000001128e77a0+0x19dc]
J 1471 C1 sun.lwawt.macosx.CAccessibility.invokeAndWait(Ljava/util/concurrent/Callable;Ljava/awt/Component;)Ljava/lang/Object; (13 bytes) @ 0x0000000112a75abc [0x0000000112a75920+0x19c]
j  sun.lwawt.macosx.CAccessibility.getAccessibleRole(Ljavax/accessibility/Accessible;Ljava/awt/Component;)Ljava/lang/String;+15
v  ~StubRoutines::call_stub
J 1590  sun.lwawt.macosx.LWCToolkit.doAWTRunLoopImpl(JZZ)V (0 bytes) @ 0x00000001129954c7 [0x0000000112995480+0x47]
J 1588 C1 sun.lwawt.macosx.LWCToolkit.invokeAndWait(Ljava/lang/Runnable;Ljava/awt/Component;)V (117 bytes) @ 0x00000001128e917c [0x00000001128e77a0+0x19dc]
J 1471 C1 sun.lwawt.macosx.CAccessibility.invokeAndWait(Ljava/util/concurrent/Callable;Ljava/awt/Component;)Ljava/lang/Object; (13 bytes) @ 0x0000000112a75abc [0x0000000112a75920+0x19c]
j  sun.lwawt.macosx.CAccessibility.getAccessibleRole(Ljavax/accessibility/Accessible;Ljava/awt/Component;)Ljava/lang/String;+15
v  ~StubRoutines::call_stub
J 1590  sun.lwawt.macosx.LWCToolkit.doAWTRunLoopImpl(JZZ)V (0 bytes) @ 0x00000001129954c7 [0x0000000112995480+0x47]
J 1588 C1 sun.lwawt.macosx.LWCToolkit.invokeAndWait(Ljava/lang/Runnable;Ljava/awt/Component;)V (117 bytes) @ 0x00000001128e917c [0x00000001128e77a0+0x19dc]
J 1471 C1 sun.lwawt.macosx.CAccessibility.invokeAndWait(Ljava/util/concurrent/Callable;Ljava/awt/Component;)Ljava/lang/Object; (13 bytes) @ 0x0000000112a75abc [0x0000000112a75920+0x19c]
j  sun.lwawt.macosx.CAccessibility.getAccessibleRole(Ljavax/accessibility/Accessible;Ljava/awt/Component;)Ljava/lang/String;+15
v  ~StubRoutines::call_stub
J 1590  sun.lwawt.macosx.LWCToolkit.doAWTRunLoopImpl(JZZ)V (0 bytes) @ 0x00000001129954c7 [0x0000000112995480+0x47]
J 1588 C1 sun.lwawt.macosx.LWCToolkit.invokeAndWait(Ljava/lang/Runnable;Ljava/awt/Component;)V (117 bytes) @ 0x00000001128e917c [0x00000001128e77a0+0x19dc]
J 1471 C1 sun.lwawt.macosx.CAccessibility.invokeAndWait(Ljava/util/concurrent/Callable;Ljava/awt/Component;)Ljava/lang/Object; (13 bytes) @ 0x0000000112a75abc [0x0000000112a75920+0x19c]
j  sun.lwawt.macosx.CAccessibility.getAccessibleRole(Ljavax/accessibility/Accessible;Ljava/awt/Component;)Ljava/lang/String;+15
v  ~StubRoutines::call_stub
J 1590  sun.lwawt.macosx.LWCToolkit.doAWTRunLoopImpl(JZZ)V (0 bytes) @ 0x00000001129954c7 [0x0000000112995480+0x47]
J 1588 C1 sun.lwawt.macosx.LWCToolkit.invokeAndWait(Ljava/lang/Runnable;Ljava/awt/Component;)V (117 bytes) @ 0x00000001128e917c [0x00000001128e77a0+0x19dc]
J 1471 C1 sun.lwawt.macosx.CAccessibility.invokeAndWait(Ljava/util/concurrent/Callable;Ljava/awt/Component;)Ljava/lang/Object; (13 bytes) @ 0x0000000112a75abc [0x0000000112a75920+0x19c]
j  sun.lwawt.macosx.CAccessibility.getAccessibleValue(Ljavax/accessibility/Accessible;Ljava/awt/Component;)Ljavax/accessibility/AccessibleValue;+15
v  ~StubRoutines::call_stub
J 1590  sun.lwawt.macosx.LWCToolkit.doAWTRunLoopImpl(JZZ)V (0 bytes) @ 0x00000001129954c7 [0x0000000112995480+0x47]
J 1588 C1 sun.lwawt.macosx.LWCToolkit.invokeAndWait(Ljava/lang/Runnable;Ljava/awt/Component;)V (117 bytes) @ 0x00000001128e917c [0x00000001128e77a0+0x19dc]
J 1471 C1 sun.lwawt.macosx.CAccessibility.invokeAndWait(Ljava/util/concurrent/Callable;Ljava/awt/Component;)Ljava/lang/Object; (13 bytes) @ 0x0000000112a75abc [0x0000000112a75920+0x19c]
j  sun.lwawt.macosx.CAccessibility.getAccessibleRole(Ljavax/accessibility/Accessible;Ljava/awt/Component;)Ljava/lang/String;+15
v  ~StubRoutines::call_stub
J 1590  sun.lwawt.macosx.LWCToolkit.doAWTRunLoopImpl(JZZ)V (0 bytes) @ 0x00000001129954c7 [0x0000000112995480+0x47]
J 1588 C1 sun.lwawt.macosx.LWCToolkit.invokeAndWait(Ljava/lang/Runnable;Ljava/awt/Component;)V (117 bytes) @ 0x00000001128e917c [0x00000001128e77a0+0x19dc]
J 1471 C1 sun.lwawt.macosx.CAccessibility.invokeAndWait(Ljava/util/concurrent/Callable;Ljava/awt/Component;)Ljava/lang/Object; (13 bytes) @ 0x0000000112a75abc [0x0000000112a75920+0x19c]
j  sun.lwawt.macosx.CAccessibility.getAccessibleRole(Ljavax/accessibility/Accessible;Ljava/awt/Component;)Ljava/lang/String;+15
v  ~StubRoutines::call_stub
J 1590  sun.lwawt.macosx.LWCToolkit.doAWTRunLoopImpl(JZZ)V (0 bytes) @ 0x00000001129954c7 [0x0000000112995480+0x47]
J 1588 C1 sun.lwawt.macosx.LWCToolkit.invokeAndWait(Ljava/lang/Runnable;Ljava/awt/Component;)V (117 bytes) @ 0x00000001128e917c [0x00000001128e77a0+0x19dc]
J 1471 C1 sun.lwawt.macosx.CAccessibility.invokeAndWait(Ljava/util/concurrent/Callable;Ljava/awt/Component;)Ljava/lang/Object; (13 bytes) @ 0x0000000112a75abc [0x0000000112a75920+0x19c]
j  sun.lwawt.macosx.CAccessibility.getAccessibleRole(Ljavax/accessibility/Accessible;Ljava/awt/Component;)Ljava/lang/String;+15
v  ~StubRoutines::call_stub
J 1590  sun.lwawt.macosx.LWCToolkit.doAWTRunLoopImpl(JZZ)V (0 bytes) @ 0x00000001129954c7 [0x0000000112995480+0x47]
J 1588 C1 sun.lwawt.macosx.LWCToolkit.invokeAndWait(Ljava/lang/Runnable;Ljava/awt/Component;)V (117 bytes) @ 0x00000001128e917c [0x00000001128e77a0+0x19dc]
J 1471 C1 sun.lwawt.macosx.CAccessibility.invokeAndWait(Ljava/util/concurrent/Callable;Ljava/awt/Component;)Ljava/lang/Object; (13 bytes) @ 0x0000000112a75abc [0x0000000112a75920+0x19c]
j  sun.lwawt.macosx.CAccessibility.getAccessibleRole(Ljavax/accessibility/Accessible;Ljava/awt/Component;)Ljava/lang/String;+15
v  ~StubRoutines::call_stub
J 1590  sun.lwawt.macosx.LWCToolkit.doAWTRunLoopImpl(JZZ)V (0 bytes) @ 0x00000001129954c7 [0x0000000112995480+0x47]
J 1588 C1 sun.lwawt.macosx.LWCToolkit.invokeAndWait(Ljava/lang/Runnable;Ljava/awt/Component;)V (117 bytes) @ 0x00000001128e917c [0x00000001128e77a0+0x19dc]
J 1471 C1 sun.lwawt.macosx.CAccessibility.invokeAndWait(Ljava/util/concurrent/Callable;Ljava/awt/Component;)Ljava/lang/Object; (13 bytes) @ 0x0000000112a75abc [0x0000000112a75920+0x19c]
j  sun.lwawt.macosx.CAccessibility.getAccessibleRole(Ljavax/accessibility/Accessible;Ljava/awt/Component;)Ljava/lang/String;+15
v  ~StubRoutines::call_stub
J 1590  sun.lwawt.macosx.LWCToolkit.doAWTRunLoopImpl(JZZ)V (0 bytes) @ 0x00000001129954c7 [0x0000000112995480+0x47]
J 1588 C1 sun.lwawt.macosx.LWCToolkit.invokeAndWait(Ljava/lang/Runnable;Ljava/awt/Component;)V (117 bytes) @ 0x00000001128e917c [0x00000001128e77a0+0x19dc]
J 1471 C1 sun.lwawt.macosx.CAccessibility.invokeAndWait(Ljava/util/concurrent/Callable;Ljava/awt/Component;)Ljava/lang/Object; (13 bytes) @ 0x0000000112a75abc [0x0000000112a75920+0x19c]
j  sun.lwawt.macosx.CAccessibility.getAccessibleRole(Ljavax/accessibility/Accessible;Ljava/awt/Component;)Ljava/lang/String;+15
v  ~StubRoutines::call_stub
J 1590  sun.lwawt.macosx.LWCToolkit.doAWTRunLoopImpl(JZZ)V (0 bytes) @ 0x00000001129954c7 [0x0000000112995480+0x47]
J 1588 C1 sun.lwawt.macosx.LWCToolkit.invokeAndWait(Ljava/lang/Runnable;Ljava/awt/Component;)V (117 bytes) @ 0x00000001128e917c [0x00000001128e77a0+0x19dc]
J 1471 C1 sun.lwawt.macosx.CAccessibility.invokeAndWait(Ljava/util/concurrent/Callable;Ljava/awt/Component;)Ljava/lang/Object; (13 bytes) @ 0x0000000112a75abc [0x0000000112a75920+0x19c]
j  sun.lwawt.macosx.CAccessibility.getAccessibleRole(Ljavax/accessibility/Accessible;Ljava/awt/Component;)Ljava/lang/String;+15
v  ~StubRoutines::call_stub
J 1590  sun.lwawt.macosx.LWCToolkit.doAWTRunLoopImpl(JZZ)V (0 bytes) @ 0x00000001129954c7 [0x0000000112995480+0x47]
J 1588 C1 sun.lwawt.macosx.LWCToolkit.invokeAndWait(Ljava/lang/Runnable;Ljava/awt/Component;)V (117 bytes) @ 0x00000001128e917c [0x00000001128e77a0+0x19dc]
J 1471 C1 sun.lwawt.macosx.CAccessibility.invokeAndWait(Ljava/util/concurrent/Callable;Ljava/awt/Component;)Ljava/lang/Object; (13 bytes) @ 0x0000000112a75abc [0x0000000112a75920+0x19c]
j  sun.lwawt.macosx.CAccessibility.getAccessibleRole(Ljavax/accessibility/Accessible;Ljava/awt/Component;)Ljava/lang/String;+15
v  ~StubRoutines::call_stub
J 1590  sun.lwawt.macosx.LWCToolkit.doAWTRunLoopImpl(JZZ)V (0 bytes) @ 0x00000001129954c7 [0x0000000112995480+0x47]
J 1588 C1 sun.lwawt.macosx.LWCToolkit.invokeAndWait(Ljava/lang/Runnable;Ljava/awt/Component;)V (117 bytes) @ 0x00000001128e917c [0x00000001128e77a0+0x19dc]
J 1471 C1 sun.lwawt.macosx.CAccessibility.invokeAndWait(Ljava/util/concurrent/Callable;Ljava/awt/Component;)Ljava/lang/Object; (13 bytes) @ 0x0000000112a75abc [0x0000000112a75920+0x19c]
j  sun.lwawt.macosx.CAccessibility.getAccessibleRole(Ljavax/accessibility/Accessible;Ljava/awt/Component;)Ljava/lang/String;+15
v  ~StubRoutines::call_stub
J 1590  sun.lwawt.macosx.LWCToolkit.doAWTRunLoopImpl(JZZ)V (0 bytes) @ 0x00000001129954c7 [0x0000000112995480+0x47]
J 1588 C1 sun.lwawt.macosx.LWCToolkit.invokeAndWait(Ljava/lang/Runnable;Ljava/awt/Component;)V (117 bytes) @ 0x00000001128e917c [0x00000001128e77a0+0x19dc]
J 1471 C1 sun.lwawt.macosx.CAccessibility.invokeAndWait(Ljava/util/concurrent/Callable;Ljava/awt/Component;)Ljava/lang/Object; (13 bytes) @ 0x0000000112a75abc [0x0000000112a75920+0x19c]
j  sun.lwawt.macosx.CAccessibility.getAccessibleRole(Ljavax/accessibility/Accessible;Ljava/awt/Component;)Ljava/lang/String;+15
v  ~StubRoutines::call_stub
J 1590  sun.lwawt.macosx.LWCToolkit.doAWTRunLoopImpl(JZZ)V (0 bytes) @ 0x00000001129954c7 [0x0000000112995480+0x47]
J 1588 C1 sun.lwawt.macosx.LWCToolkit.invokeAndWait(Ljava/lang/Runnable;Ljava/awt/Component;)V (117 bytes) @ 0x00000001128e917c [0x00000001128e77a0+0x19dc]
J 1471 C1 sun.lwawt.macosx.CAccessibility.invokeAndWait(Ljava/util/concurrent/Callable;Ljava/awt/Component;)Ljava/lang/Object; (13 bytes) @ 0x0000000112a75abc [0x0000000112a75920+0x19c]
j  sun.lwawt.macosx.CAccessibility.getAccessibleRole(Ljavax/accessibility/Accessible;Ljava/awt/Component;)Ljava/lang/String;+15
v  ~StubRoutines::call_stub
J 1590  sun.lwawt.macosx.LWCToolkit.doAWTRunLoopImpl(JZZ)V (0 bytes) @ 0x00000001129954c7 [0x0000000112995480+0x47]
J 1588 C1 sun.lwawt.macosx.LWCToolkit.invokeAndWait(Ljava/lang/Runnable;Ljava/awt/Component;)V (117 bytes) @ 0x00000001128e917c [0x00000001128e77a0+0x19dc]
J 1471 C1 sun.lwawt.macosx.CAccessibility.invokeAndWait(Ljava/util/concurrent/Callable;Ljava/awt/Component;)Ljava/lang/Object; (13 bytes) @ 0x0000000112a75abc [0x0000000112a75920+0x19c]
j  sun.lwawt.macosx.CAccessibility.getAccessibleRole(Ljavax/accessibility/Accessible;Ljava/awt/Component;)Ljava/lang/String;+15
v  ~StubRoutines::call_stub
J 1590  sun.lwawt.macosx.LWCToolkit.doAWTRunLoopImpl(JZZ)V (0 bytes) @ 0x00000001129954c7 [0x0000000112995480+0x47]
J 1588 C1 sun.lwawt.macosx.LWCToolkit.invokeAndWait(Ljava/lang/Runnable;Ljava/awt/Component;)V (117 bytes) @ 0x00000001128e917c [0x00000001128e77a0+0x19dc]
J 1471 C1 sun.lwawt.macosx.CAccessibility.invokeAndWait(Ljava/util/concurrent/Callable;Ljava/awt/Component;)Ljava/lang/Object; (13 bytes) @ 0x0000000112a75abc [0x0000000112a75920+0x19c]
j  sun.lwawt.macosx.CAccessibility.getAccessibleRole(Ljavax/accessibility/Accessible;Ljava/awt/Component;)Ljava/lang/String;+15
v  ~StubRoutines::call_stub
J 1590  sun.lwawt.macosx.LWCToolkit.doAWTRunLoopImpl(JZZ)V (0 bytes) @ 0x00000001129954c7 [0x0000000112995480+0x47]
J 1588 C1 sun.lwawt.macosx.LWCToolkit.invokeAndWait(Ljava/lang/Runnable;Ljava/awt/Component;)V (117 bytes) @ 0x00000001128e917c [0x00000001128e77a0+0x19dc]
J 1471 C1 sun.lwawt.macosx.CAccessibility.invokeAndWait(Ljava/util/concurrent/Callable;Ljava/awt/Component;)Ljava/lang/Object; (13 bytes) @ 0x0000000112a75abc [0x0000000112a75920+0x19c]
j  sun.lwawt.macosx.CAccessibility.getAccessibleRole(Ljavax/accessibility/Accessible;Ljava/awt/Component;)Ljava/lang/String;+15
v  ~StubRoutines::call_stub
J 1590  sun.lwawt.macosx.LWCToolkit.doAWTRunLoopImpl(JZZ)V (0 bytes) @ 0x00000001129954c7 [0x0000000112995480+0x47]
J 1588 C1 sun.lwawt.macosx.LWCToolkit.invokeAndWait(Ljava/lang/Runnable;Ljava/awt/Component;)V (117 bytes) @ 0x00000001128e917c [0x00000001128e77a0+0x19dc]
J 1471 C1 sun.lwawt.macosx.CAccessibility.invokeAndWait(Ljava/util/concurrent/Callable;Ljava/awt/Component;)Ljava/lang/Object; (13 bytes) @ 0x0000000112a75abc [0x0000000112a75920+0x19c]
j  sun.lwawt.macosx.CAccessibility.getAccessibleRole(Ljavax/accessibility/Accessible;Ljava/awt/Component;)Ljava/lang/String;+15
v  ~StubRoutines::call_stub
J 1590  sun.lwawt.macosx.LWCToolkit.doAWTRunLoopImpl(JZZ)V (0 bytes) @ 0x00000001129954c7 [0x0000000112995480+0x47]
J 1588 C1 sun.lwawt.macosx.LWCToolkit.invokeAndWait(Ljava/lang/Runnable;Ljava/awt/Component;)V (117 bytes) @ 0x00000001128e917c [0x00000001128e77a0+0x19dc]
J 1471 C1 sun.lwawt.macosx.CAccessibility.invokeAndWait(Ljava/util/concurrent/Callable;Ljava/awt/Component;)Ljava/lang/Object; (13 bytes) @ 0x0000000112a75abc [0x0000000112a75920+0x19c]
j  sun.lwawt.macosx.CAccessibility.getAccessibleIndexInParent(Ljavax/accessibility/Accessible;Ljava/awt/Component;)I+15
v  ~StubRoutines::call_stub
J 1590  sun.lwawt.macosx.LWCToolkit.doAWTRunLoopImpl(JZZ)V (0 bytes) @ 0x00000001129954c7 [0x0000000112995480+0x47]
J 1588 C1 sun.lwawt.macosx.LWCToolkit.invokeAndWait(Ljava/lang/Runnable;Ljava/awt/Component;)V (117 bytes) @ 0x00000001128e917c [0x00000001128e77a0+0x19dc]
J 1471 C1 sun.lwawt.macosx.CAccessibility.invokeAndWait(Ljava/util/concurrent/Callable;Ljava/awt/Component;)Ljava/lang/Object; (13 bytes) @ 0x0000000112a75abc [0x0000000112a75920+0x19c]
j  sun.lwawt.macosx.CAccessibility.getAccessibleRole(Ljavax/accessibility/Accessible;Ljava/awt/Component;)Ljava/lang/String;+15
v  ~StubRoutines::call_stub
J 1590  sun.lwawt.macosx.LWCToolkit.doAWTRunLoopImpl(JZZ)V (0 bytes) @ 0x00000001129954c7 [0x0000000112995480+0x47]
J 1588 C1 sun.lwawt.macosx.LWCToolkit.invokeAndWait(Ljava/lang/Runnable;Ljava/awt/Component;)V (117 bytes) @ 0x00000001128e917c [0x00000001128e77a0+0x19dc]
J 1471 C1 sun.lwawt.macosx.CAccessibility.invokeAndWait(Ljava/util/concurrent/Callable;Ljava/awt/Component;)Ljava/lang/Object; (13 bytes) @ 0x0000000112a75abc [0x0000000112a75920+0x19c]
j  sun.lwawt.macosx.CAccessibility.getAccessibleRole(Ljavax/accessibility/Accessible;Ljava/awt/Component;)Ljava/lang/String;+15
v  ~StubRoutines::call_stub
J 1590  sun.lwawt.macosx.LWCToolkit.doAWTRunLoopImpl(JZZ)V (0 bytes) @ 0x00000001129954c7 [0x0000000112995480+0x47]
J 1588 C1 sun.lwawt.macosx.LWCToolkit.invokeAndWait(Ljava/lang/Runnable;Ljava/awt/Component;)V (117 bytes) @ 0x00000001128e917c [0x00000001128e77a0+0x19dc]
J 1471 C1 sun.lwawt.macosx.CAccessibility.invokeAndWait(Ljava/util/concurrent/Callable;Ljava/awt/Component;)Ljava/lang/Object; (13 bytes) @ 0x0000000112a75abc [0x0000000112a75920+0x19c]
j  sun.lwawt.macosx.CAccessibility.getAccessibleRole(Ljavax/accessibility/Accessible;Ljava/awt/Component;)Ljava/lang/String;+15
v  ~StubRoutines::call_stub
J 1590  sun.lwawt.macosx.LWCToolkit.doAWTRunLoopImpl(JZZ)V (0 bytes) @ 0x00000001129954c7 [0x0000000112995480+0x47]
J 1588 C1 sun.lwawt.macosx.LWCToolkit.invokeAndWait(Ljava/lang/Runnable;Ljava/awt/Component;)V (117 bytes) @ 0x00000001128e917c [0x00000001128e77a0+0x19dc]
J 1471 C1 sun.lwawt.macosx.CAccessibility.invokeAndWait(Ljava/util/concurrent/Callable;Ljava/awt/Component;)Ljava/lang/Object; (13 bytes) @ 0x0000000112a75abc [0x0000000112a75920+0x19c]
j  sun.lwawt.macosx.CAccessibility.getAccessibleRole(Ljavax/accessibility/Accessible;Ljava/awt/Component;)Ljava/lang/String;+15
v  ~StubRoutines::call_stub
J 1590  sun.lwawt.macosx.LWCToolkit.doAWTRunLoopImpl(JZZ)V (0 bytes) @ 0x00000001129954c7 [0x0000000112995480+0x47]
J 1588 C1 sun.lwawt.macosx.LWCToolkit.invokeAndWait(Ljava/lang/Runnable;Ljava/awt/Component;)V (117 bytes) @ 0x00000001128e917c [0x00000001128e77a0+0x19dc]
J 1471 C1 sun.lwawt.macosx.CAccessibility.invokeAndWait(Ljava/util/concurrent/Callable;Ljava/awt/Component;)Ljava/lang/Object; (13 bytes) @ 0x0000000112a75abc [0x0000000112a75920+0x19c]
j  sun.lwawt.macosx.CAccessibility.getAccessibleRole(Ljavax/accessibility/Accessible;Ljava/awt/Component;)Ljava/lang/String;+15
v  ~StubRoutines::call_stub
J 1590  sun.lwawt.macosx.LWCToolkit.doAWTRunLoopImpl(JZZ)V (0 bytes) @ 0x00000001129954c7 [0x0000000112995480+0x47]
J 1588 C1 sun.lwawt.macosx.LWCToolkit.invokeAndWait(Ljava/lang/Runnable;Ljava/awt/Component;)V (117 bytes) @ 0x00000001128e917c [0x00000001128e77a0+0x19dc]
J 1471 C1 sun.lwawt.macosx.CAccessibility.invokeAndWait(Ljava/util/concurrent/Callable;Ljava/awt/Component;)Ljava/lang/Object; (13 bytes) @ 0x0000000112a75abc [0x0000000112a75920+0x19c]
j  sun.lwawt.macosx.CAccessibility.getAccessibleIndexInParent(Ljavax/accessibility/Accessible;Ljava/awt/Component;)I+15
v  ~StubRoutines::call_stub
J 1590  sun.lwawt.macosx.LWCToolkit.doAWTRunLoopImpl(JZZ)V (0 bytes) @ 0x00000001129954c7 [0x0000000112995480+0x47]
J 1588 C1 sun.lwawt.macosx.LWCToolkit.invokeAndWait(Ljava/lang/Runnable;Ljava/awt/Component;)V (117 bytes) @ 0x00000001128e917c [0x00000001128e77a0+0x19dc]
J 1471 C1 sun.lwawt.macosx.CAccessibility.invokeAndWait(Ljava/util/concurrent/Callable;Ljava/awt/Component;)Ljava/lang/Object; (13 bytes) @ 0x0000000112a75abc [0x0000000112a75920+0x19c]
j  sun.lwawt.macosx.CAccessibility.getAccessibleValue(Ljavax/accessibility/Accessible;Ljava/awt/Component;)Ljavax/accessibility/AccessibleValue;+15
v  ~StubRoutines::call_stub
J 1590  sun.lwawt.macosx.LWCToolkit.doAWTRunLoopImpl(JZZ)V (0 bytes) @ 0x00000001129954c7 [0x0000000112995480+0x47]
J 1588 C1 sun.lwawt.macosx.LWCToolkit.invokeAndWait(Ljava/lang/Runnable;Ljava/awt/Component;)V (117 bytes) @ 0x00000001128e917c [0x00000001128e77a0+0x19dc]
J 1471 C1 sun.lwawt.macosx.CAccessibility.invokeAndWait(Ljava/util/concurrent/Callable;Ljava/awt/Component;)Ljava/lang/Object; (13 bytes) @ 0x0000000112a75abc [0x0000000112a75920+0x19c]
j  sun.lwawt.macosx.CAccessibility.getAccessibleRole(Ljavax/accessibility/Accessible;Ljava/awt/Component;)Ljava/lang/String;+15
v  ~StubRoutines::call_stub
J 1590  sun.lwawt.macosx.LWCToolkit.doAWTRunLoopImpl(JZZ)V (0 bytes) @ 0x00000001129954c7 [0x0000000112995480+0x47]
J 1588 C1 sun.lwawt.macosx.LWCToolkit.invokeAndWait(Ljava/lang/Runnable;Ljava/awt/Component;)V (117 bytes) @ 0x00000001128e917c [0x00000001128e77a0+0x19dc]
J 1471 C1 sun.lwawt.macosx.CAccessibility.invokeAndWait(Ljava/util/concurrent/Callable;Ljava/awt/Component;)Ljava/lang/Object; (13 bytes) @ 0x0000000112a75abc [0x0000000112a75920+0x19c]
j  sun.lwawt.macosx.CAccessibility.getAccessibleRole(Ljavax/accessibility/Accessible;Ljava/awt/Component;)Ljava/lang/String;+15
v  ~StubRoutines::call_stub
J 1590  sun.lwawt.macosx.LWCToolkit.doAWTRunLoopImpl(JZZ)V (0 bytes) @ 0x00000001129954c7 [0x0000000112995480+0x47]
J 1588 C1 sun.lwawt.macosx.LWCToolkit.invokeAndWait(Ljava/lang/Runnable;Ljava/awt/Component;)V (117 bytes) @ 0x00000001128e917c [0x00000001128e77a0+0x19dc]
J 1471 C1 sun.lwawt.macosx.CAccessibility.invokeAndWait(Ljava/util/concurrent/Callable;Ljava/awt/Component;)Ljava/lang/Object; (13 bytes) @ 0x0000000112a75abc [0x0000000112a75920+0x19c]
j  sun.lwawt.macosx.CAccessibility.getAccessibleRole(Ljavax/accessibility/Accessible;Ljava/awt/Component;)Ljava/lang/String;+15
v  ~StubRoutines::call_stub
J 1590  sun.lwawt.macosx.LWCToolkit.doAWTRunLoopImpl(JZZ)V (0 bytes) @ 0x00000001129954c7 [0x0000000112995480+0x47]
J 1588 C1 sun.lwawt.macosx.LWCToolkit.invokeAndWait(Ljava/lang/Runnable;Ljava/awt/Component;)V (117 bytes) @ 0x00000001128e917c [0x00000001128e77a0+0x19dc]
J 1471 C1 sun.lwawt.macosx.CAccessibility.invokeAndWait(Ljava/util/concurrent/Callable;Ljava/awt/Component;)Ljava/lang/Object; (13 bytes) @ 0x0000000112a75abc [0x0000000112a75920+0x19c]
j  sun.lwawt.macosx.CAccessibility.getAccessibleRole(Ljavax/accessibility/Accessible;Ljava/awt/Component;)Ljava/lang/String;+15
v  ~StubRoutines::call_stub
J 1590  sun.lwawt.macosx.LWCToolkit.doAWTRunLoopImpl(JZZ)V (0 bytes) @ 0x00000001129954c7 [0x0000000112995480+0x47]
J 1588 C1 sun.lwawt.macosx.LWCToolkit.invokeAndWait(Ljava/lang/Runnable;Ljava/awt/Component;)V (117 bytes) @ 0x00000001128e917c [0x00000001128e77a0+0x19dc]
J 1471 C1 sun.lwawt.macosx.CAccessibility.invokeAndWait(Ljava/util/concurrent/Callable;Ljava/awt/Component;)Ljava/lang/Object; (13 bytes) @ 0x0000000112a75abc [0x0000000112a75920+0x19c]
j  sun.lwawt.macosx.CAccessibility.getAccessibleRole(Ljavax/accessibility/Accessible;Ljava/awt/Component;)Ljava/lang/String;+15
v  ~StubRoutines::call_stub
J 1590  sun.lwawt.macosx.LWCToolkit.doAWTRunLoopImpl(JZZ)V (0 bytes) @ 0x00000001129954c7 [0x0000000112995480+0x47]
J 1588 C1 sun.lwawt.macosx.LWCToolkit.invokeAndWait(Ljava/lang/Runnable;Ljava/awt/Component;)V (117 bytes) @ 0x00000001128e917c [0x00000001128e77a0+0x19dc]
J 1471 C1 sun.lwawt.macosx.CAccessibility.invokeAndWait(Ljava/util/concurrent/Callable;Ljava/awt/Component;)Ljava/lang/Object; (13 bytes) @ 0x0000000112a75abc [0x0000000112a75920+0x19c]
j  sun.lwawt.macosx.CAccessibility.getAccessibleValue(Ljavax/accessibility/Accessible;Ljava/awt/Component;)Ljavax/accessibility/AccessibleValue;+15
v  ~StubRoutines::call_stub
J 1590  sun.lwawt.macosx.LWCToolkit.doAWTRunLoopImpl(JZZ)V (0 bytes) @ 0x00000001129954c7 [0x0000000112995480+0x47]
J 1588 C1 sun.lwawt.macosx.LWCToolkit.invokeAndWait(Ljava/lang/Runnable;Ljava/awt/Component;)V (117 bytes) @ 0x00000001128e917c [0x00000001128e77a0+0x19dc]
J 1471 C1 sun.lwawt.macosx.CAccessibility.invokeAndWait(Ljava/util/concurrent/Callable;Ljava/awt/Component;)Ljava/lang/Object; (13 bytes) @ 0x0000000112a75abc [0x0000000112a75920+0x19c]
j  sun.lwawt.macosx.CAccessibility.getAccessibleIndexInParent(Ljavax/accessibility/Accessible;Ljava/awt/Component;)I+15
v  ~StubRoutines::call_stub
J 1590  sun.lwawt.macosx.LWCToolkit.doAWTRunLoopImpl(JZZ)V (0 bytes) @ 0x00000001129954c7 [0x0000000112995480+0x47]
J 1588 C1 sun.lwawt.macosx.LWCToolkit.invokeAndWait(Ljava/lang/Runnable;Ljava/awt/Component;)V (117 bytes) @ 0x00000001128e917c [0x00000001128e77a0+0x19dc]
J 1471 C1 sun.lwawt.macosx.CAccessibility.invokeAndWait(Ljava/util/concurrent/Callable;Ljava/awt/Component;)Ljava/lang/Object; (13 bytes) @ 0x0000000112a75abc [0x0000000112a75920+0x19c]
j  sun.lwawt.macosx.CAccessibility.getAccessibleRole(Ljavax/accessibility/Accessible;Ljava/awt/Component;)Ljava/lang/String;+15
v  ~StubRoutines::call_stub
J 1590  sun.lwawt.macosx.LWCToolkit.doAWTRunLoopImpl(JZZ)V (0 bytes) @ 0x00000001129954c7 [0x0000000112995480+0x47]
J 1588 C1 sun.lwawt.macosx.LWCToolkit.invokeAndWait(Ljava/lang/Runnable;Ljava/awt/Component;)V (117 bytes) @ 0x00000001128e917c [0x00000001128e77a0+0x19dc]
J 1471 C1 sun.lwawt.macosx.CAccessibility.invokeAndWait(Ljava/util/concurrent/Callable;Ljava/awt/Component;)Ljava/lang/Object; (13 bytes) @ 0x0000000112a75abc [0x0000000112a75920+0x19c]
j  sun.lwawt.macosx.CAccessibility.getAccessibleIndexInParent(Ljavax/accessibility/Accessible;Ljava/awt/Component;)I+15
v  ~StubRoutines::call_stub
J 1590  sun.lwawt.macosx.LWCToolkit.doAWTRunLoopImpl(JZZ)V (0 bytes) @ 0x00000001129954c7 [0x0000000112995480+0x47]
J 1588 C1 sun.lwawt.macosx.LWCToolkit.invokeAndWait(Ljava/lang/Runnable;Ljava/awt/Component;)V (117 bytes) @ 0x00000001128e917c [0x00000001128e77a0+0x19dc]
J 1471 C1 sun.lwawt.macosx.CAccessibility.invokeAndWait(Ljava/util/concurrent/Callable;Ljava/awt/Component;)Ljava/lang/Object; (13 bytes) @ 0x0000000112a75abc [0x0000000112a75920+0x19c]
j  sun.lwawt.macosx.CAccessibility.getAccessibleRole(Ljavax/accessibility/Accessible;Ljava/awt/Component;)Ljava/lang/String;+15
v  ~StubRoutines::call_stub
J 1590  sun.lwawt.macosx.LWCToolkit.doAWTRunLoopImpl(JZZ)V (0 bytes) @ 0x00000001129954c7 [0x0000000112995480+0x47]
J 1588 C1 sun.lwawt.macosx.LWCToolkit.invokeAndWait(Ljava/lang/Runnable;Ljava/awt/Component;)V (117 bytes) @ 0x00000001128e917c [0x00000001128e77a0+0x19dc]
J 1471 C1 sun.lwawt.macosx.CAccessibility.invokeAndWait(Ljava/util/concurrent/Callable;Ljava/awt/Component;)Ljava/lang/Object; (13 bytes) @ 0x0000000112a75abc [0x0000000112a75920+0x19c]
j  sun.lwawt.macosx.CAccessibility.getAccessibleRole(Ljavax/accessibility/Accessible;Ljava/awt/Component;)Ljava/lang/String;+15
v  ~StubRoutines::call_stub
J 1590  sun.lwawt.macosx.LWCToolkit.doAWTRunLoopImpl(JZZ)V (0 bytes) @ 0x00000001129954c7 [0x0000000112995480+0x47]
J 1588 C1 sun.lwawt.macosx.LWCToolkit.invokeAndWait(Ljava/lang/Runnable;Ljava/awt/Component;)V (117 bytes) @ 0x00000001128e917c [0x00000001128e77a0+0x19dc]
J 1471 C1 sun.lwawt.macosx.CAccessibility.invokeAndWait(Ljava/util/concurrent/Callable;Ljava/awt/Component;)Ljava/lang/Object; (13 bytes) @ 0x0000000112a75abc [0x0000000112a75920+0x19c]
j  sun.lwawt.macosx.CAccessibility.getAccessibleRole(Ljavax/accessibility/Accessible;Ljava/awt/Component;)Ljava/lang/String;+15
v  ~StubRoutines::call_stub
J 1590  sun.lwawt.macosx.LWCToolkit.doAWTRunLoopImpl(JZZ)V (0 bytes) @ 0x00000001129954c7 [0x0000000112995480+0x47]
J 1588 C1 sun.lwawt.macosx.LWCToolkit.invokeAndWait(Ljava/lang/Runnable;Ljava/awt/Component;)V (117 bytes) @ 0x00000001128e917c [0x00000001128e77a0+0x19dc]
J 1471 C1 sun.lwawt.macosx.CAccessibility.invokeAndWait(Ljava/util/concurrent/Callable;Ljava/awt/Component;)Ljava/lang/Object; (13 bytes) @ 0x0000000112a75abc [0x0000000112a75920+0x19c]
j  sun.lwawt.macosx.CAccessibility.getAccessibleRole(Ljavax/accessibility/Accessible;Ljava/awt/Component;)Ljava/lang/String;+15
v  ~StubRoutines::call_stub
J 1590  sun.lwawt.macosx.LWCToolkit.doAWTRunLoopImpl(JZZ)V (0 bytes) @ 0x00000001129954c7 [0x0000000112995480+0x47]
J 1588 C1 sun.lwawt.macosx.LWCToolkit.invokeAndWait(Ljava/lang/Runnable;Ljava/awt/Component;)V (117 bytes) @ 0x00000001128e917c [0x00000001128e77a0+0x19dc]
J 1471 C1 sun.lwawt.macosx.CAccessibility.invokeAndWait(Ljava/util/concurrent/Callable;Ljava/awt/Component;)Ljava/lang/Object; (13 bytes) @ 0x0000000112a75abc [0x0000000112a75920+0x19c]
j  sun.lwawt.macosx.CAccessibility.getAccessibleRole(Ljavax/accessibility/Accessible;Ljava/awt/Component;)Ljava/lang/String;+15
v  ~StubRoutines::call_stub
J 1590  sun.lwawt.macosx.LWCToolkit.doAWTRunLoopImpl(JZZ)V (0 bytes) @ 0x00000001129954c7 [0x0000000112995480+0x47]
J 1588 C1 sun.lwawt.macosx.LWCToolkit.invokeAndWait(Ljava/lang/Runnable;Ljava/awt/Component;)V (117 bytes) @ 0x00000001128e917c [0x00000001128e77a0+0x19dc]
J 1471 C1 sun.lwawt.macosx.CAccessibility.invokeAndWait(Ljava/util/concurrent/Callable;Ljava/awt/Component;)Ljava/lang/Object; (13 bytes) @ 0x0000000112a75abc [0x0000000112a75920+0x19c]
j  sun.lwawt.macosx.CAccessibility.getAccessibleRole(Ljavax/accessibility/Accessible;Ljava/awt/Component;)Ljava/lang/String;+15
v  ~StubRoutines::call_stub
J 1590  sun.lwawt.macosx.LWCToolkit.doAWTRunLoopImpl(JZZ)V (0 bytes) @ 0x00000001129954c7 [0x0000000112995480+0x47]
J 1588 C1 sun.lwawt.macosx.LWCToolkit.invokeAndWait(Ljava/lang/Runnable;Ljava/awt/Component;)V (117 bytes) @ 0x00000001128e917c [0x00000001128e77a0+0x19dc]
J 1471 C1 sun.lwawt.macosx.CAccessibility.invokeAndWait(Ljava/util/concurrent/Callable;Ljava/awt/Component;)Ljava/lang/Object; (13 bytes) @ 0x0000000112a75abc [0x0000000112a75920+0x19c]
j  sun.lwawt.macosx.CAccessibility.getAccessibleRole(Ljavax/accessibility/Accessible;Ljava/awt/Component;)Ljava/lang/String;+15
v  ~StubRoutines::call_stub
J 1590  sun.lwawt.macosx.LWCToolkit.doAWTRunLoopImpl(JZZ)V (0 bytes) @ 0x00000001129954c7 [0x0000000112995480+0x47]
J 1588 C1 sun.lwawt.macosx.LWCToolkit.invokeAndWait(Ljava/lang/Runnable;Ljava/awt/Component;)V (117 bytes) @ 0x00000001128e917c [0x00000001128e77a0+0x19dc]
J 1471 C1 sun.lwawt.macosx.CAccessibility.invokeAndWait(Ljava/util/concurrent/Callable;Ljava/awt/Component;)Ljava/lang/Object; (13 bytes) @ 0x0000000112a75abc [0x0000000112a75920+0x19c]
j  sun.lwawt.macosx.CAccessibility.getAccessibleValue(Ljavax/accessibility/Accessible;Ljava/awt/Component;)Ljavax/accessibility/AccessibleValue;+15
v  ~StubRoutines::call_stub
J 1590  sun.lwawt.macosx.LWCToolkit.doAWTRunLoopImpl(JZZ)V (0 bytes) @ 0x00000001129954c7 [0x0000000112995480+0x47]
J 1588 C1 sun.lwawt.macosx.LWCToolkit.invokeAndWait(Ljava/lang/Runnable;Ljava/awt/Component;)V (117 bytes) @ 0x00000001128e917c [0x00000001128e77a0+0x19dc]
J 1471 C1 sun.lwawt.macosx.CAccessibility.invokeAndWait(Ljava/util/concurrent/Callable;Ljava/awt/Component;)Ljava/lang/Object; (13 bytes) @ 0x0000000112a75abc [0x0000000112a75920+0x19c]
j  sun.lwawt.macosx.CAccessibility.getAccessibleRole(Ljavax/accessibility/Accessible;Ljava/awt/Component;)Ljava/lang/String;+15
v  ~StubRoutines::call_stub
J 1590  sun.lwawt.macosx.LWCToolkit.doAWTRunLoopImpl(JZZ)V (0 bytes) @ 0x00000001129954c7 [0x0000000112995480+0x47]
J 1588 C1 sun.lwawt.macosx.LWCToolkit.invokeAndWait(Ljava/lang/Runnable;Ljava/awt/Component;)V (117 bytes) @ 0x00000001128e917c [0x00000001128e77a0+0x19dc]
J 1471 C1 sun.lwawt.macosx.CAccessibility.invokeAndWait(Ljava/util/concurrent/Callable;Ljava/awt/Component;)Ljava/lang/Object; (13 bytes) @ 0x0000000112a75abc [0x0000000112a75920+0x19c]
j  sun.lwawt.macosx.CAccessibility.getAccessibleValue(Ljavax/accessibility/Accessible;Ljava/awt/Component;)Ljavax/accessibility/AccessibleValue;+15
v  ~StubRoutines::call_stub
J 1590  sun.lwawt.macosx.LWCToolkit.doAWTRunLoopImpl(JZZ)V (0 bytes) @ 0x00000001129954c7 [0x0000000112995480+0x47]
J 1588 C1 sun.lwawt.macosx.LWCToolkit.invokeAndWait(Ljava/lang/Runnable;Ljava/awt/Component;)V (117 bytes) @ 0x00000001128e917c [0x00000001128e77a0+0x19dc]
J 1471 C1 sun.lwawt.macosx.CAccessibility.invokeAndWait(Ljava/util/concurrent/Callable;Ljava/awt/Component;)Ljava/lang/Object; (13 bytes) @ 0x0000000112a75abc [0x0000000112a75920+0x19c]
j  sun.lwawt.macosx.CAccessibility.getAccessibleValue(Ljavax/accessibility/Accessible;Ljava/awt/Component;)Ljavax/accessibility/AccessibleValue;+15
v  ~StubRoutines::call_stub
J 1590  sun.lwawt.macosx.LWCToolkit.doAWTRunLoopImpl(JZZ)V (0 bytes) @ 0x00000001129954c7 [0x0000000112995480+0x47]
J 1588 C1 sun.lwawt.macosx.LWCToolkit.invokeAndWait(Ljava/lang/Runnable;Ljava/awt/Component;)V (117 bytes) @ 0x00000001128e917c [0x00000001128e77a0+0x19dc]
J 1471 C1 sun.lwawt.macosx.CAccessibility.invokeAndWait(Ljava/util/concurrent/Callable;Ljava/awt/Component;)Ljava/lang/Object; (13 bytes) @ 0x0000000112a75abc [0x0000000112a75920+0x19c]
j  sun.lwawt.macosx.CAccessibility.getAccessibleRole(Ljavax/accessibility/Accessible;Ljava/awt/Component;)Ljava/lang/String;+15
v  ~StubRoutines::call_stub
J 1590  sun.lwawt.macosx.LWCToolkit.doAWTRunLoopImpl(JZZ)V (0 bytes) @ 0x00000001129954c7 [0x0000000112995480+0x47]
J 1588 C1 sun.lwawt.macosx.LWCToolkit.invokeAndWait(Ljava/lang/Runnable;Ljava/awt/Component;)V (117 bytes) @ 0x00000001128e917c [0x00000001128e77a0+0x19dc]
J 1471 C1 sun.lwawt.macosx.CAccessibility.invokeAndWait(Ljava/util/concurrent/Callable;Ljava/awt/Component;)Ljava/lang/Object; (13 bytes) @ 0x0000000112a75abc [0x0000000112a75920+0x19c]
j  sun.lwawt.macosx.CAccessibility.getAccessibleValue(Ljavax/accessibility/Accessible;Ljava/awt/Component;)Ljavax/accessibility/AccessibleValue;+15
v  ~StubRoutines::call_stub
J 1590  sun.lwawt.macosx.LWCToolkit.doAWTRunLoopImpl(JZZ)V (0 bytes) @ 0x00000001129954c7 [0x0000000112995480+0x47]
J 1588 C1 sun.lwawt.macosx.LWCToolkit.invokeAndWait(Ljava/lang/Runnable;Ljava/awt/Component;)V (117 bytes) @ 0x00000001128e917c [0x00000001128e77a0+0x19dc]
J 1471 C1 sun.lwawt.macosx.CAccessibility.invokeAndWait(Ljava/util/concurrent/Callable;Ljava/awt/Component;)Ljava/lang/Object; (13 bytes) @ 0x0000000112a75abc [0x0000000112a75920+0x19c]
j  sun.lwawt.macosx.CAccessibility.getAccessibleRole(Ljavax/accessibility/Accessible;Ljava/awt/Component;)Ljava/lang/String;+15
v  ~StubRoutines::call_stub
J 1590  sun.lwawt.macosx.LWCToolkit.doAWTRunLoopImpl(JZZ)V (0 bytes) @ 0x00000001129954c7 [0x0000000112995480+0x47]
J 1588 C1 sun.lwawt.macosx.LWCToolkit.invokeAndWait(Ljava/lang/Runnable;Ljava/awt/Component;)V (117 bytes) @ 0x00000001128e917c [0x00000001128e77a0+0x19dc]
J 1471 C1 sun.lwawt.macosx.CAccessibility.invokeAndWait(Ljava/util/concurrent/Callable;Ljava/awt/Component;)Ljava/lang/Object; (13 bytes) @ 0x0000000112a75abc [0x0000000112a75920+0x19c]
j  sun.lwawt.macosx.CAccessibility.getAccessibleName(Ljavax/accessibility/Accessible;Ljava/awt/Component;)Ljava/lang/String;+15
v  ~StubRoutines::call_stub
j  sun.lwawt.macosx.LWCToolkit.doAWTRunLoopImpl(JZZ)V+0
J 1473 C1 sun.lwawt.macosx.LWCToolkit.doAWTRunLoop(JZ)V (9 bytes) @ 0x0000000112a72a1c [0x0000000112a729c0+0x5c]
j  sun.lwawt.macosx.LWCToolkit.invokeAndWait(Ljava/lang/Runnable;Ljava/awt/Component;)V+73
J 1471 C1 sun.lwawt.macosx.CAccessibility.invokeAndWait(Ljava/util/concurrent/Callable;Ljava/awt/Component;)Ljava/lang/Object; (13 bytes) @ 0x0000000112a75abc [0x0000000112a75920+0x19c]
j  sun.lwawt.macosx.CAccessibility.getAccessibleIndexInParent(Ljavax/accessibility/Accessible;Ljava/awt/Component;)I+15
v  ~StubRoutines::call_stub
j  sun.lwawt.macosx.LWCToolkit.doAWTRunLoopImpl(JZZ)V+0
J 1473 C1 sun.lwawt.macosx.LWCToolkit.doAWTRunLoop(JZ)V (9 bytes) @ 0x0000000112a72a1c [0x0000000112a729c0+0x5c]
j  sun.lwawt.macosx.LWCToolkit.invokeAndWait(Ljava/lang/Runnable;Ljava/awt/Component;)V+73
J 1471 C1 sun.lwawt.macosx.CAccessibility.invokeAndWait(Ljava/util/concurrent/Callable;Ljava/awt/Component;)Ljava/lang/Object; (13 bytes) @ 0x0000000112a75abc [0x0000000112a75920+0x19c]
j  sun.lwawt.macosx.CAccessibility.getAccessibleRole(Ljavax/accessibility/Accessible;Ljava/awt/Component;)Ljava/lang/String;+15
v  ~StubRoutines::call_stub
j  sun.lwawt.macosx.LWCToolkit.doAWTRunLoopImpl(JZZ)V+0
J 1473 C1 sun.lwawt.macosx.LWCToolkit.doAWTRunLoop(JZ)V (9 bytes) @ 0x0000000112a72a1c [0x0000000112a729c0+0x5c]
j  sun.lwawt.macosx.LWCToolkit.invokeAndWait(Ljava/lang/Runnable;Ljava/awt/Component;)V+73
J 1471 C1 sun.lwawt.macosx.CAccessibility.invokeAndWait(Ljava/util/concurrent/Callable;Ljava/awt/Component;)Ljava/lang/Object; (13 bytes) @ 0x0000000112a75abc [0x0000000112a75920+0x19c]
j  sun.lwawt.macosx.CAccessibility.getAccessibleIndexInParent(Ljavax/accessibility/Accessible;Ljava/awt/Component;)I+15
v  ~StubRoutines::call_stub
j  sun.lwawt.macosx.LWCToolkit.doAWTRunLoopImpl(JZZ)V+0
J 1473 C1 sun.lwawt.macosx.LWCToolkit.doAWTRunLoop(JZ)V (9 bytes) @ 0x0000000112a72a1c [0x0000000112a729c0+0x5c]
j  sun.lwawt.macosx.LWCToolkit.invokeAndWait(Ljava/lang/Runnable;Ljava/awt/Component;)V+73
J 1471 C1 sun.lwawt.macosx.CAccessibility.invokeAndWait(Ljava/util/concurrent/Callable;Ljava/awt/Component;)Ljava/lang/Object; (13 bytes) @ 0x0000000112a75abc [0x0000000112a75920+0x19c]
j  sun.lwawt.macosx.CAccessibility.getAccessibleValue(Ljavax/accessibility/Accessible;Ljava/awt/Component;)Ljavax/accessibility/AccessibleValue;+15
v  ~StubRoutines::call_stub
j  sun.lwawt.macosx.LWCToolkit.doAWTRunLoopImpl(JZZ)V+0
J 1473 C1 sun.lwawt.macosx.LWCToolkit.doAWTRunLoop(JZ)V (9 bytes) @ 0x0000000112a72a1c [0x0000000112a729c0+0x5c]
j  sun.lwawt.macosx.LWCToolkit.invokeAndWait(Ljava/lang/Runnable;Ljava/awt/Component;)V+73
J 1471 C1 sun.lwawt.macosx.CAccessibility.invokeAndWait(Ljava/util/concurrent/Callable;Ljava/awt/Component;)Ljava/lang/Object; (13 bytes) @ 0x0000000112a75abc [0x0000000112a75920+0x19c]
j  sun.lwawt.macosx.CAccessibility.getAccessibleRole(Ljavax/accessibility/Accessible;Ljava/awt/Component;)Ljava/lang/String;+15
v  ~StubRoutines::call_stub
j  sun.lwawt.macosx.LWCToolkit.doAWTRunLoopImpl(JZZ)V+0
J 1473 C1 sun.lwawt.macosx.LWCToolkit.doAWTRunLoop(JZ)V (9 bytes) @ 0x0000000112a72a1c [0x0000000112a729c0+0x5c]
j  sun.lwawt.macosx.LWCToolkit.invokeAndWait(Ljava/lang/Runnable;Ljava/awt/Component;)V+73
J 1471 C1 sun.lwawt.macosx.CAccessibility.invokeAndWait(Ljava/util/concurrent/Callable;Ljava/awt/Component;)Ljava/lang/Object; (13 bytes) @ 0x0000000112a75abc [0x0000000112a75920+0x19c]
j  sun.lwawt.macosx.CAccessibility.getAccessibleRole(Ljavax/accessibility/Accessible;Ljava/awt/Component;)Ljava/lang/String;+15
v  ~StubRoutines::call_stub
j  sun.lwawt.macosx.LWCToolkit.doAWTRunLoopImpl(JZZ)V+0
J 1473 C1 sun.lwawt.macosx.LWCToolkit.doAWTRunLoop(JZ)V (9 bytes) @ 0x0000000112a72a1c [0x0000000112a729c0+0x5c]
j  sun.lwawt.macosx.LWCToolkit.invokeAndWait(Ljava/lang/Runnable;Ljava/awt/Component;)V+73
J 1471 C1 sun.lwawt.macosx.CAccessibility.invokeAndWait(Ljava/util/concurrent/Callable;Ljava/awt/Component;)Ljava/lang/Object; (13 bytes) @ 0x0000000112a75abc [0x0000000112a75920+0x19c]
j  sun.lwawt.macosx.CAccessibility.getAccessibleIndexInParent(Ljavax/accessibility/Accessible;Ljava/awt/Component;)I+15
v  ~StubRoutines::call_stub
j  sun.lwawt.macosx.LWCToolkit.doAWTRunLoopImpl(JZZ)V+0
J 1473 C1 sun.lwawt.macosx.LWCToolkit.doAWTRunLoop(JZ)V (9 bytes) @ 0x0000000112a72a1c [0x0000000112a729c0+0x5c]
j  sun.lwawt.macosx.LWCToolkit.invokeAndWait(Ljava/lang/Runnable;Ljava/awt/Component;)V+73
J 1471 C1 sun.lwawt.macosx.CAccessibility.invokeAndWait(Ljava/util/concurrent/Callable;Ljava/awt/Component;)Ljava/lang/Object; (13 bytes) @ 0x0000000112a75abc [0x0000000112a75920+0x19c]
j  sun.lwawt.macosx.CAccessibility.getAccessibleIndexInParent(Ljavax/accessibility/Accessible;Ljava/awt/Component;)I+15
v  ~StubRoutines::call_stub
j  sun.lwawt.macosx.LWCToolkit.doAWTRunLoopImpl(JZZ)V+0
J 1473 C1 sun.lwawt.macosx.LWCToolkit.doAWTRunLoop(JZ)V (9 bytes) @ 0x0000000112a72a1c [0x0000000112a729c0+0x5c]
j  sun.lwawt.macosx.LWCToolkit.invokeAndWait(Ljava/lang/Runnable;Ljava/awt/Component;)V+73
J 1471 C1 sun.lwawt.macosx.CAccessibility.invokeAndWait(Ljava/util/concurrent/Callable;Ljava/awt/Component;)Ljava/lang/Object; (13 bytes) @ 0x0000000112a75abc [0x0000000112a75920+0x19c]
j  sun.lwawt.macosx.CAccessibility.getFocusOwner(Ljava/awt/Component;)Ljavax/accessibility/Accessible;+8
v  ~StubRoutines::call_stub
j  sun.lwawt.macosx.LWCToolkit.doAWTRunLoopImpl(JZZ)V+0
J 1473 C1 sun.lwawt.macosx.LWCToolkit.doAWTRunLoop(JZ)V (9 bytes) @ 0x0000000112a72a1c [0x0000000112a729c0+0x5c]
j  sun.lwawt.macosx.LWCToolkit.invokeAndWait(Ljava/lang/Runnable;Ljava/awt/Component;)V+73
J 1471 C1 sun.lwawt.macosx.CAccessibility.invokeAndWait(Ljava/util/concurrent/Callable;Ljava/awt/Component;)Ljava/lang/Object; (13 bytes) @ 0x0000000112a75abc [0x0000000112a75920+0x19c]
j  sun.lwawt.macosx.CAccessibility.getFocusOwner(Ljava/awt/Component;)Ljavax/accessibility/Accessible;+8
v  ~StubRoutines::call_stub
j  sun.lwawt.macosx.LWCToolkit.doAWTRunLoopImpl(JZZ)V+0
J 1473 C1 sun.lwawt.macosx.LWCToolkit.doAWTRunLoop(JZ)V (9 bytes) @ 0x0000000112a72a1c [0x0000000112a729c0+0x5c]
j  sun.lwawt.macosx.LWCToolkit.invokeAndWait(Ljava/lang/Runnable;Ljava/awt/Component;)V+73
J 1471 C1 sun.lwawt.macosx.CAccessibility.invokeAndWait(Ljava/util/concurrent/Callable;Ljava/awt/Component;)Ljava/lang/Object; (13 bytes) @ 0x0000000112a75abc [0x0000000112a75920+0x19c]
j  sun.lwawt.macosx.CAccessibility.getFocusOwner(Ljava/awt/Component;)Ljavax/accessibility/Accessible;+8
v  ~StubRoutines::call_stub
j  sun.lwawt.macosx.LWCToolkit.doAWTRunLoopImpl(JZZ)V+0
J 1473 C1 sun.lwawt.macosx.LWCToolkit.doAWTRunLoop(JZ)V (9 bytes) @ 0x0000000112a72a1c [0x0000000112a729c0+0x5c]
j  sun.lwawt.macosx.LWCToolkit.invokeAndWait(Ljava/lang/Runnable;Ljava/awt/Component;)V+73
J 1471 C1 sun.lwawt.macosx.CAccessibility.invokeAndWait(Ljava/util/concurrent/Callable;Ljava/awt/Component;)Ljava/lang/Object; (13 bytes) @ 0x0000000112a75abc [0x0000000112a75920+0x19c]
j  sun.lwawt.macosx.CAccessibility.getAccessibleRole(Ljavax/accessibility/Accessible;Ljava/awt/Component;)Ljava/lang/String;+15
v  ~StubRoutines::call_stub
j  sun.lwawt.macosx.LWCToolkit.doAWTRunLoopImpl(JZZ)V+0
J 1473 C1 sun.lwawt.macosx.LWCToolkit.doAWTRunLoop(JZ)V (9 bytes) @ 0x0000000112a72a1c [0x0000000112a729c0+0x5c]
j  sun.lwawt.macosx.LWCToolkit.invokeAndWait(Ljava/lang/Runnable;Ljava/awt/Component;)V+73
J 1471 C1 sun.lwawt.macosx.CAccessibility.invokeAndWait(Ljava/util/concurrent/Callable;Ljava/awt/Component;)Ljava/lang/Object; (13 bytes) @ 0x0000000112a75abc [0x0000000112a75920+0x19c]
j  sun.lwawt.macosx.CAccessibility.getFocusOwner(Ljava/awt/Component;)Ljavax/accessibility/Accessible;+8
v  ~StubRoutines::call_stub
j  sun.lwawt.macosx.LWCToolkit.doAWTRunLoopImpl(JZZ)V+0
J 1473 C1 sun.lwawt.macosx.LWCToolkit.doAWTRunLoop(JZ)V (9 bytes) @ 0x0000000112a72a1c [0x0000000112a729c0+0x5c]
j  sun.lwawt.macosx.LWCToolkit.invokeAndWait(Ljava/lang/Runnable;Ljava/awt/Component;)V+73
J 1471 C1 sun.lwawt.macosx.CAccessibility.invokeAndWait(Ljava/util/concurrent/Callable;Ljava/awt/Component;)Ljava/lang/Object; (13 bytes) @ 0x0000000112a75abc [0x0000000112a75920+0x19c]
j  sun.lwawt.macosx.CAccessibility.getFocusOwner(Ljava/awt/Component;)Ljavax/accessibility/Accessible;+8
v  ~StubRoutines::call_stub
j  sun.lwawt.macosx.LWCToolkit.doAWTRunLoopImpl(JZZ)V+0
J 1473 C1 sun.lwawt.macosx.LWCToolkit.doAWTRunLoop(JZ)V (9 bytes) @ 0x0000000112a72a1c [0x0000000112a729c0+0x5c]
j  sun.lwawt.macosx.LWCToolkit.invokeAndWait(Ljava/lang/Runnable;Ljava/awt/Component;)V+73
J 1471 C1 sun.lwawt.macosx.CAccessibility.invokeAndWait(Ljava/util/concurrent/Callable;Ljava/awt/Component;)Ljava/lang/Object; (13 bytes) @ 0x0000000112a75abc [0x0000000112a75920+0x19c]
j  sun.lwawt.macosx.CAccessibility.getAccessibleRole(Ljavax/accessibility/Accessible;Ljava/awt/Component;)Ljava/lang/String;+15
v  ~StubRoutines::call_stub
j  sun.lwawt.macosx.LWCToolkit.doAWTRunLoopImpl(JZZ)V+0
J 1473 C1 sun.lwawt.macosx.LWCToolkit.doAWTRunLoop(JZ)V (9 bytes) @ 0x0000000112a72a1c [0x0000000112a729c0+0x5c]
j  sun.lwawt.macosx.LWCToolkit.invokeAndWait(Ljava/lang/Runnable;Ljava/awt/Component;)V+73
J 1471 C1 sun.lwawt.macosx.CAccessibility.invokeAndWait(Ljava/util/concurrent/Callable;Ljava/awt/Component;)Ljava/lang/Object; (13 bytes) @ 0x0000000112a75abc [0x0000000112a75920+0x19c]
j  sun.lwawt.macosx.CAccessibility.getAccessibleRole(Ljavax/accessibility/Accessible;Ljava/awt/Component;)Ljava/lang/String;+15
v  ~StubRoutines::call_stub
j  sun.lwawt.macosx.LWCToolkit.doAWTRunLoopImpl(JZZ)V+0
J 1473 C1 sun.lwawt.macosx.LWCToolkit.doAWTRunLoop(JZ)V (9 bytes) @ 0x0000000112a72a1c [0x0000000112a729c0+0x5c]
j  sun.lwawt.macosx.LWCToolkit.invokeAndWait(Ljava/lang/Runnable;Ljava/awt/Component;)V+73
J 1471 C1 sun.lwawt.macosx.CAccessibility.invokeAndWait(Ljava/util/concurrent/Callable;Ljava/awt/Component;)Ljava/lang/Object; (13 bytes) @ 0x0000000112a75abc [0x0000000112a75920+0x19c]
j  sun.lwawt.macosx.CAccessibility.getFocusOwner(Ljava/awt/Component;)Ljavax/accessibility/Accessible;+8
v  ~StubRoutines::call_stub
j  sun.lwawt.macosx.LWCToolkit.doAWTRunLoopImpl(JZZ)V+0
J 1473 C1 sun.lwawt.macosx.LWCToolkit.doAWTRunLoop(JZ)V (9 bytes) @ 0x0000000112a72a1c [0x0000000112a729c0+0x5c]
j  sun.lwawt.macosx.LWCToolkit.invokeAndWait(Ljava/lang/Runnable;Ljava/awt/Component;)V+73
J 1471 C1 sun.lwawt.macosx.CAccessibility.invokeAndWait(Ljava/util/concurrent/Callable;Ljava/awt/Component;)Ljava/lang/Object; (13 bytes) @ 0x0000000112a75abc [0x0000000112a75920+0x19c]
j  sun.lwawt.macosx.CAccessibility.getFocusOwner(Ljava/awt/Component;)Ljavax/accessibility/Accessible;+8
v  ~StubRoutines::call_stub
j  sun.lwawt.macosx.LWCToolkit.doAWTRunLoopImpl(JZZ)V+0
J 1473 C1 sun.lwawt.macosx.LWCToolkit.doAWTRunLoop(JZ)V (9 bytes) @ 0x0000000112a72a1c [0x0000000112a729c0+0x5c]
j  sun.lwawt.macosx.LWCToolkit.invokeAndWait(Ljava/lang/Runnable;Ljava/awt/Component;)V+73
J 1471 C1 sun.lwawt.macosx.CAccessibility.invokeAndWait(Ljava/util/concurrent/Callable;Ljava/awt/Component;)Ljava/lang/Object; (13 bytes) @ 0x0000000112a75abc [0x0000000112a75920+0x19c]
j  sun.lwawt.macosx.CAccessibility.getAccessibleIndexInParent(Ljavax/accessibility/Accessible;Ljava/awt/Component;)I+15
v  ~StubRoutines::call_stub
j  sun.lwawt.macosx.LWCToolkit.doAWTRunLoopImpl(JZZ)V+0
J 1473 C1 sun.lwawt.macosx.LWCToolkit.doAWTRunLoop(JZ)V (9 bytes) @ 0x0000000112a72a1c [0x0000000112a729c0+0x5c]
j  sun.lwawt.macosx.LWCToolkit.invokeAndWait(Ljava/lang/Runnable;Ljava/awt/Component;)V+73
J 1471 C1 sun.lwawt.macosx.CAccessibility.invokeAndWait(Ljava/util/concurrent/Callable;Ljava/awt/Component;)Ljava/lang/Object; (13 bytes) @ 0x0000000112a75abc [0x0000000112a75920+0x19c]
j  sun.lwawt.macosx.CAccessibility.getFocusOwner(Ljava/awt/Component;)Ljavax/accessibility/Accessible;+8
v  ~StubRoutines::call_stub
j  sun.lwawt.macosx.LWCToolkit.doAWTRunLoopImpl(JZZ)V+0
J 1473 C1 sun.lwawt.macosx.LWCToolkit.doAWTRunLoop(JZ)V (9 bytes) @ 0x0000000112a72a1c [0x0000000112a729c0+0x5c]
j  sun.lwawt.macosx.LWCToolkit.invokeAndWait(Ljava/lang/Runnable;Ljava/awt/Component;)V+73
J 1471 C1 sun.lwawt.macosx.CAccessibility.invokeAndWait(Ljava/util/concurrent/Callable;Ljava/awt/Component;)Ljava/lang/Object; (13 bytes) @ 0x0000000112a75abc [0x0000000112a75920+0x19c]
j  sun.lwawt.macosx.CAccessibility.getAccessibleRole(Ljavax/accessibility/Accessible;Ljava/awt/Component;)Ljava/lang/String;+15
v  ~StubRoutines::call_stub
j  sun.lwawt.macosx.LWCToolkit.doAWTRunLoopImpl(JZZ)V+0
J 1473 C1 sun.lwawt.macosx.LWCToolkit.doAWTRunLoop(JZ)V (9 bytes) @ 0x0000000112a72a1c [0x0000000112a729c0+0x5c]
j  sun.lwawt.macosx.LWCToolkit.invokeAndWait(Ljava/lang/Runnable;Ljava/awt/Component;)V+73
J 1471 C1 sun.lwawt.macosx.CAccessibility.invokeAndWait(Ljava/util/concurrent/Callable;Ljava/awt/Component;)Ljava/lang/Object; (13 bytes) @ 0x0000000112a75abc [0x0000000112a75920+0x19c]
j  sun.lwawt.macosx.CAccessibility.getAccessibleIndexInParent(Ljavax/accessibility/Accessible;Ljava/awt/Component;)I+15
v  ~StubRoutines::call_stub
j  sun.lwawt.macosx.LWCToolkit.doAWTRunLoopImpl(JZZ)V+0
J 1473 C1 sun.lwawt.macosx.LWCToolkit.doAWTRunLoop(JZ)V (9 bytes) @ 0x0000000112a72a1c [0x0000000112a729c0+0x5c]
j  sun.lwawt.macosx.LWCToolkit.invokeAndWait(Ljava/lang/Runnable;Ljava/awt/Component;)V+73
J 1471 C1 sun.lwawt.macosx.CAccessibility.invokeAndWait(Ljava/util/concurrent/Callable;Ljava/awt/Component;)Ljava/lang/Object; (13 bytes) @ 0x0000000112a75abc [0x0000000112a75920+0x19c]
j  sun.lwawt.macosx.CAccessibility.getFocusOwner(Ljava/awt/Component;)Ljavax/accessibility/Accessible;+8
v  ~StubRoutines::call_stub
j  sun.lwawt.macosx.LWCToolkit.doAWTRunLoopImpl(JZZ)V+0
J 1473 C1 sun.lwawt.macosx.LWCToolkit.doAWTRunLoop(JZ)V (9 bytes) @ 0x0000000112a72a1c [0x0000000112a729c0+0x5c]
j  sun.lwawt.macosx.LWCToolkit.invokeAndWait(Ljava/lang/Runnable;Ljava/awt/Component;)V+73
J 1471 C1 sun.lwawt.macosx.CAccessibility.invokeAndWait(Ljava/util/concurrent/Callable;Ljava/awt/Component;)Ljava/lang/Object; (13 bytes) @ 0x0000000112a75abc [0x0000000112a75920+0x19c]
j  sun.lwawt.macosx.CAccessibility.getFocusOwner(Ljava/awt/Component;)Ljavax/accessibility/Accessible;+8
v  ~StubRoutines::call_stub
j  sun.lwawt.macosx.LWCToolkit.doAWTRunLoopImpl(JZZ)V+0
J 1473 C1 sun.lwawt.macosx.LWCToolkit.doAWTRunLoop(JZ)V (9 bytes) @ 0x0000000112a72a1c [0x0000000112a729c0+0x5c]
j  sun.lwawt.macosx.LWCToolkit.invokeAndWait(Ljava/lang/Runnable;Ljava/awt/Component;)V+73
J 1471 C1 sun.lwawt.macosx.CAccessibility.invokeAndWait(Ljava/util/concurrent/Callable;Ljava/awt/Component;)Ljava/lang/Object; (13 bytes) @ 0x0000000112a75abc [0x0000000112a75920+0x19c]
j  sun.lwawt.macosx.CAccessibility.getAccessibleRole(Ljavax/accessibility/Accessible;Ljava/awt/Component;)Ljava/lang/String;+15
v  ~StubRoutines::call_stub
j  sun.lwawt.macosx.LWCToolkit.doAWTRunLoopImpl(JZZ)V+0
j  sun.lwawt.macosx.LWCToolkit.doAWTRunLoop(JZ)V+5
j  sun.lwawt.macosx.LWCToolkit.invokeAndWait(Ljava/lang/Runnable;Ljava/awt/Component;)V+73
j  sun.lwawt.macosx.LWCToolkit.invokeAndWait(Ljava/util/concurrent/Callable;Ljava/awt/Component;)Ljava/lang/Object;+11
j  sun.lwawt.macosx.CAccessibility.invokeAndWait(Ljava/util/concurrent/Callable;Ljava/awt/Component;)Ljava/lang/Object;+2
j  sun.lwawt.macosx.CAccessibility.getFocusOwner(Ljava/awt/Component;)Ljavax/accessibility/Accessible;+8
v  ~StubRoutines::call_stub
j  sun.lwawt.macosx.LWCToolkit.doAWTRunLoopImpl(JZZ)V+0
j  sun.lwawt.macosx.LWCToolkit.doAWTRunLoop(JZ)V+5
j  sun.lwawt.macosx.LWCToolkit.invokeAndWait(Ljava/lang/Runnable;Ljava/awt/Component;)V+73
j  sun.lwawt.macosx.LWCToolkit.invokeAndWait(Ljava/util/concurrent/Callable;Ljava/awt/Component;)Ljava/lang/Object;+11
j  sun.lwawt.macosx.CAccessibility.invokeAndWait(Ljava/util/concurrent/Callable;Ljava/awt/Component;)Ljava/lang/Object;+2
j  sun.lwawt.macosx.CAccessibility.getAccessibleRole(Ljavax/accessibility/Accessible;Ljava/awt/Component;)Ljava/lang/String;+15
v  ~StubRoutines::call_stub
j  sun.lwawt.macosx.LWCToolkit.doAWTRunLoopImpl(JZZ)V+0
j  sun.lwawt.macosx.LWCToolkit.doAWTRunLoop(JZ)V+5
j  sun.lwawt.macosx.LWCToolkit.invokeAndWait(Ljava/lang/Runnable;Ljava/awt/Component;)V+73
j  sun.lwawt.macosx.LWCToolkit.invokeAndWait(Ljava/util/concurrent/Callable;Ljava/awt/Component;)Ljava/lang/Object;+11
j  sun.lwawt.macosx.CAccessibility.invokeAndWait(Ljava/util/concurrent/Callable;Ljava/awt/Component;)Ljava/lang/Object;+2
j  sun.lwawt.macosx.CAccessibility.getAccessibleIndexInParent(Ljavax/accessibility/Accessible;Ljava/awt/Component;)I+15
v  ~StubRoutines::call_stub
j  sun.lwawt.macosx.LWCToolkit.doAWTRunLoopImpl(JZZ)V+0
j  sun.lwawt.macosx.LWCToolkit.doAWTRunLoop(JZ)V+5
j  sun.lwawt.macosx.LWCToolkit.invokeAndWait(Ljava/lang/Runnable;Ljava/awt/Component;)V+73
j  sun.lwawt.macosx.LWCToolkit.invokeAndWait(Ljava/util/concurrent/Callable;Ljava/awt/Component;)Ljava/lang/Object;+11
j  sun.lwawt.macosx.CAccessibility.invokeAndWait(Ljava/util/concurrent/Callable;Ljava/awt/Component;)Ljava/lang/Object;+2
j  sun.lwawt.macosx.CAccessibility.getFocusOwner(Ljava/awt/Component;)Ljavax/accessibility/Accessible;+8
v  ~StubRoutines::call_stub
j  sun.lwawt.macosx.LWCToolkit.doAWTRunLoopImpl(JZZ)V+0
j  sun.lwawt.macosx.LWCToolkit.doAWTRunLoop(JZ)V+5
j  sun.lwawt.macosx.LWCToolkit.invokeAndWait(Ljava/lang/Runnable;Ljava/awt/Component;)V+73
j  sun.lwawt.macosx.LWCToolkit.invokeAndWait(Ljava/util/concurrent/Callable;Ljava/awt/Component;)Ljava/lang/Object;+11
j  sun.lwawt.macosx.CAccessibility.invokeAndWait(Ljava/util/concurrent/Callable;Ljava/awt/Component;)Ljava/lang/Object;+2
j  sun.lwawt.macosx.CAccessibility.getAccessibleRole(Ljavax/accessibility/Accessible;Ljava/awt/Component;)Ljava/lang/String;+15
v  ~StubRoutines::call_stub
j  sun.lwawt.macosx.LWCToolkit.doAWTRunLoopImpl(JZZ)V+0
j  sun.lwawt.macosx.LWCToolkit.doAWTRunLoop(JZ)V+5
j  sun.lwawt.macosx.LWCToolkit.invokeAndWait(Ljava/lang/Runnable;Ljava/awt/Component;)V+73
j  sun.lwawt.macosx.LWCToolkit.invokeAndWait(Ljava/util/concurrent/Callable;Ljava/awt/Component;)Ljava/lang/Object;+11
j  sun.lwawt.macosx.CAccessibility.invokeAndWait(Ljava/util/concurrent/Callable;Ljava/awt/Component;)Ljava/lang/Object;+2
j  sun.lwawt.macosx.CAccessibility.getAccessibleIndexInParent(Ljavax/accessibility/Accessible;Ljava/awt/Component;)I+15
v  ~StubRoutines::call_stub
j  sun.lwawt.macosx.LWCToolkit.doAWTRunLoopImpl(JZZ)V+0
j  sun.lwawt.macosx.LWCToolkit.doAWTRunLoop(JZ)V+5
j  sun.lwawt.macosx.LWCToolkit.invokeAndWait(Ljava/lang/Runnable;Ljava/awt/Component;)V+73
j  sun.lwawt.macosx.LWCToolkit.invokeAndWait(Ljava/util/concurrent/Callable;Ljava/awt/Component;)Ljava/lang/Object;+11
j  sun.lwawt.macosx.CAccessibility.invokeAndWait(Ljava/util/concurrent/Callable;Ljava/awt/Component;)Ljava/lang/Object;+2
j  sun.lwawt.macosx.CAccessibility.getFocusOwner(Ljava/awt/Component;)Ljavax/accessibility/Accessible;+8
v  ~StubRoutines::call_stub
j  sun.lwawt.macosx.LWCToolkit.doAWTRunLoopImpl(JZZ)V+0
j  sun.lwawt.macosx.LWCToolkit.doAWTRunLoop(JZ)V+5
j  sun.lwawt.macosx.LWCToolkit.invokeAndWait(Ljava/lang/Runnable;Ljava/awt/Component;)V+73
j  sun.lwawt.macosx.LWCToolkit.invokeAndWait(Ljava/util/concurrent/Callable;Ljava/awt/Component;)Ljava/lang/Object;+11
j  sun.lwawt.macosx.CAccessibility.invokeAndWait(Ljava/util/concurrent/Callable;Ljava/awt/Component;)Ljava/lang/Object;+2
j  sun.lwawt.macosx.CAccessibility.getAccessibleRole(Ljavax/accessibility/Accessible;Ljava/awt/Component;)Ljava/lang/String;+15
v  ~StubRoutines::call_stub
j  sun.lwawt.macosx.LWCToolkit.doAWTRunLoopImpl(JZZ)V+0
j  sun.lwawt.macosx.LWCToolkit.doAWTRunLoop(JZ)V+5
j  sun.lwawt.macosx.LWCToolkit.invokeAndWait(Ljava/lang/Runnable;Ljava/awt/Component;)V+73
j  sun.lwawt.macosx.LWCToolkit.invokeAndWait(Ljava/util/concurrent/Callable;Ljava/awt/Component;)Ljava/lang/Object;+11
j  sun.lwawt.macosx.CAccessibility.invokeAndWait(Ljava/util/concurrent/Callable;Ljava/awt/Component;)Ljava/lang/Object;+2
j  sun.lwawt.macosx.CAccessibility.getFocusOwner(Ljava/awt/Component;)Ljavax/accessibility/Accessible;+8
v  ~StubRoutines::call_stub
j  sun.lwawt.macosx.LWCToolkit.doAWTRunLoopImpl(JZZ)V+0
j  sun.lwawt.macosx.LWCToolkit.doAWTRunLoop(JZ)V+5
j  sun.lwawt.macosx.LWCToolkit.invokeAndWait(Ljava/lang/Runnable;Ljava/awt/Component;)V+73
j  sun.lwawt.macosx.LWCToolkit.invokeAndWait(Ljava/util/concurrent/Callable;Ljava/awt/Component;)Ljava/lang/Object;+11
j  sun.lwawt.macosx.CAccessibility.invokeAndWait(Ljava/util/concurrent/Callable;Ljava/awt/Component;)Ljava/lang/Object;+2
j  sun.lwawt.macosx.CAccessibility.getAccessibleIndexInParent(Ljavax/accessibility/Accessible;Ljava/awt/Component;)I+15
v  ~StubRoutines::call_stub
j  sun.lwawt.macosx.LWCToolkit.doAWTRunLoopImpl(JZZ)V+0
j  sun.lwawt.macosx.LWCToolkit.doAWTRunLoop(JZ)V+5
j  sun.lwawt.macosx.LWCToolkit.invokeAndWait(Ljava/lang/Runnable;Ljava/awt/Component;)V+73
j  sun.lwawt.macosx.LWCToolkit.invokeAndWait(Ljava/util/concurrent/Callable;Ljava/awt/Component;)Ljava/lang/Object;+11
j  sun.lwawt.macosx.CAccessibility.invokeAndWait(Ljava/util/concurrent/Callable;Ljava/awt/Component;)Ljava/lang/Object;+2
j  sun.lwawt.macosx.CAccessibility.getFocusOwner(Ljava/awt/Component;)Ljavax/accessibility/Accessible;+8
v  ~StubRoutines::call_stub
j  sun.lwawt.macosx.LWCToolkit.doAWTRunLoopImpl(JZZ)V+0
j  sun.lwawt.macosx.LWCToolkit.doAWTRunLoop(JZ)V+5
j  sun.lwawt.macosx.LWCToolkit.invokeAndWait(Ljava/lang/Runnable;Ljava/awt/Component;)V+73
j  sun.lwawt.macosx.LWCToolkit.invokeAndWait(Ljava/util/concurrent/Callable;Ljava/awt/Component;)Ljava/lang/Object;+11
j  sun.lwawt.macosx.CAccessibility.invokeAndWait(Ljava/util/concurrent/Callable;Ljava/awt/Component;)Ljava/lang/Object;+2
j  sun.lwawt.macosx.CAccessibility.getFocusOwner(Ljava/awt/Component;)Ljavax/accessibility/Accessible;+8
v  ~StubRoutines::call_stub

---------------  P R O C E S S  ---------------

Java Threads: ( => current thread )
  0x00007fcb5e7c1000 JavaThread "Thread-168" [_thread_blocked, id=504107, stack(0x00000003165dc000,0x00000003166dc000)]
  0x00007fcb3e2b3000 JavaThread "Thread-167" [_thread_blocked, id=505643, stack(0x00000003164d9000,0x00000003165d9000)]
  0x00007fcb5de1b000 JavaThread "Thread-166" [_thread_blocked, id=369459, stack(0x00000003163d6000,0x00000003164d6000)]
  0x00007fcb3e137000 JavaThread "Thread-165" [_thread_blocked, id=368979, stack(0x00000003162d3000,0x00000003163d3000)]
  0x00007fcb3d83e000 JavaThread "Thread-164" [_thread_blocked, id=508691, stack(0x00000003161d0000,0x00000003162d0000)]
  0x00007fcb3f995000 JavaThread "Thread-163" [_thread_blocked, id=367219, stack(0x00000003160cd000,0x00000003161cd000)]
  0x00007fcb5cee0000 JavaThread "Thread-162" [_thread_blocked, id=366239, stack(0x0000000315fca000,0x00000003160ca000)]
  0x00007fcb3f985000 JavaThread "Thread-161" [_thread_blocked, id=510015, stack(0x0000000315ec7000,0x0000000315fc7000)]
  0x00007fcb5e7ae000 JavaThread "Thread-160" [_thread_blocked, id=364827, stack(0x0000000315dc4000,0x0000000315ec4000)]
  0x00007fcb3d836000 JavaThread "Thread-159" [_thread_blocked, id=512023, stack(0x0000000315cc1000,0x0000000315dc1000)]
  0x00007fcb3d9d4000 JavaThread "Thread-158" [_thread_blocked, id=363307, stack(0x0000000315bbe000,0x0000000315cbe000)]
  0x00007fcb3fa27000 JavaThread "Thread-157" [_thread_blocked, id=513627, stack(0x0000000315abb000,0x0000000315bbb000)]
  0x00007fcb3d188000 JavaThread "Thread-156" [_thread_blocked, id=514159, stack(0x00000003159b8000,0x0000000315ab8000)]
  0x00007fcb5e74d000 JavaThread "Thread-155" [_thread_blocked, id=514583, stack(0x00000003158b5000,0x00000003159b5000)]
  0x00007fcb3d179000 JavaThread "Thread-154" [_thread_blocked, id=515235, stack(0x00000003157b2000,0x00000003158b2000)]
  0x00007fcb3f990000 JavaThread "Thread-153" [_thread_blocked, id=515939, stack(0x00000003156af000,0x00000003157af000)]
  0x00007fcb3d819800 JavaThread "Thread-152" [_thread_blocked, id=357751, stack(0x00000003155ac000,0x00000003156ac000)]
  0x00007fcb3d830000 JavaThread "Thread-151" [_thread_blocked, id=357059, stack(0x00000003154a9000,0x00000003155a9000)]
  0x00007fcb5e74a000 JavaThread "Thread-150" [_thread_blocked, id=356035, stack(0x00000003140fb000,0x00000003141fb000)]
  0x00007fcb3d822000 JavaThread "Thread-149" [_thread_blocked, id=518155, stack(0x00000003153a6000,0x00000003154a6000)]
  0x00007fcb3d15a000 JavaThread "Thread-148" [_thread_blocked, id=519267, stack(0x00000003152a3000,0x00000003153a3000)]
  0x00007fcb3e0cd800 JavaThread "Thread-147" [_thread_blocked, id=520215, stack(0x00000003151a0000,0x00000003152a0000)]
  0x00007fcb3d158000 JavaThread "Thread-146" [_thread_blocked, id=521279, stack(0x000000031509d000,0x000000031519d000)]
  0x00007fcb5e517000 JavaThread "Thread-145" [_thread_blocked, id=352671, stack(0x0000000314f9a000,0x000000031509a000)]
  0x00007fcb0e012800 JavaThread "Thread-144" [_thread_blocked, id=523251, stack(0x0000000314e97000,0x0000000314f97000)]
  0x00007fcb5e2e7000 JavaThread "Thread-143" [_thread_blocked, id=350667, stack(0x0000000314d94000,0x0000000314e94000)]
  0x00007fcb3d168000 JavaThread "Thread-142" [_thread_blocked, id=523843, stack(0x0000000314c91000,0x0000000314d91000)]
  0x00007fcb3da53000 JavaThread "Thread-141" [_thread_blocked, id=303875, stack(0x00000003148f3000,0x00000003149f3000)]
  0x00007fcb3d81b000 JavaThread "Thread-140" [_thread_blocked, id=307019, stack(0x000000031471a000,0x000000031481a000)]
  0x00007fcb3d164000 JavaThread "Thread-139" [_thread_blocked, id=242443, stack(0x0000000314617000,0x0000000314717000)]
  0x00007fcb3d00c000 JavaThread "Thread-138" [_thread_blocked, id=310963, stack(0x0000000314514000,0x0000000314614000)]
  0x00007fcb3d173000 JavaThread "Thread-137" [_thread_blocked, id=249171, stack(0x0000000314411000,0x0000000314511000)]
  0x00007fcb3d171000 JavaThread "Thread-136" [_thread_blocked, id=184875, stack(0x000000031430e000,0x000000031440e000)]
  0x00007fcb3e0b5000 JavaThread "Thread-135" [_thread_blocked, id=183323, stack(0x000000031420b000,0x000000031430b000)]
  0x00007fcb3d9d6000 JavaThread "Thread-134" [_thread_blocked, id=310611, stack(0x000000030dbfb000,0x000000030dcfb000)]
  0x00007fcb5cc3f000 JavaThread "Thread-133" [_thread_blocked, id=308547, stack(0x0000000313f62000,0x0000000314062000)]
  0x00007fcb3d163000 JavaThread "Thread-132" [_thread_blocked, id=305731, stack(0x0000000314b8e000,0x0000000314c8e000)]
  0x00007fcb0e014800 JavaThread "Thread-131" [_thread_blocked, id=306675, stack(0x0000000314a8b000,0x0000000314b8b000)]
  0x00007fcb3d9da000 JavaThread "Thread-130" [_thread_blocked, id=311779, stack(0x0000000313e5f000,0x0000000313f5f000)]
  0x00007fcb3d217000 JavaThread "Thread-129" [_thread_blocked, id=312947, stack(0x0000000313d5c000,0x0000000313e5c000)]
  0x00007fcb3d234000 JavaThread "Thread-128" [_thread_blocked, id=297639, stack(0x0000000313c59000,0x0000000313d59000)]
  0x00007fcb3f9e2000 JavaThread "Thread-127" [_thread_blocked, id=296235, stack(0x0000000313b56000,0x0000000313c56000)]
  0x00007fcb5ceab000 JavaThread "Thread-126" [_thread_blocked, id=295459, stack(0x0000000313a53000,0x0000000313b53000)]
  0x00007fcb5ce81000 JavaThread "Thread-125" [_thread_blocked, id=294587, stack(0x0000000313950000,0x0000000313a50000)]
  0x00007fcb3e0a4000 JavaThread "Thread-124" [_thread_blocked, id=293459, stack(0x000000031384d000,0x000000031394d000)]
  0x00007fcb3d8fd000 JavaThread "Thread-123" [_thread_blocked, id=316963, stack(0x000000031374a000,0x000000031384a000)]
  0x00007fcb3e0db000 JavaThread "Thread-122" [_thread_blocked, id=317275, stack(0x0000000313647000,0x0000000313747000)]
  0x00007fcb5e989800 JavaThread "Thread-121" [_thread_blocked, id=317975, stack(0x0000000313544000,0x0000000313644000)]
  0x00007fcb3da12000 JavaThread "Thread-120" [_thread_blocked, id=289815, stack(0x0000000313441000,0x0000000313541000)]
  0x00007fcb5e498000 JavaThread "Thread-119" [_thread_blocked, id=289091, stack(0x000000031333e000,0x000000031343e000)]
  0x00007fcb3d145000 JavaThread "Thread-118" [_thread_blocked, id=288551, stack(0x000000031323b000,0x000000031333b000)]
  0x00007fcb3e02c000 JavaThread "Thread-117" [_thread_blocked, id=321619, stack(0x0000000313138000,0x0000000313238000)]
  0x00007fcb3e0aa000 JavaThread "Thread-116" [_thread_blocked, id=322915, stack(0x0000000313035000,0x0000000313135000)]
  0x00007fcb5ce4b000 JavaThread "Thread-115" [_thread_blocked, id=287059, stack(0x0000000312f32000,0x0000000313032000)]
  0x00007fcb3f97d000 JavaThread "Thread-114" [_thread_blocked, id=324751, stack(0x0000000312e2f000,0x0000000312f2f000)]
  0x00007fcb3e0e6000 JavaThread "Thread-113" [_thread_blocked, id=325259, stack(0x0000000312d2c000,0x0000000312e2c000)]
  0x00007fcb3d9de000 JavaThread "Thread-112" [_thread_blocked, id=325907, stack(0x0000000312c29000,0x0000000312d29000)]
  0x00007fcb3e2a8000 JavaThread "Thread-111" [_thread_blocked, id=326611, stack(0x0000000312b26000,0x0000000312c26000)]
  0x00007fcb3d9ad800 JavaThread "Thread-110" [_thread_blocked, id=327459, stack(0x0000000312a23000,0x0000000312b23000)]
  0x00007fcb3d0f7000 JavaThread "Thread-109" [_thread_blocked, id=282431, stack(0x0000000312920000,0x0000000312a20000)]
  0x00007fcb5c91c000 JavaThread "Thread-108" [_thread_blocked, id=281115, stack(0x000000031281d000,0x000000031291d000)]
  0x00007fcb3e2bd000 JavaThread "Thread-107" [_thread_blocked, id=329683, stack(0x000000031271a000,0x000000031281a000)]
  0x00007fcb3d98e000 JavaThread "Thread-106" [_thread_blocked, id=330839, stack(0x0000000312617000,0x0000000312717000)]
  0x00007fcb3d135000 JavaThread "Thread-105" [_thread_blocked, id=332055, stack(0x0000000312514000,0x0000000312614000)]
  0x00007fcb3f9b4000 JavaThread "Thread-104" [_thread_blocked, id=333347, stack(0x0000000312411000,0x0000000312511000)]
  0x00007fcb3d108000 JavaThread "Thread-103" [_thread_blocked, id=278291, stack(0x000000031230e000,0x000000031240e000)]
  0x00007fcb3d9a1000 JavaThread "Thread-102" [_thread_blocked, id=277055, stack(0x000000031220b000,0x000000031230b000)]
  0x00007fcb3f9b6000 JavaThread "Thread-101" [_thread_blocked, id=334715, stack(0x0000000312108000,0x0000000312208000)]
  0x00007fcb3e2bb000 JavaThread "Thread-100" [_thread_blocked, id=335391, stack(0x0000000312005000,0x0000000312105000)]
  0x00007fcb3d27d000 JavaThread "Thread-99" [_thread_blocked, id=335955, stack(0x0000000311f02000,0x0000000312002000)]
  0x00007fcb3e09d000 JavaThread "Thread-98" [_thread_blocked, id=337043, stack(0x0000000311dff000,0x0000000311eff000)]
  0x00007fcb3d9b4000 JavaThread "Thread-97" [_thread_blocked, id=274199, stack(0x0000000311cfc000,0x0000000311dfc000)]
  0x00007fcb3d278000 JavaThread "Thread-96" [_thread_blocked, id=339031, stack(0x0000000311bf9000,0x0000000311cf9000)]
  0x00007fcb3fb23800 JavaThread "Thread-95" [_thread_blocked, id=340083, stack(0x0000000311af6000,0x0000000311bf6000)]
  0x00007fcb3e2a6000 JavaThread "Thread-94" [_thread_blocked, id=271403, stack(0x00000003119f3000,0x0000000311af3000)]
  0x00007fcb5e40b000 JavaThread "Thread-93" [_thread_blocked, id=270867, stack(0x00000003118f0000,0x00000003119f0000)]
  0x00007fcb3f983000 JavaThread "Thread-92" [_thread_blocked, id=343071, stack(0x00000003117ed000,0x00000003118ed000)]
  0x00007fcb3d212000 JavaThread "Thread-91" [_thread_blocked, id=344107, stack(0x00000003116ea000,0x00000003117ea000)]
  0x00007fcb3d9c2800 JavaThread "Thread-90" [_thread_blocked, id=269395, stack(0x00000003115e7000,0x00000003116e7000)]
  0x00007fcb3f988000 JavaThread "Thread-89" [_thread_blocked, id=268595, stack(0x00000003114e4000,0x00000003115e4000)]
  0x00007fcb3e125800 JavaThread "Thread-88" [_thread_blocked, id=346395, stack(0x00000003113e1000,0x00000003114e1000)]
  0x00007fcb3e01e000 JavaThread "Thread-87" [_thread_blocked, id=266699, stack(0x00000003112de000,0x00000003113de000)]
  0x00007fcb5cda0000 JavaThread "Thread-86" [_thread_blocked, id=265427, stack(0x00000003111db000,0x00000003112db000)]
  0x00007fcb3e134800 JavaThread "Thread-85" [_thread_blocked, id=348255, stack(0x00000003110d8000,0x00000003111d8000)]
  0x00007fcb3e12d000 JavaThread "Thread-84" [_thread_blocked, id=264131, stack(0x0000000310fd5000,0x00000003110d5000)]
  0x00007fcb3e124000 JavaThread "Thread-83" [_thread_blocked, id=349299, stack(0x0000000310ed2000,0x0000000310fd2000)]
  0x00007fcb5c911800 JavaThread "Thread-82" [_thread_blocked, id=214571, stack(0x0000000310dcf000,0x0000000310ecf000)]
  0x00007fcb3d98a000 JavaThread "Thread-81" [_thread_blocked, id=215827, stack(0x0000000310ccc000,0x0000000310dcc000)]
  0x00007fcb5e35f000 JavaThread "Thread-80" [_thread_blocked, id=216611, stack(0x0000000310bc9000,0x0000000310cc9000)]
  0x00007fcb3e09b000 JavaThread "Thread-79" [_thread_blocked, id=217407, stack(0x0000000310ac6000,0x0000000310bc6000)]
  0x00007fcb3d96c800 JavaThread "Thread-78" [_thread_blocked, id=211143, stack(0x00000003109c3000,0x0000000310ac3000)]
  0x00007fcb3d10d000 JavaThread "Thread-77" [_thread_blocked, id=218659, stack(0x00000003108c0000,0x00000003109c0000)]
  0x00007fcb3f957000 JavaThread "Thread-76" [_thread_blocked, id=209411, stack(0x00000003107bd000,0x00000003108bd000)]
  0x00007fcb3d97d000 JavaThread "Thread-75" [_thread_blocked, id=209139, stack(0x00000003106ba000,0x00000003107ba000)]
  0x00007fcb3d100800 JavaThread "Thread-74" [_thread_blocked, id=221543, stack(0x00000003105b7000,0x00000003106b7000)]
  0x00007fcb3d100000 JavaThread "Thread-73" [_thread_blocked, id=222499, stack(0x00000003104b4000,0x00000003105b4000)]
  0x00007fcb3d102000 JavaThread "Thread-72" [_thread_blocked, id=206643, stack(0x00000003103b1000,0x00000003104b1000)]
  0x00007fcb3f94b800 JavaThread "Thread-71" [_thread_blocked, id=206307, stack(0x00000003102ae000,0x00000003103ae000)]
  0x00007fcb3d984000 JavaThread "Thread-70" [_thread_blocked, id=205335, stack(0x00000003101ab000,0x00000003102ab000)]
  0x00007fcb3e012000 JavaThread "Thread-69" [_thread_blocked, id=225707, stack(0x00000003100a8000,0x00000003101a8000)]
  0x00007fcb3e01d000 JavaThread "Thread-68" [_thread_blocked, id=226451, stack(0x000000030ffa5000,0x00000003100a5000)]
  0x00007fcb3da45000 JavaThread "Thread-67" [_thread_blocked, id=203071, stack(0x000000030fea2000,0x000000030ffa2000)]
  0x00007fcb3d24e000 JavaThread "Thread-66" [_thread_blocked, id=202563, stack(0x000000030fd9f000,0x000000030fe9f000)]
  0x00007fcb5e53e800 JavaThread "Thread-65" [_thread_blocked, id=177715, stack(0x000000030fc9c000,0x000000030fd9c000)]
  0x00007fcb3f962800 JavaThread "Thread-64" [_thread_blocked, id=250587, stack(0x000000030fb99000,0x000000030fc99000)]
  0x00007fcb3d250000 JavaThread "Thread-63" [_thread_blocked, id=257675, stack(0x000000030fa96000,0x000000030fb96000)]
  0x00007fcb3d20e000 JavaThread "Thread-62" [_thread_blocked, id=254763, stack(0x000000030f993000,0x000000030fa93000)]
  0x00007fcb3d20f000 JavaThread "Thread-61" [_thread_blocked, id=121443, stack(0x000000030f890000,0x000000030f990000)]
  0x00007fcb3e02f000 JavaThread "Thread-60" [_thread_blocked, id=244627, stack(0x000000030f78d000,0x000000030f88d000)]
  0x00007fcb3f93a800 JavaThread "Thread-59" [_thread_blocked, id=185707, stack(0x000000030f68a000,0x000000030f78a000)]
  0x00007fcb5e484000 JavaThread "Thread-58" [_thread_blocked, id=252995, stack(0x000000030f587000,0x000000030f687000)]
  0x00007fcb5e47b800 JavaThread "Thread-57" [_thread_blocked, id=259931, stack(0x000000030f484000,0x000000030f584000)]
  0x00007fcb3d254800 JavaThread "Thread-56" [_thread_blocked, id=196739, stack(0x000000030f381000,0x000000030f481000)]
  0x00007fcb3d00e800 JavaThread "Thread-55" [_thread_blocked, id=256567, stack(0x000000030df99000,0x000000030e099000)]
  0x00007fcb3e297000 JavaThread "Thread-54" [_thread_blocked, id=124603, stack(0x000000030de96000,0x000000030df96000)]
  0x00007fcb3f95f000 JavaThread "Thread-53" [_thread_blocked, id=260499, stack(0x000000030dd93000,0x000000030de93000)]
  0x00007fcb3d245800 JavaThread "Thread-52" [_thread_blocked, id=175787, stack(0x000000030d836000,0x000000030d936000)]
  0x00007fcb3e282000 JavaThread "Thread-51" [_thread_blocked, id=148859, stack(0x000000030d5fc000,0x000000030d6fc000)]
  0x00007fcb3d239000 JavaThread "Thread-50" [_thread_blocked, id=181475, stack(0x000000030d4f9000,0x000000030d5f9000)]
  0x00007fcb5e5da800 JavaThread "Thread-49" [_thread_blocked, id=129207, stack(0x000000030d3f6000,0x000000030d4f6000)]
  0x00007fcb3d91b000 JavaThread "Thread-48" [_thread_blocked, id=79719, stack(0x000000030b550000,0x000000030b650000)]
  0x00007fcb3fb25800 JavaThread "Thread-47" [_thread_blocked, id=191611, stack(0x000000030bd09000,0x000000030be09000)]
  0x00007fcb5e170000 JavaThread "Thread-46" [_thread_blocked, id=261619, stack(0x000000030d15d000,0x000000030d25d000)]
  0x00007fcb5e6ba000 JavaThread "Thread-45" [_thread_blocked, id=251979, stack(0x000000030d2f3000,0x000000030d3f3000)]
  0x00007fcb3d204000 JavaThread "Thread-44" [_thread_blocked, id=177491, stack(0x000000030f27e000,0x000000030f37e000)]
  0x00007fcb5ccac000 JavaThread "Thread-43" [_thread_blocked, id=236915, stack(0x000000030f17b000,0x000000030f27b000)]
  0x00007fcb3f8fa800 JavaThread "Thread-42" [_thread_blocked, id=118043, stack(0x000000030d733000,0x000000030d833000)]
  0x00007fcb3d23e000 JavaThread "Thread-41" [_thread_blocked, id=18695, stack(0x000000030a790000,0x000000030a890000)]
  0x00007fcb3f8b7000 JavaThread "Thread-40" [_thread_blocked, id=233043, stack(0x000000030be17000,0x000000030bf17000)]
  0x00007fcb5cbb8800 JavaThread "Thread-39" [_thread_blocked, id=182291, stack(0x000000030f078000,0x000000030f178000)]
  0x00007fcb3d207800 JavaThread "Thread-38" [_thread_blocked, id=249687, stack(0x000000030ef75000,0x000000030f075000)]
  0x00007fcb3d0d6000 JavaThread "Thread-37" [_thread_blocked, id=201667, stack(0x000000030ee72000,0x000000030ef72000)]
  0x00007fcb3f94e000 JavaThread "Thread-36" [_thread_blocked, id=199747, stack(0x000000030ed6f000,0x000000030ee6f000)]
  0x00007fcb3f90d000 JavaThread "Thread-35" [_thread_blocked, id=245987, stack(0x000000030ec6c000,0x000000030ed6c000)]
  0x00007fcb5e5db800 JavaThread "Thread-34" [_thread_blocked, id=230675, stack(0x000000030eb69000,0x000000030ec69000)]
  0x00007fcb3d8ee000 JavaThread "Thread-33" [_thread_blocked, id=230539, stack(0x000000030ea66000,0x000000030eb66000)]
  0x00007fcb3e0fd800 JavaThread "Thread-32" [_thread_blocked, id=96587, stack(0x000000030e963000,0x000000030ea63000)]
  0x00007fcb3fb27800 JavaThread "Thread-31" [_thread_blocked, id=196515, stack(0x000000030e860000,0x000000030e960000)]
  0x00007fcb3e28c800 JavaThread "Thread-30" [_thread_blocked, id=197235, stack(0x000000030d9db000,0x000000030dadb000)]
  0x00007fcb3da55000 JavaThread "Thread-29" [_thread_blocked, id=190547, stack(0x000000030e75d000,0x000000030e85d000)]
  0x00007fcb3d8eb000 JavaThread "Thread-28" [_thread_blocked, id=66847, stack(0x000000030e65a000,0x000000030e75a000)]
  0x00007fcb3d1fd800 JavaThread "Thread-27" [_thread_blocked, id=240015, stack(0x000000030e557000,0x000000030e657000)]
  0x00007fcb5da66800 JavaThread "Thread-26" [_thread_blocked, id=18595, stack(0x000000030e454000,0x000000030e554000)]
  0x00007fcb3da3c800 JavaThread "Thread-25" [_thread_blocked, id=238067, stack(0x000000030e351000,0x000000030e451000)]
  0x00007fcb5e6aa800 JavaThread "Thread-24" [_thread_blocked, id=238179, stack(0x000000030e24e000,0x000000030e34e000)]
  0x00007fcb3d0f9800 JavaThread "Thread-23" [_thread_blocked, id=176447, stack(0x000000030e14b000,0x000000030e24b000)]
  0x00007fcb3d95d800 JavaThread "Thread-22" [_thread_blocked, id=159951, stack(0x000000030d05a000,0x000000030d15a000)]
  0x00007fcb5e447000 JavaThread "Thread-21" [_thread_blocked, id=160667, stack(0x000000030cf57000,0x000000030d057000)]
  0x00007fcb3d95f800 JavaThread "Thread-20" [_thread_blocked, id=141795, stack(0x000000030ce54000,0x000000030cf54000)]
  0x00007fcb5ea6d800 JavaThread "Thread-19" [_thread_blocked, id=162523, stack(0x000000030cd51000,0x000000030ce51000)]
  0x00007fcb5dcee000 JavaThread "Thread-18" [_thread_blocked, id=140327, stack(0x000000030cc4e000,0x000000030cd4e000)]
  0x00007fcb3d91f000 JavaThread "Thread-17" [_thread_blocked, id=139043, stack(0x000000030cb4b000,0x000000030cc4b000)]
  0x00007fcb3e00b000 JavaThread "Thread-16" [_thread_blocked, id=164931, stack(0x000000030ca48000,0x000000030cb48000)]
  0x00007fcb5e16e000 JavaThread "Thread-15" [_thread_blocked, id=137335, stack(0x000000030c945000,0x000000030ca45000)]
  0x00007fcb3d91c800 JavaThread "Thread-14" [_thread_blocked, id=136295, stack(0x000000030c842000,0x000000030c942000)]
  0x00007fcb3d91b800 JavaThread "Thread-13" [_thread_blocked, id=135639, stack(0x000000030c73f000,0x000000030c83f000)]
  0x00007fcb5e8b3800 JavaThread "Thread-12" [_thread_blocked, id=167359, stack(0x000000030c63c000,0x000000030c73c000)]
  0x00007fcb5cc31800 JavaThread "Thread-11" [_thread_blocked, id=133891, stack(0x000000030c539000,0x000000030c639000)]
  0x00007fcb5ccab800 JavaThread "Thread-10" [_thread_blocked, id=169011, stack(0x000000030c436000,0x000000030c536000)]
  0x00007fcb5e2a8000 JavaThread "Thread-9" [_thread_blocked, id=132639, stack(0x000000030c333000,0x000000030c433000)]
  0x00007fcb5d8f0800 JavaThread "Thread-8" [_thread_blocked, id=172931, stack(0x000000030c230000,0x000000030c330000)]
  0x00007fcb3d0dd000 JavaThread "Thread-7" [_thread_blocked, id=113483, stack(0x000000030c12d000,0x000000030c22d000)]
  0x00007fcb5e031000 JavaThread "Thread-6" [_thread_blocked, id=109843, stack(0x000000030c02a000,0x000000030c12a000)]
  0x00007fcb3f915000 JavaThread "Thread-5" [_thread_blocked, id=115235, stack(0x000000030bf27000,0x000000030c027000)]
  0x00007fcb5e156000 JavaThread "Thread-4" [_thread_blocked, id=121939, stack(0x000000030bc06000,0x000000030bd06000)]
  0x00007fcb5d98f800 JavaThread "Thread-3" [_thread_blocked, id=101451, stack(0x000000030bb03000,0x000000030bc03000)]
  0x00007fcb5cbf4000 JavaThread "Thread-2" [_thread_blocked, id=119491, stack(0x000000030b977000,0x000000030ba77000)]
  0x00007fcb5ea0b000 JavaThread "Thread-1" [_thread_blocked, id=95711, stack(0x000000030b7eb000,0x000000030b8eb000)]
  0x00007fcb5d9de800 JavaThread "DestroyJavaVM" [_thread_blocked, id=8451, stack(0x0000000309b6c000,0x0000000309c6c000)]
  0x00007fcb5e0bd000 JavaThread "Thread-0" [_thread_in_native, id=87979, stack(0x000000030b65f000,0x000000030b75f000)]
  0x00007fcb5d939000 JavaThread "AWT-EventQueue-0" [_thread_blocked, id=90387, stack(0x000000030b44d000,0x000000030b54d000)]
  0x00007fcb5c9af000 JavaThread "Java2D Disposer" daemon [_thread_blocked, id=79395, stack(0x000000030b34a000,0x000000030b44a000)]
  0x00007fcb5e0a7800 JavaThread "Java2D Queue Flusher" daemon [_thread_in_native, id=68911, stack(0x000000030b247000,0x000000030b347000)]
  0x00007fcb5e09b800 JavaThread "AWT-Shutdown" [_thread_blocked, id=45315, stack(0x000000030b0be000,0x000000030b1be000)]
=>0x00007fcb5c975800 JavaThread "AppKit Thread" daemon [_thread_in_native, id=259, stack(0x00000003092e8000,0x0000000309ae8000)]
  0x00007fcb5e034000 JavaThread "Service Thread" daemon [_thread_blocked, id=23571, stack(0x000000030adae000,0x000000030aeae000)]
  0x00007fcb5c820800 JavaThread "C1 CompilerThread3" daemon [_thread_blocked, id=23043, stack(0x000000030acab000,0x000000030adab000)]
  0x00007fcb5d824000 JavaThread "C2 CompilerThread2" daemon [_thread_blocked, id=22787, stack(0x000000030aba8000,0x000000030aca8000)]
  0x00007fcb5e81f000 JavaThread "C2 CompilerThread1" daemon [_thread_blocked, id=32515, stack(0x000000030aaa5000,0x000000030aba5000)]
  0x00007fcb5e833000 JavaThread "C2 CompilerThread0" daemon [_thread_blocked, id=22275, stack(0x000000030a9a2000,0x000000030aaa2000)]
  0x00007fcb5c822000 JavaThread "Signal Dispatcher" daemon [_thread_blocked, id=21763, stack(0x000000030a89f000,0x000000030a99f000)]
  0x00007fcb5c81f000 JavaThread "Finalizer" daemon [_thread_blocked, id=17167, stack(0x000000030a68d000,0x000000030a78d000)]
  0x00007fcb5c81e800 JavaThread "Reference Handler" daemon [_thread_blocked, id=16679, stack(0x000000030a58a000,0x000000030a68a000)]

Other Threads:
  0x00007fcb5e030800 VMThread [stack: 0x000000030a487000,0x000000030a587000] [id=12291]
  0x00007fcb5e035800 WatcherThread [stack: 0x000000030aeb1000,0x000000030afb1000] [id=23819]

VM state:not at safepoint (normal execution)

VM Mutex/Monitor currently owned by a thread: None

Heap:
 PSYoungGen      total 25088K, used 9178K [0x0000000795580000, 0x0000000797000000, 0x00000007c0000000)
  eden space 24064K, 35% used [0x0000000795580000,0x0000000795ddea70,0x0000000796d00000)
  from space 1024K, 59% used [0x0000000796f00000,0x0000000796f98000,0x0000000797000000)
  to   space 1536K, 0% used [0x0000000796d00000,0x0000000796d00000,0x0000000796e80000)
 ParOldGen       total 87552K, used 22796K [0x0000000740000000, 0x0000000745580000, 0x0000000795580000)
  object space 87552K, 26% used [0x0000000740000000,0x00000007416430a0,0x0000000745580000)
 Metaspace       used 10313K, capacity 10530K, committed 10752K, reserved 1058816K
  class space    used 1177K, capacity 1257K, committed 1280K, reserved 1048576K

Card table byte_map: [0x000000010f800000,0x000000010fc01000] byte_map_base: 0x000000010be00000

Marking Bits: (ParMarkBitMap*) 0x0000000111049bd0
 Begin Bits: [0x00000001215d7000, 0x00000001235d7000)
 End Bits:   [0x00000001235d7000, 0x00000001255d7000)

Polling page: 0x000000010b165000

CodeCache: size=245760Kb used=6010Kb max_used=6014Kb free=239749Kb
 bounds [0x00000001125d7000, 0x0000000112bc7000, 0x00000001215d7000]
 total_blobs=2190 nmethods=1721 adapters=382
 compilation: enabled

Compilation events (10 events):
Event: 156.318 Thread 0x00007fcb5c820800 2008       3       javax.swing.RepaintManager::scheduleProcessingRunnable (69 bytes)
Event: 156.323 Thread 0x00007fcb5c820800 nmethod 2008 0x0000000112bbb310 code [0x0000000112bbb6e0, 0x0000000112bbda48]
Event: 158.163 Thread 0x00007fcb5e833000 2009       4       java.util.BitSet::nextClearBit (116 bytes)
Event: 158.204 Thread 0x00007fcb5e833000 nmethod 2009 0x0000000112bb8550 code [0x0000000112bb86a0, 0x0000000112bb87f8]
Event: 163.087 Thread 0x00007fcb5c820800 2010   !   3       sun.lwawt.LWKeyboardFocusManagerPeer::getCurrentFocusOwner (16 bytes)
Event: 163.098 Thread 0x00007fcb5c820800 nmethod 2010 0x0000000112bb2910 code [0x0000000112bb2a80, 0x0000000112bb2d70]
Event: 164.083 Thread 0x00007fcb5c820800 2011       3       java.util.HashMap$HashIterator::<init> (79 bytes)
Event: 164.086 Thread 0x00007fcb5c820800 nmethod 2011 0x0000000112bb9850 code [0x0000000112bb99c0, 0x0000000112bb9d50]
Event: 164.120 Thread 0x00007fcb5c820800 2012       3       java.awt.KeyboardFocusManager::setMostRecentFocusOwner (34 bytes)
Event: 164.122 Thread 0x00007fcb5c820800 nmethod 2012 0x0000000112bb89d0 code [0x0000000112bb8ba0, 0x0000000112bb9478]

GC Heap History (10 events):
Event: 153.643 GC heap before
{Heap before GC invocations=44 (full 0):
 PSYoungGen      total 24576K, used 24544K [0x0000000795580000, 0x0000000797100000, 0x00000007c0000000)
  eden space 24064K, 100% used [0x0000000795580000,0x0000000796d00000,0x0000000796d00000)
  from space 512K, 93% used [0x0000000796d00000,0x0000000796d78000,0x0000000796d80000)
  to   space 2048K, 0% used [0x0000000796f00000,0x0000000796f00000,0x0000000797100000)
 ParOldGen       total 87552K, used 21396K [0x0000000740000000, 0x0000000745580000, 0x0000000795580000)
  object space 87552K, 24% used [0x0000000740000000,0x00000007414e50a0,0x0000000745580000)
 Metaspace       used 10310K, capacity 10530K, committed 10752K, reserved 1058816K
  class space    used 1177K, capacity 1257K, committed 1280K, reserved 1048576K
Event: 153.655 GC heap after
Heap after GC invocations=44 (full 0):
 PSYoungGen      total 26112K, used 480K [0x0000000795580000, 0x0000000797100000, 0x00000007c0000000)
  eden space 24064K, 0% used [0x0000000795580000,0x0000000795580000,0x0000000796d00000)
  from space 2048K, 23% used [0x0000000796f00000,0x0000000796f78000,0x0000000797100000)
  to   space 2048K, 0% used [0x0000000796d00000,0x0000000796d00000,0x0000000796f00000)
 ParOldGen       total 87552K, used 21676K [0x0000000740000000, 0x0000000745580000, 0x0000000795580000)
  object space 87552K, 24% used [0x0000000740000000,0x000000074152b0a0,0x0000000745580000)
 Metaspace       used 10310K, capacity 10530K, committed 10752K, reserved 1058816K
  class space    used 1177K, capacity 1257K, committed 1280K, reserved 1048576K
}
Event: 156.983 GC heap before
{Heap before GC invocations=45 (full 0):
 PSYoungGen      total 26112K, used 24544K [0x0000000795580000, 0x0000000797100000, 0x00000007c0000000)
  eden space 24064K, 100% used [0x0000000795580000,0x0000000796d00000,0x0000000796d00000)
  from space 2048K, 23% used [0x0000000796f00000,0x0000000796f78000,0x0000000797100000)
  to   space 2048K, 0% used [0x0000000796d00000,0x0000000796d00000,0x0000000796f00000)
 ParOldGen       total 87552K, used 21676K [0x0000000740000000, 0x0000000745580000, 0x0000000795580000)
  object space 87552K, 24% used [0x0000000740000000,0x000000074152b0a0,0x0000000745580000)
 Metaspace       used 10312K, capacity 10530K, committed 10752K, reserved 1058816K
  class space    used 1177K, capacity 1257K, committed 1280K, reserved 1048576K
Event: 156.987 GC heap after
Heap after GC invocations=45 (full 0):
 PSYoungGen      total 26112K, used 608K [0x0000000795580000, 0x0000000797100000, 0x00000007c0000000)
  eden space 24064K, 0% used [0x0000000795580000,0x0000000795580000,0x0000000796d00000)
  from space 2048K, 29% used [0x0000000796d00000,0x0000000796d98000,0x0000000796f00000)
  to   space 2048K, 0% used [0x0000000796f00000,0x0000000796f00000,0x0000000797100000)
 ParOldGen       total 87552K, used 21948K [0x0000000740000000, 0x0000000745580000, 0x0000000795580000)
  object space 87552K, 25% used [0x0000000740000000,0x000000074156f0a0,0x0000000745580000)
 Metaspace       used 10312K, capacity 10530K, committed 10752K, reserved 1058816K
  class space    used 1177K, capacity 1257K, committed 1280K, reserved 1048576K
}
Event: 160.523 GC heap before
{Heap before GC invocations=46 (full 0):
 PSYoungGen      total 26112K, used 24672K [0x0000000795580000, 0x0000000797100000, 0x00000007c0000000)
  eden space 24064K, 100% used [0x0000000795580000,0x0000000796d00000,0x0000000796d00000)
  from space 2048K, 29% used [0x0000000796d00000,0x0000000796d98000,0x0000000796f00000)
  to   space 2048K, 0% used [0x0000000796f00000,0x0000000796f00000,0x0000000797100000)
 ParOldGen       total 87552K, used 21948K [0x0000000740000000, 0x0000000745580000, 0x0000000795580000)
  object space 87552K, 25% used [0x0000000740000000,0x000000074156f0a0,0x0000000745580000)
 Metaspace       used 10312K, capacity 10530K, committed 10752K, reserved 1058816K
  class space    used 1177K, capacity 1257K, committed 1280K, reserved 1048576K
Event: 160.533 GC heap after
Heap after GC invocations=46 (full 0):
 PSYoungGen      total 26112K, used 512K [0x0000000795580000, 0x0000000797100000, 0x00000007c0000000)
  eden space 24064K, 0% used [0x0000000795580000,0x0000000795580000,0x0000000796d00000)
  from space 2048K, 25% used [0x0000000796f00000,0x0000000796f80000,0x0000000797100000)
  to   space 2048K, 0% used [0x0000000796d00000,0x0000000796d00000,0x0000000796f00000)
 ParOldGen       total 87552K, used 22340K [0x0000000740000000, 0x0000000745580000, 0x0000000795580000)
  object space 87552K, 25% used [0x0000000740000000,0x00000007415d10a0,0x0000000745580000)
 Metaspace       used 10312K, capacity 10530K, committed 10752K, reserved 1058816K
  class space    used 1177K, capacity 1257K, committed 1280K, reserved 1048576K
}
Event: 163.529 GC heap before
{Heap before GC invocations=47 (full 0):
 PSYoungGen      total 26112K, used 24576K [0x0000000795580000, 0x0000000797100000, 0x00000007c0000000)
  eden space 24064K, 100% used [0x0000000795580000,0x0000000796d00000,0x0000000796d00000)
  from space 2048K, 25% used [0x0000000796f00000,0x0000000796f80000,0x0000000797100000)
  to   space 2048K, 0% used [0x0000000796d00000,0x0000000796d00000,0x0000000796f00000)
 ParOldGen       total 87552K, used 22340K [0x0000000740000000, 0x0000000745580000, 0x0000000795580000)
  object space 87552K, 25% used [0x0000000740000000,0x00000007415d10a0,0x0000000745580000)
 Metaspace       used 10312K, capacity 10530K, committed 10752K, reserved 1058816K
  class space    used 1177K, capacity 1257K, committed 1280K, reserved 1048576K
Event: 163.532 GC heap after
Heap after GC invocations=47 (full 0):
 PSYoungGen      total 26112K, used 384K [0x0000000795580000, 0x0000000797100000, 0x00000007c0000000)
  eden space 24064K, 0% used [0x0000000795580000,0x0000000795580000,0x0000000796d00000)
  from space 2048K, 18% used [0x0000000796d00000,0x0000000796d60000,0x0000000796f00000)
  to   space 2048K, 0% used [0x0000000796f00000,0x0000000796f00000,0x0000000797100000)
 ParOldGen       total 87552K, used 22612K [0x0000000740000000, 0x0000000745580000, 0x0000000795580000)
  object space 87552K, 25% used [0x0000000740000000,0x00000007416150a0,0x0000000745580000)
 Metaspace       used 10312K, capacity 10530K, committed 10752K, reserved 1058816K
  class space    used 1177K, capacity 1257K, committed 1280K, reserved 1048576K
}
Event: 166.447 GC heap before
{Heap before GC invocations=48 (full 0):
 PSYoungGen      total 26112K, used 24448K [0x0000000795580000, 0x0000000797100000, 0x00000007c0000000)
  eden space 24064K, 100% used [0x0000000795580000,0x0000000796d00000,0x0000000796d00000)
  from space 2048K, 18% used [0x0000000796d00000,0x0000000796d60000,0x0000000796f00000)
  to   space 2048K, 0% used [0x0000000796f00000,0x0000000796f00000,0x0000000797100000)
 ParOldGen       total 87552K, used 22612K [0x0000000740000000, 0x0000000745580000, 0x0000000795580000)
  object space 87552K, 25% used [0x0000000740000000,0x00000007416150a0,0x0000000745580000)
 Metaspace       used 10313K, capacity 10530K, committed 10752K, reserved 1058816K
  class space    used 1177K, capacity 1257K, committed 1280K, reserved 1048576K
Event: 166.453 GC heap after
Heap after GC invocations=48 (full 0):
 PSYoungGen      total 25088K, used 608K [0x0000000795580000, 0x0000000797000000, 0x00000007c0000000)
  eden space 24064K, 0% used [0x0000000795580000,0x0000000795580000,0x0000000796d00000)
  from space 1024K, 59% used [0x0000000796f00000,0x0000000796f98000,0x0000000797000000)
  to   space 1536K, 0% used [0x0000000796d00000,0x0000000796d00000,0x0000000796e80000)
 ParOldGen       total 87552K, used 22796K [0x0000000740000000, 0x0000000745580000, 0x0000000795580000)
  object space 87552K, 26% used [0x0000000740000000,0x00000007416430a0,0x0000000745580000)
 Metaspace       used 10313K, capacity 10530K, committed 10752K, reserved 1058816K
  class space    used 1177K, capacity 1257K, committed 1280K, reserved 1048576K
}

Deoptimization events (10 events):
Event: 11.863 Thread 0x00007fcb5cbf4000 Uncommon trap: reason=unstable_if action=reinterpret pc=0x00000001126e815c method=Breakout.Gamerunner2.handleBrickCollisions()V @ 42
Event: 11.902 Thread 0x00007fcb5ea0b000 Uncommon trap: reason=unstable_if action=reinterpret pc=0x0000000112795c80 method=java.awt.Rectangle.intersects(Ljava/awt/Rectangle;)Z @ 127
Event: 12.038 Thread 0x00007fcb5ea0b000 Uncommon trap: reason=unstable_if action=reinterpret pc=0x000000011290b238 method=sun.java2d.pipe.RenderQueue.ensureCapacity(I)V @ 8
Event: 12.102 Thread 0x00007fcb5cbf4000 Uncommon trap: reason=unstable_if action=reinterpret pc=0x00000001127a20a8 method=java.util.Random.next(I)I @ 35
Event: 12.283 Thread 0x00007fcb5ea0b000 Uncommon trap: reason=unstable_if action=reinterpret pc=0x000000011290ed0c method=Breakout.Brick.update()V @ 61
Event: 12.349 Thread 0x00007fcb5ea0b000 Uncommon trap: reason=unstable_if action=reinterpret pc=0x00000001128baca0 method=Breakout.Brick.draw(Ljava/awt/Graphics2D;)V @ 46
Event: 12.426 Thread 0x00007fcb5ea0b000 Uncommon trap: reason=unstable_if action=reinterpret pc=0x00000001128e8170 method=Breakout.Gamerunner2.handleBrickCollisions()V @ 25
Event: 12.756 Thread 0x00007fcb5e0bd000 Uncommon trap: reason=unstable_if action=reinterpret pc=0x00000001128c0288 method=java.lang.ref.SoftReference.get()Ljava/lang/Object; @ 17
Event: 13.199 Thread 0x00007fcb5ea0b000 Uncommon trap: reason=unstable_if action=reinterpret pc=0x00000001128dfc4c method=Breakout.Gamerunner2.handlePowerUps()V @ 42
Event: 14.318 Thread 0x00007fcb5ea0b000 Uncommon trap: reason=unstable_if action=reinterpret pc=0x0000000112a3dc14 method=Breakout.Gamerunner2.handlePaddleCollision()V @ 17

Internal exceptions (10 events):
Event: 0.255 Thread 0x00007fcb5e809000 Exception <a 'java/security/PrivilegedActionException'> (0x000000079560e660) thrown at [/Users/java_re/workspace/8-2-build-macosx-x86_64/jdk8u92/6642/hotspot/src/share/vm/prims/jvm.cpp, line 1386]
Event: 0.255 Thread 0x00007fcb5e809000 Exception <a 'java/security/PrivilegedActionException'> (0x000000079560e870) thrown at [/Users/java_re/workspace/8-2-build-macosx-x86_64/jdk8u92/6642/hotspot/src/share/vm/prims/jvm.cpp, line 1386]
Event: 0.477 Thread 0x00007fcb5e809000 Exception <a 'java/lang/NoSuchFieldError': method resolution failed> (0x0000000795782b70) thrown at [/Users/java_re/workspace/8-2-build-macosx-x86_64/jdk8u92/6642/hotspot/src/share/vm/prims/methodHandles.cpp, line 1146]
Event: 0.483 Thread 0x00007fcb5e809000 Exception <a 'java/lang/NoSuchFieldError': method resolution failed> (0x0000000795790340) thrown at [/Users/java_re/workspace/8-2-build-macosx-x86_64/jdk8u92/6642/hotspot/src/share/vm/prims/methodHandles.cpp, line 1146]
Event: 2.082 Thread 0x00007fcb5e809000 Exception <a 'java/io/FileNotFoundException'> (0x000000079580d5f0) thrown at [/Users/java_re/workspace/8-2-build-macosx-x86_64/jdk8u92/6642/hotspot/src/share/vm/prims/jni.cpp, line 709]
Event: 2.082 Thread 0x00007fcb5e809000 Exception <a 'java/io/FileNotFoundException'> (0x000000079580e160) thrown at [/Users/java_re/workspace/8-2-build-macosx-x86_64/jdk8u92/6642/hotspot/src/share/vm/prims/jni.cpp, line 709]
Event: 2.321 Thread 0x00007fcb5c975800 Implicit null exception at 0x000000011275381c to 0x0000000112753a01
Event: 8.930 Thread 0x00007fcb5e0bd000 Implicit null exception at 0x00000001128a9598 to 0x00000001128a95ea
Event: 8.971 Thread 0x00007fcb5c975800 Implicit null exception at 0x0000000112898d8b to 0x00000001128997f1
Event: 9.030 Thread 0x00007fcb5d939000 Implicit null exception at 0x00000001128b804d to 0x00000001128b8225

Events (10 events):
Event: 163.085 Thread 0x00007fcb3e137000 Thread added: 0x00007fcb3e137000
Event: 163.526 Executing VM operation: ParallelGCFailedAllocation
Event: 163.532 Executing VM operation: ParallelGCFailedAllocation done
Event: 164.120 Thread 0x00007fcb5de1b000 Thread added: 0x00007fcb5de1b000
Event: 164.219 Thread 0x00007fcb5cbb8800 DEOPT PACKING pc=0x000000011296d8b6 sp=0x000000030f177940
Event: 164.219 Thread 0x00007fcb5cbb8800 DEOPT UNPACKING pc=0x000000011261e233 sp=0x000000030f177688 mode 0
Event: 165.336 Thread 0x00007fcb3e2b3000 Thread added: 0x00007fcb3e2b3000
Event: 166.441 Executing VM operation: ParallelGCFailedAllocation
Event: 166.453 Executing VM operation: ParallelGCFailedAllocation done
Event: 166.966 Thread 0x00007fcb5e7c1000 Thread added: 0x00007fcb5e7c1000


Dynamic libraries:
0x0000000003c48000 	/System/Library/Frameworks/Cocoa.framework/Versions/A/Cocoa
0x0000000003c48000 	/System/Library/Frameworks/AppKit.framework/Versions/C/AppKit
0x0000000003c48000 	/System/Library/Frameworks/CoreData.framework/Versions/A/CoreData
0x0000000003c48000 	/System/Library/Frameworks/Foundation.framework/Versions/C/Foundation
0x0000000003c48000 	/usr/lib/libSystem.B.dylib
0x0000000003c48000 	/System/Library/PrivateFrameworks/UIFoundation.framework/Versions/A/UIFoundation
0x0000000003c48000 	/System/Library/PrivateFrameworks/CollectionViewCore.framework/Versions/A/CollectionViewCore
0x0000000003c48000 	/System/Library/PrivateFrameworks/XCTTargetBootstrap.framework/Versions/A/XCTTargetBootstrap
0x0000000003c48000 	/System/Library/PrivateFrameworks/InternationalSupport.framework/Versions/A/InternationalSupport
0x0000000003c48000 	/System/Library/PrivateFrameworks/UserActivity.framework/Versions/A/UserActivity
0x0000000003c48000 	/System/Library/PrivateFrameworks/BaseBoard.framework/Versions/A/BaseBoard
0x0000000003c48000 	/System/Library/PrivateFrameworks/FrontBoard.framework/Versions/A/FrontBoard
0x0000000003c48000 	/System/Library/PrivateFrameworks/FrontBoardServices.framework/Versions/A/FrontBoardServices
0x0000000003c48000 	/usr/lib/libRosetta.dylib
0x0000000003c48000 	/System/Library/PrivateFrameworks/UIIntelligenceSupport.framework/Versions/A/UIIntelligenceSupport
0x0000000003c48000 	/System/Library/Frameworks/SwiftUICore.framework/Versions/A/SwiftUICore
0x0000000003c48000 	/System/Library/PrivateFrameworks/WritingTools.framework/Versions/A/WritingTools
0x0000000003c48000 	/System/Library/PrivateFrameworks/WindowManagement.framework/Versions/A/WindowManagement
0x0000000003c48000 	/System/Library/Frameworks/SystemConfiguration.framework/Versions/A/SystemConfiguration
0x0000000003c48000 	/usr/lib/libspindump.dylib
0x0000000003c48000 	/System/Library/Frameworks/UniformTypeIdentifiers.framework/Versions/A/UniformTypeIdentifiers
0x0000000003c48000 	/usr/lib/libbsm.0.dylib
0x0000000003c48000 	/usr/lib/libapp_launch_measurement.dylib
0x0000000003c48000 	/System/Library/PrivateFrameworks/CoreAnalytics.framework/Versions/A/CoreAnalytics
0x0000000003c48000 	/System/Library/PrivateFrameworks/CoreAutoLayout.framework/Versions/A/CoreAutoLayout
0x0000000003c48000 	/System/Library/Frameworks/Metal.framework/Versions/A/Metal
0x0000000003c48000 	/usr/lib/liblangid.dylib
0x0000000003c48000 	/System/Library/PrivateFrameworks/CoreSVG.framework/Versions/A/CoreSVG
0x0000000003c48000 	/System/Library/PrivateFrameworks/SkyLight.framework/Versions/A/SkyLight
0x0000000003c48000 	/System/Library/PrivateFrameworks/FocusEngine.framework/Versions/A/FocusEngine
0x0000000003c48000 	/System/Library/Frameworks/CoreGraphics.framework/Versions/A/CoreGraphics
0x0000000003c48000 	/System/Library/PrivateFrameworks/DesignLibrary.framework/Versions/A/DesignLibrary
0x0000000003c48000 	/System/Library/Frameworks/Accelerate.framework/Versions/A/Accelerate
0x0000000003c48000 	/System/Library/PrivateFrameworks/IconServices.framework/Versions/A/IconServices
0x0000000003c48000 	/System/Library/Frameworks/IOSurface.framework/Versions/A/IOSurface
0x0000000003c48000 	/usr/lib/libDiagnosticMessagesClient.dylib
0x0000000003c48000 	/usr/lib/libz.1.dylib
0x0000000003c48000 	/System/Library/Frameworks/ApplicationServices.framework/Versions/A/ApplicationServices
0x0000000003c48000 	/System/Library/PrivateFrameworks/DFRFoundation.framework/Versions/A/DFRFoundation
0x0000000003c48000 	/usr/lib/libicucore.A.dylib
0x0000000003c48000 	/System/Library/Frameworks/AudioToolbox.framework/Versions/A/AudioToolbox
0x0000000003c48000 	/System/Library/PrivateFrameworks/DataDetectorsCore.framework/Versions/A/DataDetectorsCore
0x0000000003c48000 	/System/Library/PrivateFrameworks/UpdateCycle.framework/Versions/A/UpdateCycle
0x0000000003c48000 	/System/Library/PrivateFrameworks/TextInput.framework/Versions/A/TextInput
0x0000000003c48000 	/usr/lib/libMobileGestalt.dylib
0x0000000003c48000 	/System/Library/Frameworks/Carbon.framework/Versions/A/Frameworks/HIToolbox.framework/Versions/A/HIToolbox
0x0000000003c48000 	/System/Library/Frameworks/QuartzCore.framework/Versions/A/QuartzCore
0x0000000003c48000 	/System/Library/Frameworks/Security.framework/Versions/A/Security
0x0000000003c48000 	/System/Library/Frameworks/Carbon.framework/Versions/A/Frameworks/SpeechRecognition.framework/Versions/A/SpeechRecognition
0x0000000003c48000 	/System/Library/PrivateFrameworks/CoreUI.framework/Versions/A/CoreUI
0x0000000003c48000 	/System/Library/Frameworks/CoreAudio.framework/Versions/A/CoreAudio
0x0000000003c48000 	/System/Library/Frameworks/DiskArbitration.framework/Versions/A/DiskArbitration
0x0000000003c48000 	/System/Library/PrivateFrameworks/MultitouchSupport.framework/Versions/A/MultitouchSupport
0x0000000003c48000 	/usr/lib/libenergytrace.dylib
0x0000000003c48000 	/System/Library/PrivateFrameworks/RenderBox.framework/Versions/A/RenderBox
0x0000000003c48000 	/System/Library/Frameworks/IOKit.framework/Versions/A/IOKit
0x0000000003c48000 	/System/Library/Frameworks/CoreServices.framework/Versions/A/CoreServices
0x0000000003c48000 	/System/Library/PrivateFrameworks/PerformanceAnalysis.framework/Versions/A/PerformanceAnalysis
0x0000000003c48000 	/System/Library/Frameworks/OpenGL.framework/Versions/A/OpenGL
0x0000000003c48000 	/usr/lib/libxml2.2.dylib
0x0000000003c48000 	/System/Library/PrivateFrameworks/MobileKeyBag.framework/Versions/A/MobileKeyBag
0x0000000003c48000 	/usr/lib/libobjc.A.dylib
0x0000000003c48000 	/usr/lib/libc++.1.dylib
0x0000000003c48000 	/System/Library/Frameworks/Accessibility.framework/Versions/A/Accessibility
0x0000000003c48000 	/System/Library/Frameworks/ColorSync.framework/Versions/A/ColorSync
0x0000000003c48000 	/System/Library/Frameworks/CoreFoundation.framework/Versions/A/CoreFoundation
0x0000000003c48000 	/System/Library/Frameworks/CoreImage.framework/Versions/A/CoreImage
0x0000000003c48000 	/System/Library/Frameworks/CoreText.framework/Versions/A/CoreText
0x0000000003c48000 	/System/Library/Frameworks/CoreTransferable.framework/Versions/A/CoreTransferable
0x0000000003c48000 	/System/Library/Frameworks/DataDetection.framework/Versions/A/DataDetection
0x0000000003c48000 	/System/Library/Frameworks/DeveloperToolsSupport.framework/Versions/A/DeveloperToolsSupport
0x0000000003c48000 	/System/Library/Frameworks/ImageIO.framework/Versions/A/ImageIO
0x0000000003c48000 	/System/Library/Frameworks/Symbols.framework/Versions/A/Symbols
0x0000000003c48000 	/System/Library/PrivateFrameworks/AttributeGraph.framework/Versions/A/AttributeGraph
0x0000000003c48000 	/System/Library/PrivateFrameworks/BoardServices.framework/Versions/A/BoardServices
0x0000000003c48000 	/System/Library/PrivateFrameworks/FeatureFlags.framework/Versions/A/FeatureFlags
0x0000000003c48000 	/System/Library/PrivateFrameworks/Gestures.framework/Versions/A/Gestures
0x0000000003c48000 	/System/Library/PrivateFrameworks/SoftLinking.framework/Versions/A/SoftLinking
0x0000000003c48000 	/usr/lib/swift/libswiftAccelerate.dylib
0x0000000003c48000 	/usr/lib/swift/libswiftCore.dylib
0x0000000003c48000 	/usr/lib/swift/libswiftCoreFoundation.dylib
0x0000000003c48000 	/usr/lib/swift/libswiftCoreImage.dylib
0x0000000003c48000 	/usr/lib/swift/libswiftDispatch.dylib
0x0000000003c48000 	/usr/lib/swift/libswiftIOKit.dylib
0x0000000003c48000 	/usr/lib/swift/libswiftMetal.dylib
0x0000000003c48000 	/usr/lib/swift/libswiftOSLog.dylib
0x0000000003c48000 	/usr/lib/swift/libswiftObjectiveC.dylib
0x0000000003c48000 	/usr/lib/swift/libswiftObservation.dylib
0x0000000003c48000 	/usr/lib/swift/libswiftQuartzCore.dylib
0x0000000003c48000 	/usr/lib/swift/libswiftSynchronization.dylib
0x0000000003c48000 	/usr/lib/swift/libswiftUniformTypeIdentifiers.dylib
0x0000000003c48000 	/usr/lib/swift/libswiftXPC.dylib
0x0000000003c48000 	/usr/lib/swift/libswift_Builtin_float.dylib
0x0000000003c48000 	/usr/lib/swift/libswift_Concurrency.dylib
0x0000000003c48000 	/usr/lib/swift/libswiftos.dylib
0x0000000003c48000 	/usr/lib/swift/libswiftsimd.dylib
0x0000000003c48000 	/usr/lib/libcompression.dylib
0x0000000003c48000 	/System/Library/PrivateFrameworks/TextureIO.framework/Versions/A/TextureIO
0x0000000003c48000 	/System/Library/Frameworks/ApplicationServices.framework/Versions/A/Frameworks/HIServices.framework/Versions/A/HIServices
0x0000000003c48000 	/usr/lib/libate.dylib
0x0000000003c48000 	/usr/lib/system/libcache.dylib
0x0000000003c48000 	/usr/lib/system/libcommonCrypto.dylib
0x0000000003c48000 	/usr/lib/system/libcompiler_rt.dylib
0x0000000003c48000 	/usr/lib/system/libcopyfile.dylib
0x0000000003c48000 	/usr/lib/system/libcorecrypto.dylib
0x0000000003c48000 	/usr/lib/system/libdispatch.dylib
0x0000000003c48000 	/usr/lib/system/libdyld.dylib
0x0000000003c48000 	/usr/lib/system/libkeymgr.dylib
0x0000000003c48000 	/usr/lib/system/libmacho.dylib
0x0000000003c48000 	/usr/lib/system/libquarantine.dylib
0x0000000003c48000 	/usr/lib/system/libremovefile.dylib
0x0000000003c48000 	/usr/lib/system/libsystem_asl.dylib
0x0000000003c48000 	/usr/lib/system/libsystem_blocks.dylib
0x0000000003c48000 	/usr/lib/system/libsystem_c.dylib
0x0000000003c48000 	/usr/lib/system/libsystem_collections.dylib
0x0000000003c48000 	/usr/lib/system/libsystem_configuration.dylib
0x0000000003c48000 	/usr/lib/system/libsystem_containermanager.dylib
0x0000000003c48000 	/usr/lib/system/libsystem_coreservices.dylib
0x0000000003c48000 	/usr/lib/system/libsystem_darwin.dylib
0x0000000003c48000 	/usr/lib/system/libsystem_darwindirectory.dylib
0x0000000003c48000 	/usr/lib/system/libsystem_dnssd.dylib
0x0000000003c48000 	/usr/lib/system/libsystem_eligibility.dylib
0x0000000003c48000 	/usr/lib/system/libsystem_featureflags.dylib
0x0000000003c48000 	/usr/lib/system/libsystem_info.dylib
0x0000000003c48000 	/usr/lib/system/libsystem_m.dylib
0x0000000003c48000 	/usr/lib/system/libsystem_malloc.dylib
0x0000000003c48000 	/usr/lib/system/libsystem_networkextension.dylib
0x0000000003c48000 	/usr/lib/system/libsystem_notify.dylib
0x0000000003c48000 	/usr/lib/system/libsystem_sandbox.dylib
0x0000000003c48000 	/usr/lib/system/libsystem_sanitizers.dylib
0x0000000003c48000 	/usr/lib/system/libsystem_secinit.dylib
0x0000000003c48000 	/usr/lib/system/libsystem_kernel.dylib
0x0000000003c48000 	/usr/lib/system/libsystem_platform.dylib
0x0000000003c48000 	/usr/lib/system/libsystem_pthread.dylib
0x0000000003c48000 	/usr/lib/system/libsystem_symptoms.dylib
0x0000000003c48000 	/usr/lib/system/libsystem_trace.dylib
0x0000000003c48000 	/usr/lib/system/libsystem_trial.dylib
0x0000000003c48000 	/usr/lib/system/libunwind.dylib
0x0000000003c48000 	/usr/lib/system/libxpc.dylib
0x0000000003c48000 	/usr/lib/libc++abi.dylib
0x0000000003c48000 	/usr/lib/libswiftPrespecialized.dylib
0x0000000003c48000 	/usr/lib/libfakelink.dylib
0x0000000003c48000 	/System/Library/Frameworks/CFNetwork.framework/Versions/A/CFNetwork
0x0000000003c48000 	/usr/lib/libarchive.2.dylib
0x0000000003c48000 	/System/Library/Frameworks/Combine.framework/Versions/A/Combine
0x0000000003c48000 	/System/Library/PrivateFrameworks/CollectionsInternal.framework/Versions/A/CollectionsInternal
0x0000000003c48000 	/System/Library/PrivateFrameworks/ReflectionInternal.framework/Versions/A/ReflectionInternal
0x0000000003c48000 	/System/Library/PrivateFrameworks/RuntimeInternal.framework/Versions/A/RuntimeInternal
0x0000000003c48000 	/usr/lib/swift/libswiftDarwin.dylib
0x0000000003c48000 	/usr/lib/swift/libswiftSystem.dylib
0x0000000003c48000 	/usr/lib/swift/libswift_DarwinFoundation1.dylib
0x0000000003c48000 	/usr/lib/swift/libswift_StringProcessing.dylib
0x0000000003c48000 	/System/Library/PrivateFrameworks/CoreServicesInternal.framework/Versions/A/CoreServicesInternal
0x0000000003c48000 	/usr/lib/liboah.dylib
0x0000000003c48000 	/System/Library/PrivateFrameworks/DiskImages.framework/Versions/A/DiskImages
0x0000000003c48000 	/System/Library/Frameworks/NetFS.framework/Versions/A/NetFS
0x0000000003c48000 	/System/Library/Frameworks/CoreServices.framework/Versions/A/Frameworks/FSEvents.framework/Versions/A/FSEvents
0x0000000003c48000 	/System/Library/Frameworks/CoreServices.framework/Versions/A/Frameworks/CarbonCore.framework/Versions/A/CarbonCore
0x0000000003c48000 	/System/Library/Frameworks/CoreServices.framework/Versions/A/Frameworks/Metadata.framework/Versions/A/Metadata
0x0000000003c48000 	/System/Library/Frameworks/CoreServices.framework/Versions/A/Frameworks/OSServices.framework/Versions/A/OSServices
0x0000000003c48000 	/System/Library/Frameworks/CoreServices.framework/Versions/A/Frameworks/SearchKit.framework/Versions/A/SearchKit
0x0000000003c48000 	/System/Library/Frameworks/CoreServices.framework/Versions/A/Frameworks/AE.framework/Versions/A/AE
0x0000000003c48000 	/System/Library/Frameworks/CoreServices.framework/Versions/A/Frameworks/LaunchServices.framework/Versions/A/LaunchServices
0x0000000003c48000 	/System/Library/Frameworks/CoreServices.framework/Versions/A/Frameworks/DictionaryServices.framework/Versions/A/DictionaryServices
0x0000000003c48000 	/System/Library/Frameworks/CoreServices.framework/Versions/A/Frameworks/SharedFileList.framework/Versions/A/SharedFileList
0x0000000003c48000 	/usr/lib/libapple_nghttp2.dylib
0x0000000003c48000 	/usr/lib/libsqlite3.dylib
0x0000000003c48000 	/System/Library/Frameworks/Accounts.framework/Versions/A/Accounts
0x0000000003c48000 	/System/Library/PrivateFrameworks/AppSupport.framework/Versions/A/AppSupport
0x0000000003c48000 	/System/Library/Frameworks/GSS.framework/Versions/A/GSS
0x0000000003c48000 	/System/Library/PrivateFrameworks/RunningBoardServices.framework/Versions/A/RunningBoardServices
0x0000000003c48000 	/System/Library/PrivateFrameworks/StreamingZip.framework/Versions/A/StreamingZip
0x0000000003c48000 	/System/Library/Frameworks/Network.framework/Versions/A/Network
0x0000000003c48000 	/usr/lib/system/libkxld.dylib
0x0000000003c48000 	/System/Library/PrivateFrameworks/AppleKeyStore.framework/Versions/A/AppleKeyStore
0x0000000003c48000 	/usr/lib/libCoreEntitlements.dylib
0x0000000003c48000 	/System/Library/PrivateFrameworks/MessageSecurity.framework/Versions/A/MessageSecurity
0x0000000003c48000 	/System/Library/PrivateFrameworks/ProtocolBuffer.framework/Versions/A/ProtocolBuffer
0x0000000003c48000 	/System/Library/PrivateFrameworks/CloudServices.framework/Versions/A/CloudServices
0x0000000003c48000 	/System/Library/PrivateFrameworks/SymptomDiagnosticReporter.framework/Versions/A/SymptomDiagnosticReporter
0x0000000003c48000 	/System/Library/PrivateFrameworks/CrashReporterSupport.framework/Versions/A/CrashReporterSupport
0x0000000003c48000 	/System/Library/PrivateFrameworks/AppleFSCompression.framework/Versions/A/AppleFSCompression
0x0000000003c48000 	/usr/lib/libcoretls.dylib
0x0000000003c48000 	/usr/lib/libcoretls_cfhelpers.dylib
0x0000000003c48000 	/usr/lib/libpam.2.dylib
0x0000000003c48000 	/usr/lib/libxar.1.dylib
0x0000000003c48000 	/System/Library/PrivateFrameworks/APFS.framework/Versions/A/APFS
0x0000000003c48000 	/System/Library/PrivateFrameworks/SwiftASN1Internal.framework/Versions/A/SwiftASN1Internal
0x0000000003c48000 	/usr/lib/libutil.dylib
0x0000000003c48000 	/System/Library/PrivateFrameworks/AppleSystemInfo.framework/Versions/A/AppleSystemInfo
0x0000000003c48000 	/System/Library/PrivateFrameworks/IOMobileFramebuffer.framework/Versions/A/IOMobileFramebuffer
0x0000000003c48000 	/System/Library/PrivateFrameworks/LoggingSupport.framework/Versions/A/LoggingSupport
0x0000000003c48000 	/System/Library/PrivateFrameworks/MobileAsset.framework/Versions/A/MobileAsset
0x0000000003c48000 	/System/Library/PrivateFrameworks/PowerLog.framework/Versions/A/PowerLog
0x0000000003c48000 	/System/Library/Frameworks/SwiftData.framework/Versions/A/SwiftData
0x0000000003c48000 	/System/Library/PrivateFrameworks/UserManagement.framework/Versions/A/UserManagement
0x0000000003c48000 	/usr/lib/libboringssl.dylib
0x0000000003c48000 	/usr/lib/libdns_services.dylib
0x0000000003c48000 	/usr/lib/libquic.dylib
0x0000000003c48000 	/usr/lib/libusrtcp.dylib
0x0000000003c48000 	/System/Library/PrivateFrameworks/AtomicsInternal.framework/Versions/A/AtomicsInternal
0x0000000003c48000 	/System/Library/PrivateFrameworks/InternalSwiftProtobuf.framework/Versions/A/InternalSwiftProtobuf
0x0000000003c48000 	/usr/lib/swift/libswiftDistributed.dylib
0x0000000003c48000 	/System/Library/PrivateFrameworks/AggregateDictionary.framework/Versions/A/AggregateDictionary
0x0000000003c48000 	/System/Library/PrivateFrameworks/BiomeLibrary.framework/Versions/A/BiomeLibrary
0x0000000003c48000 	/System/Library/PrivateFrameworks/BiomeStreams.framework/Versions/A/BiomeStreams
0x0000000003c48000 	/System/Library/PrivateFrameworks/BiomeFoundation.framework/Versions/A/BiomeFoundation
0x0000000003c48000 	/System/Library/PrivateFrameworks/BiomePubSub.framework/Versions/A/BiomePubSub
0x0000000003c48000 	/System/Library/PrivateFrameworks/ProactiveSupport.framework/Versions/A/ProactiveSupport
0x0000000003c48000 	/usr/lib/liblzma.5.dylib
0x0000000003c48000 	/System/Library/PrivateFrameworks/InternationalTextSearch.framework/Versions/A/InternationalTextSearch
0x0000000003c48000 	/System/Library/PrivateFrameworks/SoftwareUpdateCoreSupport.framework/Versions/A/SoftwareUpdateCoreSupport
0x0000000003c48000 	/System/Library/PrivateFrameworks/SoftwareUpdateCoreConnect.framework/Versions/A/SoftwareUpdateCoreConnect
0x0000000003c48000 	/System/Library/PrivateFrameworks/RemoteServiceDiscovery.framework/Versions/A/RemoteServiceDiscovery
0x0000000003c48000 	/System/Library/PrivateFrameworks/MSUDataAccessor.framework/Versions/A/MSUDataAccessor
0x0000000003c48000 	/usr/lib/libbootpolicy.dylib
0x0000000003c48000 	/System/Library/PrivateFrameworks/RemoteXPC.framework/Versions/A/RemoteXPC
0x0000000003c48000 	/usr/lib/libFDR.dylib
0x0000000003c48000 	/usr/lib/libamsupport.dylib
0x0000000003c48000 	/System/Library/PrivateFrameworks/AppleDeviceQuerySupport.framework/Versions/A/AppleDeviceQuerySupport
0x0000000003c48000 	/usr/lib/libpartition2_dynamic.dylib
0x0000000003c48000 	/System/Library/PrivateFrameworks/AppleSauce.framework/Versions/A/AppleSauce
0x0000000003c48000 	/usr/lib/libAppleArchive.dylib
0x0000000003c48000 	/usr/lib/libbz2.1.0.dylib
0x0000000003c48000 	/System/Library/Frameworks/Accelerate.framework/Versions/A/Frameworks/vImage.framework/Versions/A/vImage
0x0000000003c48000 	/System/Library/Frameworks/Accelerate.framework/Versions/A/Frameworks/vecLib.framework/Versions/A/vecLib
0x0000000003c48000 	/System/Library/Frameworks/Accelerate.framework/Versions/A/Frameworks/vecLib.framework/Versions/A/libvMisc.dylib
0x0000000003c48000 	/System/Library/Frameworks/Accelerate.framework/Versions/A/Frameworks/vecLib.framework/Versions/A/libBLAS.dylib
0x0000000003c48000 	/System/Library/Frameworks/CoreVideo.framework/Versions/A/CoreVideo
0x0000000003c48000 	/System/Library/Frameworks/ApplicationServices.framework/Versions/A/Frameworks/ATS.framework/Versions/A/ATS
0x0000000003c48000 	/System/Library/Frameworks/ApplicationServices.framework/Versions/A/Frameworks/PrintCore.framework/Versions/A/PrintCore
0x0000000003c48000 	/System/Library/Frameworks/ApplicationServices.framework/Versions/A/Frameworks/QD.framework/Versions/A/QD
0x0000000003c48000 	/System/Library/Frameworks/ApplicationServices.framework/Versions/A/Frameworks/ColorSyncLegacy.framework/Versions/A/ColorSyncLegacy
0x0000000003c48000 	/System/Library/Frameworks/ApplicationServices.framework/Versions/A/Frameworks/SpeechSynthesis.framework/Versions/A/SpeechSynthesis
0x0000000003c48000 	/System/Library/PrivateFrameworks/FontServices.framework/libFontParser.dylib
0x0000000003c48000 	/System/Library/PrivateFrameworks/BackBoardServices.framework/Versions/A/BackBoardServices
0x0000000003c48000 	/System/Library/PrivateFrameworks/BackBoardHIDEventFoundation.framework/Versions/A/BackBoardHIDEventFoundation
0x0000000003c48000 	/System/Library/Frameworks/CoreDisplay.framework/Versions/A/CoreDisplay
0x0000000003c48000 	/System/Library/Frameworks/VideoToolbox.framework/Versions/A/VideoToolbox
0x0000000003c48000 	/System/Library/Frameworks/MetalPerformanceShaders.framework/Versions/A/MetalPerformanceShaders
0x0000000003c48000 	/System/Library/PrivateFrameworks/ProDisplayLibrary.framework/Versions/A/ProDisplayLibrary
0x0000000003c48000 	/System/Library/PrivateFrameworks/IOSurfaceAccelerator.framework/Versions/A/IOSurfaceAccelerator
0x0000000003c48000 	/System/Library/PrivateFrameworks/IOAccelerator.framework/Versions/A/IOAccelerator
0x0000000003c48000 	/System/Library/Frameworks/CoreMedia.framework/Versions/A/CoreMedia
0x0000000003c48000 	/System/Library/PrivateFrameworks/TCC.framework/Versions/A/TCC
0x0000000003c48000 	/System/Library/PrivateFrameworks/WatchdogClient.framework/Versions/A/WatchdogClient
0x0000000003c48000 	/System/Library/PrivateFrameworks/BiomeStorage.framework/Versions/A/BiomeStorage
0x0000000003c48000 	/System/Library/PrivateFrameworks/IntelligencePlatformLibrary.framework/Versions/A/IntelligencePlatformLibrary
0x0000000003c48000 	/System/Library/PrivateFrameworks/PoirotSchematizer.framework/Versions/A/PoirotSchematizer
0x0000000003c48000 	/System/Library/PrivateFrameworks/BiomeSync.framework/Versions/A/BiomeSync
0x0000000003c48000 	/System/Library/PrivateFrameworks/BiomeDSL.framework/Versions/A/BiomeDSL
0x0000000003c48000 	/System/Library/PrivateFrameworks/PoirotUDFs.framework/Versions/A/PoirotUDFs
0x0000000003c48000 	/System/Library/PrivateFrameworks/PoirotSQLite.framework/Versions/A/PoirotSQLite
0x0000000003c48000 	/System/Library/PrivateFrameworks/CoreTime.framework/Versions/A/CoreTime
0x0000000003c48000 	/usr/lib/libiconv.2.dylib
0x0000000003c48000 	/usr/lib/libcharset.1.dylib
0x0000000003c48000 	/usr/lib/swift/libswift_RegexParser.dylib
0x0000000003c48000 	/System/Library/PrivateFrameworks/CascadeSets.framework/Versions/A/CascadeSets
0x0000000003c48000 	/System/Library/PrivateFrameworks/CorePhoneNumbers.framework/Versions/A/CorePhoneNumbers
0x0000000003c48000 	/System/Library/PrivateFrameworks/AppleJPEG.framework/Versions/A/AppleJPEG
0x0000000003c48000 	/usr/lib/libexpat.1.dylib
0x0000000003c48000 	/System/Library/Frameworks/ImageIO.framework/Versions/A/Resources/libPng.dylib
0x0000000003c48000 	/System/Library/Frameworks/ImageIO.framework/Versions/A/Resources/libTIFF.dylib
0x0000000003c48000 	/System/Library/Frameworks/ImageIO.framework/Versions/A/Resources/libGIF.dylib
0x0000000003c48000 	/System/Library/Frameworks/ImageIO.framework/Versions/A/Resources/libJP2.dylib
0x0000000003c48000 	/System/Library/Frameworks/ImageIO.framework/Versions/A/Resources/libJPEG.dylib
0x0000000003c48000 	/System/Library/Frameworks/ImageIO.framework/Versions/A/Resources/libRadiance.dylib
0x0000000003c48000 	/System/Library/PrivateFrameworks/GPUCompiler.framework/Versions/32023/Libraries/libllvm-flatbuffers.dylib
0x0000000003c48000 	/System/Library/PrivateFrameworks/FramePacing.framework/Versions/A/FramePacing
0x0000000003c48000 	/System/Library/Frameworks/OpenGL.framework/Versions/A/Libraries/libCoreFSCache.dylib
0x0000000003c48000 	/System/Library/PrivateFrameworks/GPUCompiler.framework/Versions/32023/Libraries/libGPUCompilerUtils.dylib
0x0000000003c48000 	/System/Library/PrivateFrameworks/GraphicsServices.framework/Versions/A/GraphicsServices
0x0000000003c48000 	/System/Library/PrivateFrameworks/Symbolication.framework/Versions/A/Symbolication
0x0000000003c48000 	/System/Library/PrivateFrameworks/PhotosensitivityProcessing.framework/Versions/A/PhotosensitivityProcessing
0x0000000003c48000 	/System/Library/Frameworks/OpenCL.framework/Versions/A/OpenCL
0x0000000003c48000 	/System/Library/PrivateFrameworks/GraphVisualizer.framework/Versions/A/GraphVisualizer
0x0000000003c48000 	/System/Library/Frameworks/OpenGL.framework/Versions/A/Libraries/libGLU.dylib
0x0000000003c48000 	/System/Library/Frameworks/OpenGL.framework/Versions/A/Libraries/libGFXShared.dylib
0x0000000003c48000 	/System/Library/Frameworks/OpenGL.framework/Versions/A/Libraries/libGL.dylib
0x0000000003c48000 	/System/Library/Frameworks/OpenGL.framework/Versions/A/Libraries/libGLImage.dylib
0x0000000003c48000 	/System/Library/Frameworks/OpenGL.framework/Versions/A/Libraries/libCVMSPluginSupport.dylib
0x0000000003c48000 	/System/Library/Frameworks/OpenGL.framework/Versions/A/Libraries/libCoreVMClient.dylib
0x0000000003c48000 	/System/Library/PrivateFrameworks/FontServices.framework/Versions/A/FontServices
0x0000000003c48000 	/System/Library/PrivateFrameworks/OTSVG.framework/Versions/A/OTSVG
0x0000000003c48000 	/System/Library/Frameworks/ApplicationServices.framework/Versions/A/Frameworks/ATS.framework/Versions/A/Resources/libFontRegistry.dylib
0x0000000003c48000 	/usr/lib/libhvf.dylib
0x0000000003c48000 	/System/Library/PrivateFrameworks/ParsingInternal.framework/Versions/A/ParsingInternal
0x0000000003c48000 	/usr/lib/swift/libswiftRegexBuilder.dylib
0x0000000003c48000 	/System/Library/PrivateFrameworks/FontServices.framework/libXTFontStaticRegistryData.dylib
0x0000000003c48000 	/System/Library/Frameworks/MetalPerformanceShaders.framework/Versions/A/Frameworks/MPSCore.framework/Versions/A/MPSCore
0x0000000003c48000 	/System/Library/Frameworks/MetalPerformanceShaders.framework/Versions/A/Frameworks/MPSImage.framework/Versions/A/MPSImage
0x0000000003c48000 	/System/Library/Frameworks/MetalPerformanceShaders.framework/Versions/A/Frameworks/MPSNeuralNetwork.framework/Versions/A/MPSNeuralNetwork
0x0000000003c48000 	/System/Library/Frameworks/MetalPerformanceShaders.framework/Versions/A/Frameworks/MPSMatrix.framework/Versions/A/MPSMatrix
0x0000000003c48000 	/System/Library/Frameworks/MetalPerformanceShaders.framework/Versions/A/Frameworks/MPSRayIntersector.framework/Versions/A/MPSRayIntersector
0x0000000003c48000 	/System/Library/Frameworks/MetalPerformanceShaders.framework/Versions/A/Frameworks/MPSNDArray.framework/Versions/A/MPSNDArray
0x0000000003c48000 	/System/Library/Frameworks/MetalPerformanceShaders.framework/Versions/A/Frameworks/MPSFunctions.framework/Versions/A/MPSFunctions
0x0000000003c48000 	/System/Library/Frameworks/MetalPerformanceShaders.framework/Versions/A/Frameworks/MPSBenchmarkLoop.framework/Versions/A/MPSBenchmarkLoop
0x0000000003c48000 	/System/Library/PrivateFrameworks/MetalTools.framework/Versions/A/MetalTools
0x0000000003c48000 	/System/Library/PrivateFrameworks/IOAccelMemoryInfo.framework/Versions/A/IOAccelMemoryInfo
0x0000000003c48000 	/System/Library/PrivateFrameworks/kperf.framework/Versions/A/kperf
0x0000000003c48000 	/System/Library/PrivateFrameworks/GPURawCounter.framework/Versions/A/GPURawCounter
0x0000000003c48000 	/System/Library/PrivateFrameworks/CoreSymbolication.framework/Versions/A/CoreSymbolication
0x0000000003c48000 	/System/Library/PrivateFrameworks/MallocStackLogging.framework/Versions/A/MallocStackLogging
0x0000000003c48000 	/System/Library/PrivateFrameworks/DebugSymbols.framework/Versions/A/DebugSymbols
0x0000000003c48000 	/System/Library/PrivateFrameworks/OSAnalytics.framework/Versions/A/OSAnalytics
0x0000000003c48000 	/System/Library/PrivateFrameworks/DeviceRecovery.framework/Versions/A/DeviceRecovery
0x0000000003c48000 	/System/Library/Frameworks/ExtensionFoundation.framework/Versions/A/ExtensionFoundation
0x0000000003c48000 	/System/Library/PrivateFrameworks/AppServerSupport.framework/Versions/A/AppServerSupport
0x0000000003c48000 	/System/Library/PrivateFrameworks/PlugInKit.framework/Versions/A/PlugInKit
0x0000000003c48000 	/System/Library/PrivateFrameworks/AssertionServices.framework/Versions/A/AssertionServices
0x0000000003c48000 	/System/Library/PrivateFrameworks/IconFoundation.framework/Versions/A/IconFoundation
0x0000000003c48000 	/System/Library/PrivateFrameworks/IconRendering.framework/Versions/A/IconRendering
0x0000000003c48000 	/System/Library/PrivateFrameworks/SFSymbols.framework/Versions/A/SFSymbols
0x0000000003c48000 	/System/Library/PrivateFrameworks/AudioToolboxCore.framework/Versions/A/AudioToolboxCore
0x0000000003c48000 	/System/Library/PrivateFrameworks/AudioSession.framework/Versions/A/AudioSession
0x0000000003c48000 	/System/Library/Frameworks/CoreMIDI.framework/Versions/A/CoreMIDI
0x0000000003c48000 	/usr/lib/libAudioStatistics.dylib
0x0000000003c48000 	/System/Library/PrivateFrameworks/caulk.framework/Versions/A/caulk
0x0000000003c48000 	/usr/lib/libAudioToolboxUtility.dylib
0x0000000003c48000 	/usr/lib/swift/libswiftCoreAudio.dylib
0x0000000003c48000 	/usr/lib/swift/libswiftCoreMIDI.dylib
0x0000000003c48000 	/System/Library/PrivateFrameworks/perfdata.framework/Versions/A/perfdata
0x0000000003c48000 	/System/Library/PrivateFrameworks/SystemPolicy.framework/Versions/A/SystemPolicy
0x0000000003c48000 	/usr/lib/libSMC.dylib
0x0000000003c48000 	/usr/lib/libperfcheck.dylib
0x0000000003c48000 	/System/Library/PrivateFrameworks/AudioAnalytics.framework/Versions/A/AudioAnalytics
0x0000000003c48000 	/usr/lib/swift/libswift_DarwinFoundation2.dylib
0x0000000003c48000 	/usr/lib/swift/libswift_DarwinFoundation3.dylib
0x0000000003c48000 	/System/Library/Frameworks/OSLog.framework/Versions/A/OSLog
0x0000000003c48000 	/usr/lib/libmis.dylib
0x0000000003c48000 	/System/Library/PrivateFrameworks/MediaExperience.framework/Versions/A/MediaExperience
0x0000000003c48000 	/System/Library/PrivateFrameworks/AudioSession.framework/libSessionUtility.dylib
0x0000000003c48000 	/System/Library/PrivateFrameworks/CMCaptureCore.framework/Versions/A/CMCaptureCore
0x0000000003c48000 	/System/Library/Frameworks/CoreBluetooth.framework/Versions/A/CoreBluetooth
0x0000000003c48000 	/System/Library/PrivateFrameworks/CoreUtils.framework/Versions/A/CoreUtils
0x0000000003c48000 	/System/Library/PrivateFrameworks/HID.framework/Versions/A/HID
0x0000000003c48000 	/System/Library/PrivateFrameworks/CoreUtilsExtras.framework/Versions/A/CoreUtilsExtras
0x0000000003c48000 	/System/Library/PrivateFrameworks/IO80211.framework/Versions/A/IO80211
0x0000000003c48000 	/System/Library/PrivateFrameworks/AuthKit.framework/Versions/A/AuthKit
0x0000000003c48000 	/System/Library/Frameworks/IOBluetooth.framework/Versions/A/IOBluetooth
0x0000000003c48000 	/usr/lib/libIOReport.dylib
0x0000000003c48000 	/System/Library/Frameworks/SecurityFoundation.framework/Versions/A/SecurityFoundation
0x0000000003c48000 	/System/Library/PrivateFrameworks/Lexicon.framework/Versions/A/Lexicon
0x0000000003c48000 	/usr/lib/libgermantok.dylib
0x0000000003c48000 	/System/Library/PrivateFrameworks/LinguisticData.framework/Versions/A/LinguisticData
0x0000000003c48000 	/System/Library/PrivateFrameworks/MultiverseSupport.framework/Versions/A/MultiverseSupport
0x0000000003c48000 	/System/Library/PrivateFrameworks/DiskManagement.framework/Versions/A/DiskManagement
0x0000000003c48000 	/System/Library/PrivateFrameworks/AppleIDAuthSupport.framework/Versions/A/AppleIDAuthSupport
0x0000000003c48000 	/System/Library/PrivateFrameworks/AAAFoundation.framework/Versions/A/AAAFoundation
0x0000000003c48000 	/System/Library/PrivateFrameworks/KeychainCircle.framework/Versions/A/KeychainCircle
0x0000000003c48000 	/System/Library/PrivateFrameworks/URLFormatting.framework/Versions/A/URLFormatting
0x0000000003c48000 	/usr/lib/libcsfde.dylib
0x0000000003c48000 	/usr/lib/libCoreStorage.dylib
0x0000000003c48000 	/System/Library/PrivateFrameworks/MediaKit.framework/Versions/A/MediaKit
0x0000000003c48000 	/System/Library/Frameworks/DiscRecording.framework/Versions/A/DiscRecording
0x0000000003c48000 	/System/Library/PrivateFrameworks/ProtectedCloudStorage.framework/Versions/A/ProtectedCloudStorage
0x0000000003c48000 	/System/Library/PrivateFrameworks/EFILogin.framework/Versions/A/EFILogin
0x0000000003c48000 	/usr/lib/libheimdal-asn1.dylib
0x0000000003c48000 	/System/Library/PrivateFrameworks/OctagonTrust.framework/Versions/A/OctagonTrust
0x0000000003c48000 	/System/Library/Frameworks/AudioUnit.framework/Versions/A/AudioUnit
0x0000000003c48000 	/System/Library/Frameworks/OpenDirectory.framework/Versions/A/OpenDirectory
0x0000000003c48000 	/System/Library/Frameworks/OpenDirectory.framework/Versions/A/Frameworks/CFOpenDirectory.framework/Versions/A/CFOpenDirectory
0x0000000003c48000 	/System/Library/Frameworks/AVFAudio.framework/Versions/A/AVFAudio
0x0000000003c48000 	/usr/lib/libAccessibility.dylib
0x0000000003c48000 	/System/Library/PrivateFrameworks/IsolatedCoreAudioClient.framework/Versions/A/IsolatedCoreAudioClient
0x0000000003c48000 	/usr/lib/swift/libswiftCoreMedia.dylib
0x0000000003c48000 	/System/Library/PrivateFrameworks/Tightbeam.framework/Versions/A/Tightbeam
0x0000000003c48000 	/System/Library/PrivateFrameworks/CoreAudioOrchestration.framework/Versions/A/CoreAudioOrchestration
0x0000000003c48000 	/System/Library/PrivateFrameworks/AFKUser.framework/Versions/A/AFKUser
0x0000000003c48000 	/System/Library/Frameworks/MediaAccessibility.framework/Versions/A/MediaAccessibility
0x0000000003c48000 	/System/Library/PrivateFrameworks/VideoToolboxParavirtualizationSupport.framework/Versions/A/VideoToolboxParavirtualizationSupport
0x0000000003c48000 	/System/Library/PrivateFrameworks/AppleVA.framework/Versions/A/AppleVA
0x0000000003c48000 	/System/Library/PrivateFrameworks/GPUWrangler.framework/Versions/A/GPUWrangler
0x0000000003c48000 	/System/Library/PrivateFrameworks/IOPresentment.framework/Versions/A/IOPresentment
0x0000000003c48000 	/System/Library/PrivateFrameworks/DSExternalDisplay.framework/Versions/A/DSExternalDisplay
0x0000000003c48000 	/System/Library/PrivateFrameworks/ArgumentParserInternal.framework/Versions/A/ArgumentParserInternal
0x0000000003c48000 	/System/Library/PrivateFrameworks/AppleMobileFileIntegrity.framework/Versions/A/AppleMobileFileIntegrity
0x0000000003c48000 	/usr/lib/libTLE.dylib
0x0000000003c48000 	/System/Library/PrivateFrameworks/ConfigProfileHelper.framework/Versions/A/ConfigProfileHelper
0x0000000003c48000 	/usr/lib/libedit.3.dylib
0x0000000003c48000 	/System/Library/PrivateFrameworks/MIL.framework/Versions/A/MIL
0x0000000003c48000 	/usr/lib/libncurses.5.4.dylib
0x0000000003c48000 	/System/Library/PrivateFrameworks/CoreEmoji.framework/Versions/A/CoreEmoji
0x0000000003c48000 	/usr/lib/libCRFSuite.dylib
0x0000000003c48000 	/System/Library/PrivateFrameworks/CoreNLP.framework/Versions/A/CoreNLP
0x0000000003c48000 	/usr/lib/libmecab.dylib
0x0000000003c48000 	/usr/lib/libThaiTokenizer.dylib
0x0000000003c48000 	/System/Library/PrivateFrameworks/HIDDisplay.framework/Versions/A/HIDDisplay
0x0000000003c48000 	/System/Library/Frameworks/ApplicationServices.framework/Versions/A/Frameworks/ATSUI.framework/Versions/A/ATSUI
0x0000000003c48000 	/usr/lib/libcups.2.dylib
0x0000000003c48000 	/System/Library/Frameworks/Kerberos.framework/Versions/A/Kerberos
0x0000000003c48000 	/usr/lib/libresolv.9.dylib
0x0000000003c48000 	/System/Library/PrivateFrameworks/Heimdal.framework/Versions/A/Heimdal
0x0000000003c48000 	/System/Library/Frameworks/Kerberos.framework/Versions/A/Libraries/libHeimdalProxy.dylib
0x0000000003c48000 	/System/Library/PrivateFrameworks/CommonAuth.framework/Versions/A/CommonAuth
0x0000000003c48000 	/System/Library/PrivateFrameworks/AXCoreUtilities.framework/Versions/A/AXCoreUtilities
0x0000000003c48000 	/usr/lib/libAXSafeCategoryBundle.dylib
0x0000000003c48000 	/System/Library/Frameworks/Accelerate.framework/Versions/A/Frameworks/vecLib.framework/Versions/A/libvDSP.dylib
0x0000000003c48000 	/System/Library/Frameworks/Accelerate.framework/Versions/A/Frameworks/vecLib.framework/Versions/A/libLAPACK.dylib
0x0000000003c48000 	/System/Library/Frameworks/Accelerate.framework/Versions/A/Frameworks/vecLib.framework/Versions/A/libLinearAlgebra.dylib
0x0000000003c48000 	/System/Library/Frameworks/Accelerate.framework/Versions/A/Frameworks/vecLib.framework/Versions/A/libSparseBLAS.dylib
0x0000000003c48000 	/System/Library/Frameworks/Accelerate.framework/Versions/A/Frameworks/vecLib.framework/Versions/A/libQuadrature.dylib
0x0000000003c48000 	/System/Library/Frameworks/Accelerate.framework/Versions/A/Frameworks/vecLib.framework/Versions/A/libBNNS.dylib
0x0000000003c48000 	/System/Library/Frameworks/Accelerate.framework/Versions/A/Frameworks/vecLib.framework/Versions/A/libSparse.dylib
0x0000000003c48000 	/System/Library/PrivateFrameworks/NetAuth.framework/Versions/A/NetAuth
0x0000000003c48000 	/System/Library/PrivateFrameworks/login.framework/Versions/A/Frameworks/loginsupport.framework/Versions/A/loginsupport
0x0000000003c48000 	/usr/lib/libCheckFix.dylib
0x0000000003c48000 	/System/Library/PrivateFrameworks/MetadataUtilities.framework/Versions/A/MetadataUtilities
0x0000000003c48000 	/System/Library/PrivateFrameworks/InstalledContentLibrary.framework/Versions/A/InstalledContentLibrary
0x0000000003c48000 	/System/Library/PrivateFrameworks/CoreServicesStore.framework/Versions/A/CoreServicesStore
0x0000000003c48000 	/System/Library/PrivateFrameworks/MobileSystemServices.framework/Versions/A/MobileSystemServices
0x0000000003c48000 	/usr/lib/libxslt.1.dylib
0x0000000003c48000 	/System/Library/PrivateFrameworks/BackgroundTaskManagement.framework/Versions/A/BackgroundTaskManagement
0x0000000003c48000 	/usr/lib/libcurl.4.dylib
0x0000000003c48000 	/usr/lib/libcrypto.46.dylib
0x0000000003c48000 	/usr/lib/libssl.48.dylib
0x0000000003c48000 	/System/Library/Frameworks/LDAP.framework/Versions/A/LDAP
0x0000000003c48000 	/System/Library/PrivateFrameworks/TrustEvaluationAgent.framework/Versions/A/TrustEvaluationAgent
0x0000000003c48000 	/usr/lib/libsasl2.2.dylib
0x0000000003c48000 	/usr/lib/swift/libswiftCoreGraphics.dylib
0x0000000003c48000 	/usr/lib/swift/libswiftFoundation.dylib
0x0000000003c48000 	/usr/lib/swift/libswiftSwiftOnoneSupport.dylib
0x0000000003c48000 	/usr/lib/swift/libswiftsys_time.dylib
0x0000000003c48000 	/System/Library/PrivateFrameworks/CoreMaterial.framework/Versions/A/CoreMaterial
0x0000000003c48000 	/usr/lib/swift/libswiftSpatial.dylib
0x0000000003c48000 	/usr/lib/libSpatial.dylib
0x0000000003c48000 	/System/Library/SubFrameworks/UIUtilities.framework/Versions/A/UIUtilities
0x0000000110761000 	/Library/Java/JavaVirtualMachines/jdk1.8.0_92.jdk/Contents/Home/jre/lib/server/libjvm.dylib
0x0000000003c48000 	/usr/lib/libstdc++.6.dylib
0x000000010b172000 	/Library/Java/JavaVirtualMachines/jdk1.8.0_92.jdk/Contents/Home/jre/lib/libverify.dylib
0x000000010b1c6000 	/Library/Java/JavaVirtualMachines/jdk1.8.0_92.jdk/Contents/Home/jre/lib/libjava.dylib
0x000000010b19a000 	/Library/Java/JavaVirtualMachines/jdk1.8.0_92.jdk/Contents/Home/jre/lib/libzip.dylib
0x0000000003c48000 	/System/Library/Frameworks/JavaRuntimeSupport.framework/Versions/A/JavaRuntimeSupport
0x0000000003c48000 	/System/Library/Frameworks/Carbon.framework/Versions/A/Carbon
0x0000000003c48000 	/System/Library/Frameworks/Carbon.framework/Versions/A/Frameworks/CommonPanels.framework/Versions/A/CommonPanels
0x0000000003c48000 	/System/Library/Frameworks/Carbon.framework/Versions/A/Frameworks/Help.framework/Versions/A/Help
0x0000000003c48000 	/System/Library/Frameworks/Carbon.framework/Versions/A/Frameworks/ImageCapture.framework/Versions/A/ImageCapture
0x0000000003c48000 	/System/Library/Frameworks/Carbon.framework/Versions/A/Frameworks/OpenScripting.framework/Versions/A/OpenScripting
0x0000000003c48000 	/System/Library/Frameworks/Carbon.framework/Versions/A/Frameworks/Ink.framework/Versions/A/Ink
0x0000000003c48000 	/System/Library/Frameworks/Carbon.framework/Versions/A/Frameworks/SecurityHI.framework/Versions/A/SecurityHI
0x0000000110517000 	/Library/Java/JavaVirtualMachines/jdk1.8.0_92.jdk/Contents/Home/jre/lib/libawt.dylib
0x0000000127e5e000 	/Library/Java/JavaVirtualMachines/jdk1.8.0_92.jdk/Contents/Home/jre/lib/libmlib_image.dylib
0x0000000003c48000 	/System/Library/Frameworks/JavaNativeFoundation.framework/Versions/A/JavaNativeFoundation
0x0000000127fec000 	/Library/Java/JavaVirtualMachines/jdk1.8.0_92.jdk/Contents/Home/jre/lib/libawt_lwawt.dylib
0x0000000110490000 	/Library/Java/JavaVirtualMachines/jdk1.8.0_92.jdk/Contents/Home/jre/lib/libosxapp.dylib
0x0000000003c48000 	/System/Library/Frameworks/ExceptionHandling.framework/Versions/A/ExceptionHandling
0x0000000003c48000 	/System/Library/Frameworks/AppIntents.framework/Versions/A/AppIntents
0x0000000003c48000 	/System/Library/Frameworks/RelevanceKit.framework/Versions/A/RelevanceKit
0x0000000003c48000 	/System/Library/Frameworks/CoreSpotlight.framework/Versions/A/CoreSpotlight
0x0000000003c48000 	/System/Library/PrivateFrameworks/LinkServices.framework/Versions/A/LinkServices
0x0000000003c48000 	/System/Library/PrivateFrameworks/DoNotDisturb.framework/Versions/A/DoNotDisturb
0x0000000003c48000 	/System/Library/PrivateFrameworks/LinkMetadata.framework/Versions/A/LinkMetadata
0x0000000003c48000 	/usr/lib/swift/libswiftIntents.dylib
0x0000000003c48000 	/System/Library/PrivateFrameworks/IntentsCore.framework/Versions/A/IntentsCore
0x0000000003c48000 	/System/Library/PrivateFrameworks/AvailabilityKit.framework/Versions/A/AvailabilityKit
0x0000000003c48000 	/System/Library/PrivateFrameworks/AppIntentSchemas.framework/Versions/A/AppIntentSchemas
0x0000000003c48000 	/System/Library/PrivateFrameworks/GRDBInternal.framework/Versions/A/GRDBInternal
0x0000000003c48000 	/System/Library/PrivateFrameworks/StatusKit.framework/Versions/A/StatusKit
0x0000000003c48000 	/System/Library/PrivateFrameworks/GenerationalStorage.framework/Versions/A/GenerationalStorage
0x0000000003c48000 	/System/Library/Frameworks/FileProvider.framework/Versions/A/FileProvider
0x0000000003c48000 	/System/Library/PrivateFrameworks/DesktopServicesPriv.framework/Versions/A/DesktopServicesPriv
0x0000000003c48000 	/System/Library/PrivateFrameworks/FTServices.framework/Versions/A/FTServices
0x0000000003c48000 	/System/Library/PrivateFrameworks/CoreWiFi.framework/Versions/A/CoreWiFi
0x0000000003c48000 	/System/Library/Frameworks/CoreLocation.framework/Versions/A/CoreLocation
0x0000000003c48000 	/System/Library/Frameworks/Intents.framework/Versions/A/Intents
0x0000000003c48000 	/System/Library/Frameworks/_LocationEssentials.framework/Versions/A/_LocationEssentials
0x0000000003c48000 	/System/Library/Frameworks/UserNotifications.framework/Versions/A/UserNotifications
0x0000000003c48000 	/System/Library/PrivateFrameworks/Sharing.framework/Versions/A/Sharing
0x0000000003c48000 	/System/Library/PrivateFrameworks/Apple80211.framework/Versions/A/Apple80211
0x0000000003c48000 	/System/Library/Frameworks/CoreWLAN.framework/Versions/A/CoreWLAN
0x0000000003c48000 	/usr/lib/swift/libswiftCoreLocation.dylib
0x0000000003c48000 	/System/Library/PrivateFrameworks/WiFiPeerToPeer.framework/Versions/A/WiFiPeerToPeer
0x0000000003c48000 	/usr/lib/libmrc.dylib
0x0000000003c48000 	/System/Library/PrivateFrameworks/IPConfiguration.framework/Versions/A/IPConfiguration
0x0000000003c48000 	/System/Library/PrivateFrameworks/Netrb.framework/Versions/A/Netrb
0x0000000003c48000 	/System/Library/PrivateFrameworks/GeoServices.framework/Versions/A/GeoServices
0x0000000003c48000 	/System/Library/PrivateFrameworks/LocationSupport.framework/Versions/A/LocationSupport
0x0000000003c48000 	/System/Library/PrivateFrameworks/GeoServicesCore.framework/Versions/A/GeoServicesCore
0x0000000003c48000 	/System/Library/PrivateFrameworks/PhoneNumbers.framework/Versions/A/PhoneNumbers
0x0000000003c48000 	/System/Library/PrivateFrameworks/LocationLogEncryption.framework/Versions/A/LocationLogEncryption
0x0000000003c48000 	/System/Library/PrivateFrameworks/IDS.framework/Versions/A/IDS
0x0000000003c48000 	/System/Library/Frameworks/CryptoKit.framework/Versions/A/CryptoKit
0x0000000003c48000 	/System/Library/PrivateFrameworks/CryptoKitCBridging.framework/Versions/A/CryptoKitCBridging
0x0000000003c48000 	/System/Library/Frameworks/CryptoTokenKit.framework/Versions/A/CryptoTokenKit
0x0000000003c48000 	/System/Library/Frameworks/LocalAuthentication.framework/Versions/A/LocalAuthentication
0x0000000003c48000 	/System/Library/PrivateFrameworks/LocalAuthenticationCore.framework/Versions/A/LocalAuthenticationCore
0x0000000003c48000 	/System/Library/PrivateFrameworks/LocalAuthenticationCredentialServices.framework/Versions/A/LocalAuthenticationCredentialServices
0x0000000003c48000 	/System/Library/Frameworks/LocalAuthentication.framework/Support/SharedUtils.framework/Versions/A/SharedUtils
0x0000000003c48000 	/System/Library/PrivateFrameworks/IMFoundation.framework/Versions/A/IMFoundation
0x0000000003c48000 	/System/Library/PrivateFrameworks/Marco.framework/Versions/A/Marco
0x0000000003c48000 	/System/Library/PrivateFrameworks/IDSFoundation.framework/Versions/A/IDSFoundation
0x0000000003c48000 	/System/Library/PrivateFrameworks/CommonUtilities.framework/Versions/A/CommonUtilities
0x0000000003c48000 	/System/Library/PrivateFrameworks/Engram.framework/Versions/A/Engram
0x0000000003c48000 	/usr/lib/swift/libswiftCompression.dylib
0x0000000003c48000 	/usr/lib/libtidy.A.dylib
0x0000000003c48000 	/System/Library/PrivateFrameworks/Bom.framework/Versions/A/Bom
0x0000000003c48000 	/usr/lib/libParallelCompression.dylib
0x0000000003c48000 	/System/Library/PrivateFrameworks/FTAWD.framework/Versions/A/FTAWD
0x0000000003c48000 	/usr/lib/libsandbox.1.dylib
0x0000000003c48000 	/usr/lib/libMatch.1.dylib
0x0000000003c48000 	/System/Library/PrivateFrameworks/IntentsFoundation.framework/Versions/A/IntentsFoundation
0x0000000003c48000 	/System/Library/PrivateFrameworks/ViewBridge.framework/Versions/A/ViewBridge
0x0000000003c48000 	/System/Library/Frameworks/_AppIntents_AppKit.framework/Versions/A/_AppIntents_AppKit
0x0000000132c29000 	/usr/lib/libobjc-trampolines.dylib
0x0000000003c48000 	/System/Library/CoreServices/RawCamera.bundle/Contents/MacOS/RawCamera
0x0000000003c48000 	/System/Library/Frameworks/MediaToolbox.framework/Versions/A/MediaToolbox
0x0000000003c48000 	/System/Library/PrivateFrameworks/CoreAVCHD.framework/Versions/A/CoreAVCHD
0x0000000003c48000 	/System/Library/PrivateFrameworks/Mangrove.framework/Versions/A/Mangrove
0x0000000003c48000 	/System/Library/PrivateFrameworks/CMPhoto.framework/Versions/A/CMPhoto
0x0000000003c48000 	/System/Library/Frameworks/CoreTelephony.framework/Versions/A/CoreTelephony
0x0000000003c48000 	/System/Library/PrivateFrameworks/AppleVPA.framework/Versions/A/AppleVPA
0x0000000003c48000 	/System/Library/PrivateFrameworks/CoreAUC.framework/Versions/A/CoreAUC
0x0000000003c48000 	/System/Library/PrivateFrameworks/AppleJPEGXL.framework/Versions/A/AppleJPEGXL
0x0000000003c48000 	/usr/lib/libTelephonyUtilDynamic.dylib
0x0000000003c48000 	/System/Library/Frameworks/Accelerate.framework/Versions/A/Frameworks/vImage.framework/Versions/A/Libraries/libCGInterfaces.dylib
0x0000000003c48000 	/usr/lib/libAccessibilityBaseImplementations.dylib
0x0000000003c48000 	/System/Library/PrivateFrameworks/WritingToolsUI.framework/Versions/A/WritingToolsUI
0x0000000003c48000 	/System/Library/PrivateFrameworks/GenerativeAssistantSettings.framework/Versions/A/GenerativeAssistantSettings
0x0000000003c48000 	/System/Library/PrivateFrameworks/TextComposer.framework/Versions/A/TextComposer
0x0000000003c48000 	/System/Library/PrivateFrameworks/GenerativeAssistantCommon.framework/Versions/A/GenerativeAssistantCommon
0x0000000003c48000 	/System/Library/Frameworks/SwiftUI.framework/Versions/A/SwiftUI
0x0000000003c48000 	/System/Library/Frameworks/_AuthenticationServices_SwiftUI.framework/Versions/A/_AuthenticationServices_SwiftUI
0x0000000003c48000 	/System/Library/PrivateFrameworks/Anvil.framework/Versions/A/Anvil
0x0000000003c48000 	/System/Library/PrivateFrameworks/AppStoreDaemon.framework/Versions/A/AppStoreDaemon
0x0000000003c48000 	/System/Library/PrivateFrameworks/AppleMediaServices.framework/Versions/A/AppleMediaServices
0x0000000003c48000 	/System/Library/PrivateFrameworks/GenerativePartnerServiceUI.framework/Versions/A/GenerativePartnerServiceUI
0x0000000003c48000 	/System/Library/PrivateFrameworks/JetEngine.framework/Versions/A/JetEngine
0x0000000003c48000 	/System/Library/PrivateFrameworks/TextAnimationSupport.framework/Versions/A/TextAnimationSupport
0x0000000003c48000 	/System/Library/PrivateFrameworks/RecapPerformanceTesting.framework/Versions/A/RecapPerformanceTesting
0x0000000003c48000 	/System/Library/PrivateFrameworks/SignpostCollection.framework/Versions/A/SignpostCollection
0x0000000003c48000 	/System/Library/PrivateFrameworks/AuthenticationServicesCore.framework/Versions/A/AuthenticationServicesCore
0x0000000003c48000 	/System/Library/Frameworks/AuthenticationServices.framework/Versions/A/AuthenticationServices
0x0000000003c48000 	/System/Library/PrivateFrameworks/SharedWebCredentials.framework/Versions/A/SharedWebCredentials
0x0000000003c48000 	/System/Library/PrivateFrameworks/SafariCore.framework/Versions/A/SafariCore
0x0000000003c48000 	/System/Library/PrivateFrameworks/SafariFoundation.framework/Versions/A/SafariFoundation
0x0000000003c48000 	/System/Library/Frameworks/Contacts.framework/Versions/A/Contacts
0x0000000003c48000 	/System/Library/PrivateFrameworks/CBORLibrary.framework/Versions/A/CBORLibrary
0x0000000003c48000 	/System/Library/PrivateFrameworks/Chirp.framework/Versions/A/Chirp
0x0000000003c48000 	/System/Library/PrivateFrameworks/CloudSubscriptionFeatures.framework/Versions/A/CloudSubscriptionFeatures
0x0000000003c48000 	/System/Library/PrivateFrameworks/ContactsFoundation.framework/Versions/A/ContactsFoundation
0x0000000003c48000 	/System/Library/PrivateFrameworks/RemoteManagement.framework/Versions/A/RemoteManagement
0x0000000003c48000 	/System/Library/PrivateFrameworks/RemoteManagementModel.framework/Versions/A/RemoteManagementModel
0x0000000003c48000 	/System/Library/PrivateFrameworks/RemoteManagementStore.framework/Versions/A/RemoteManagementStore
0x0000000003c48000 	/usr/lib/libxcselect.dylib
0x0000000003c48000 	/System/Library/PrivateFrameworks/DifferentialPrivacy.framework/Versions/A/DifferentialPrivacy
0x0000000003c48000 	/System/Library/PrivateFrameworks/ManagedSettingsObjC.framework/Versions/A/ManagedSettingsObjC
0x0000000003c48000 	/System/Library/PrivateFrameworks/LockdownMode.framework/Versions/A/LockdownMode
0x0000000003c48000 	/System/Library/PrivateFrameworks/VDAF.framework/Versions/A/VDAF
0x0000000003c48000 	/System/Library/PrivateFrameworks/ContactsPersistence.framework/Versions/A/ContactsPersistence
0x0000000003c48000 	/System/Library/PrivateFrameworks/AppleLDAP.framework/Versions/A/AppleLDAP
0x0000000003c48000 	/System/Library/Frameworks/ClassKit.framework/Versions/A/ClassKit
0x0000000003c48000 	/System/Library/PrivateFrameworks/CoreSuggestions.framework/Versions/A/CoreSuggestions
0x0000000003c48000 	/System/Library/PrivateFrameworks/vCard.framework/Versions/A/vCard
0x0000000003c48000 	/System/Library/PrivateFrameworks/ContactsMetrics.framework/Versions/A/ContactsMetrics
0x0000000003c48000 	/System/Library/PrivateFrameworks/login.framework/Versions/A/login
0x0000000003c48000 	/System/Library/PrivateFrameworks/ManagedOrganizationContacts.framework/Versions/A/ManagedOrganizationContacts
0x0000000003c48000 	/System/Library/PrivateFrameworks/CloudDocs.framework/Versions/A/CloudDocs
0x0000000003c48000 	/System/Library/PrivateFrameworks/ProactiveEventTracker.framework/Versions/A/ProactiveEventTracker
0x0000000003c48000 	/System/Library/PrivateFrameworks/CoreFollowUp.framework/Versions/A/CoreFollowUp
0x0000000003c48000 	/System/Library/PrivateFrameworks/ConfigurationProfiles.framework/Versions/A/ConfigurationProfiles
0x0000000003c48000 	/System/Library/PrivateFrameworks/DMCUtilities.framework/Versions/A/DMCUtilities
0x0000000003c48000 	/System/Library/PrivateFrameworks/MDMClientLibrary.framework/Versions/A/MDMClientLibrary
0x0000000003c48000 	/System/Library/PrivateFrameworks/RemoteManagementProtocol.framework/Versions/A/RemoteManagementProtocol
0x0000000003c48000 	/usr/lib/libEndpointSecuritySystem.dylib
0x0000000003c48000 	/System/Library/PrivateFrameworks/SystemAdministration.framework/Versions/A/SystemAdministration
0x0000000003c48000 	/System/Library/PrivateFrameworks/PowerlogControl.framework/Versions/A/PowerlogControl
0x0000000003c48000 	/System/Library/Frameworks/ServiceManagement.framework/Versions/A/ServiceManagement
0x0000000003c48000 	/usr/lib/libUniversalAccess.dylib
0x0000000003c48000 	/System/Library/PrivateFrameworks/FamilyControls.framework/Versions/A/FamilyControls
0x0000000003c48000 	/System/Library/Frameworks/DirectoryService.framework/Versions/A/DirectoryService
0x0000000003c48000 	/System/Library/PrivateFrameworks/LoginUIKit.framework/Versions/A/Frameworks/LoginUICore.framework/Versions/A/LoginUICore
0x0000000003c48000 	/usr/lib/libodfde.dylib
0x0000000003c48000 	/System/Library/PrivateFrameworks/UniversalAccess.framework/Versions/A/Libraries/libUAPreferences.dylib
0x0000000003c48000 	/System/Library/PrivateFrameworks/CommerceKit.framework/Versions/A/Frameworks/CommerceCore.framework/Versions/A/CommerceCore
0x0000000003c48000 	/System/Library/PrivateFrameworks/DEPClientLibrary.framework/Versions/A/DEPClientLibrary
0x0000000003c48000 	/System/Library/PrivateFrameworks/DMCEnrollmentLibrary.framework/Versions/A/DMCEnrollmentLibrary
0x0000000003c48000 	/System/Library/PrivateFrameworks/SetupAssistantFramework.framework/Versions/A/SetupAssistantFramework
0x0000000003c48000 	/System/Library/PrivateFrameworks/AuthKitUI.framework/Versions/A/AuthKitUI
0x0000000003c48000 	/System/Library/PrivateFrameworks/AppSSO.framework/Versions/A/AppSSO
0x0000000003c48000 	/System/Library/PrivateFrameworks/LocalAuthenticationUI.framework/Versions/A/LocalAuthenticationUI
0x0000000003c48000 	/System/Library/PrivateFrameworks/PlatformSSO.framework/Versions/A/PlatformSSO
0x0000000003c48000 	/System/Library/PrivateFrameworks/AOSUI.framework/Versions/A/AOSUI
0x0000000003c48000 	/System/Library/Frameworks/ContactsUI.framework/Versions/A/ContactsUI
0x0000000003c48000 	/System/Library/PrivateFrameworks/FamilyCircle.framework/Versions/A/FamilyCircle
0x0000000003c48000 	/System/Library/Frameworks/LinkPresentation.framework/Versions/A/LinkPresentation
0x0000000003c48000 	/System/Library/Frameworks/LocalAuthenticationEmbeddedUI.framework/Versions/A/LocalAuthenticationEmbeddedUI
0x0000000003c48000 	/System/Library/PrivateFrameworks/PlatformSSOCore.framework/Versions/A/PlatformSSOCore
0x0000000003c48000 	/System/Library/PrivateFrameworks/IASUtilities.framework/Versions/A/IASUtilities
0x0000000003c48000 	/System/Library/PrivateFrameworks/IASUtilitiesCore.framework/Versions/A/IASUtilitiesCore
0x0000000003c48000 	/System/Library/PrivateFrameworks/OnBoardingKit.framework/Versions/A/OnBoardingKit
0x0000000003c48000 	/System/Library/PrivateFrameworks/RemoteUI.framework/Versions/A/RemoteUI
0x0000000003c48000 	/System/Library/Frameworks/WebKit.framework/Versions/A/WebKit
0x0000000003c48000 	/System/Library/Frameworks/JavaScriptCore.framework/Versions/A/JavaScriptCore
0x0000000003c48000 	/System/Library/PrivateFrameworks/LiftUI.framework/Versions/A/LiftUI
0x0000000003c48000 	/System/Library/PrivateFrameworks/Settings.framework/Versions/A/Settings
0x0000000003c48000 	/System/Library/PrivateFrameworks/_IconServices_SwiftUI.framework/Versions/A/_IconServices_SwiftUI
0x0000000003c48000 	/System/Library/Frameworks/BrowserEngineCore.framework/Versions/A/BrowserEngineCore
0x0000000003c48000 	/System/Library/Frameworks/WebKit.framework/Versions/A/Frameworks/WebKitLegacy.framework/Versions/A/WebKitLegacy
0x0000000003c48000 	/System/Library/PrivateFrameworks/CorePrediction.framework/Versions/A/CorePrediction
0x0000000003c48000 	/System/Library/Frameworks/WebKit.framework/Versions/A/Frameworks/WebCore.framework/Versions/A/Frameworks/libwebrtc.dylib
0x0000000003c48000 	/System/Library/PrivateFrameworks/SafariSafeBrowsing.framework/Versions/A/SafariSafeBrowsing
0x0000000003c48000 	/System/Library/Frameworks/SecurityInterface.framework/Versions/A/SecurityInterface
0x0000000003c48000 	/System/Library/PrivateFrameworks/WebInspectorUI.framework/Versions/A/WebInspectorUI
0x0000000003c48000 	/System/Library/Frameworks/WebKit.framework/Versions/A/Frameworks/WebCore.framework/Versions/A/WebCore
0x0000000003c48000 	/System/Library/Frameworks/WebKit.framework/Versions/A/Frameworks/WebCore.framework/Versions/A/Frameworks/libANGLE-shared.dylib
0x0000000003c48000 	/System/Library/PrivateFrameworks/WebGPU.framework/Versions/A/WebGPU
0x0000000003c48000 	/System/Library/Frameworks/SceneKit.framework/Versions/A/SceneKit
0x0000000003c48000 	/System/Library/Frameworks/ModelIO.framework/Versions/A/ModelIO
0x0000000003c48000 	/System/Library/Frameworks/MetalKit.framework/Versions/A/MetalKit
0x0000000003c48000 	/System/Library/Frameworks/GLKit.framework/Versions/A/GLKit
0x0000000003c48000 	/usr/lib/usd/libusd_ms.dylib
0x0000000003c48000 	/System/Library/PrivateFrameworks/USDLib_FormatLoaderProxy.framework/Versions/A/USDLib_FormatLoaderProxy
0x0000000003c48000 	/usr/lib/swift/libswift_errno.dylib
0x0000000003c48000 	/System/Library/PrivateFrameworks/CoreOptimization.framework/Versions/A/CoreOptimization
0x0000000003c48000 	/System/Library/Frameworks/ExtensionKit.framework/Versions/A/ExtensionKit
0x0000000003c48000 	/System/Library/PrivateFrameworks/CloudSettings.framework/Versions/A/CloudSettings
0x0000000003c48000 	/System/Library/Frameworks/EventKit.framework/Versions/A/EventKit
0x0000000003c48000 	/System/Library/PrivateFrameworks/SearchFoundation.framework/Versions/A/SearchFoundation
0x0000000003c48000 	/System/Library/PrivateFrameworks/Email.framework/Versions/A/Email
0x0000000003c48000 	/System/Library/PrivateFrameworks/CoreRoutine.framework/Versions/A/CoreRoutine
0x0000000003c48000 	/System/Library/PrivateFrameworks/VoiceShortcutClient.framework/Versions/A/VoiceShortcutClient
0x0000000003c48000 	/System/Library/PrivateFrameworks/Categories.framework/Versions/A/Categories
0x0000000003c48000 	/System/Library/PrivateFrameworks/ChronoServices.framework/Versions/A/ChronoServices
0x0000000003c48000 	/System/Library/PrivateFrameworks/CalendarDatabase.framework/Versions/A/CalendarDatabase
0x0000000003c48000 	/System/Library/PrivateFrameworks/CalendarDaemon.framework/Versions/A/CalendarDaemon
0x0000000003c48000 	/System/Library/PrivateFrameworks/CalendarFoundation.framework/Versions/A/CalendarFoundation
0x0000000003c48000 	/System/Library/PrivateFrameworks/iCalendar.framework/Versions/A/iCalendar
0x0000000003c48000 	/System/Library/PrivateFrameworks/DataAccessExpress.framework/Versions/A/DataAccessExpress
0x0000000003c48000 	/System/Library/PrivateFrameworks/ContactsAutocomplete.framework/Versions/A/ContactsAutocomplete
0x0000000003c48000 	/usr/lib/swift/libswiftVideoToolbox.dylib
0x0000000003c48000 	/System/Library/PrivateFrameworks/FTClientServices.framework/Versions/A/FTClientServices
0x0000000003c48000 	/usr/lib/swift/libswiftCoreMediaIO.dylib
0x0000000003c48000 	/System/Library/PrivateFrameworks/CoreDAV.framework/Versions/A/CoreDAV
0x0000000003c48000 	/System/Library/PrivateFrameworks/CalDAV.framework/Versions/A/CalDAV
0x0000000003c48000 	/System/Library/PrivateFrameworks/TelephonyUtilities.framework/Versions/A/TelephonyUtilities
0x0000000003c48000 	/System/Library/Frameworks/LiveCommunicationKit.framework/Versions/A/LiveCommunicationKit
0x0000000003c48000 	/System/Library/PrivateFrameworks/CommunicationTrust.framework/Versions/A/CommunicationTrust
0x0000000003c48000 	/System/Library/Frameworks/CallKit.framework/Versions/A/CallKit
0x0000000003c48000 	/System/Library/PrivateFrameworks/CommunicationsFilter.framework/Versions/A/CommunicationsFilter
0x0000000003c48000 	/System/Library/PrivateFrameworks/IMTransferServices.framework/Versions/A/IMTransferServices
0x0000000003c48000 	/System/Library/PrivateFrameworks/IncomingCallFilter.framework/Versions/A/IncomingCallFilter
0x0000000003c48000 	/System/Library/PrivateFrameworks/NeighborhoodActivityConduit.framework/Versions/A/NeighborhoodActivityConduit
0x0000000003c48000 	/System/Library/PrivateFrameworks/CallHistory.framework/Versions/A/CallHistory
0x0000000003c48000 	/usr/lib/libBASupport.dylib
0x0000000003c48000 	/System/Library/PrivateFrameworks/CallsUtilities.framework/Versions/A/CallsUtilities
0x0000000003c48000 	/System/Library/PrivateFrameworks/CallsXPC.framework/Versions/A/CallsXPC
0x0000000003c48000 	/usr/lib/swift/libswiftCallKit.dylib
0x0000000003c48000 	/System/Library/PrivateFrameworks/CallsPersistence.framework/Versions/A/CallsPersistence
0x0000000003c48000 	/System/Library/Frameworks/SensitiveContentAnalysis.framework/Versions/A/SensitiveContentAnalysis
0x0000000003c48000 	/System/Library/PrivateFrameworks/PeopleSuggester.framework/Versions/A/PeopleSuggester
0x0000000003c48000 	/System/Library/PrivateFrameworks/SpotlightReceiver.framework/Versions/A/SpotlightReceiver
0x0000000003c48000 	/System/Library/PrivateFrameworks/_AppIntentsServices_AppIntents.framework/Versions/A/_AppIntentsServices_AppIntents
0x0000000003c48000 	/System/Library/PrivateFrameworks/AppIntentsServices.framework/Versions/A/AppIntentsServices
0x0000000003c48000 	/System/Library/PrivateFrameworks/CoreRecents.framework/Versions/A/CoreRecents
0x0000000003c48000 	/System/Library/Frameworks/GeoToolbox.framework/Versions/A/GeoToolbox
0x0000000003c48000 	/System/Library/Frameworks/_GeoToolbox_AppIntents.framework/Versions/A/_GeoToolbox_AppIntents
0x0000000003c48000 	/System/Library/PrivateFrameworks/DiagnosticRequest.framework/Versions/A/DiagnosticRequest
0x0000000003c48000 	/System/Library/PrivateFrameworks/XPCDistributed.framework/Versions/A/XPCDistributed
0x0000000003c48000 	/System/Library/PrivateFrameworks/RegulatoryDomain.framework/Versions/A/RegulatoryDomain
0x0000000003c48000 	/usr/lib/libCTGreenTeaLogger.dylib
0x0000000003c48000 	/System/Library/PrivateFrameworks/LocalStatusKit.framework/Versions/A/LocalStatusKit
0x0000000003c48000 	/System/Library/PrivateFrameworks/CoreParsec.framework/Versions/A/CoreParsec
0x0000000003c48000 	/System/Library/PrivateFrameworks/EmailAddressing.framework/Versions/A/EmailAddressing
0x0000000003c48000 	/System/Library/PrivateFrameworks/EmailCore.framework/Versions/A/EmailCore
0x0000000003c48000 	/System/Library/PrivateFrameworks/EmailFoundation.framework/Versions/A/EmailFoundation
0x0000000003c48000 	/System/Library/PrivateFrameworks/PegasusAPI.framework/Versions/A/PegasusAPI
0x0000000003c48000 	/System/Library/PrivateFrameworks/PegasusConfiguration.framework/Versions/A/PegasusConfiguration
0x0000000003c48000 	/System/Library/PrivateFrameworks/ToolKit.framework/Versions/A/ToolKit
0x0000000003c48000 	/System/Library/PrivateFrameworks/ReplicatorEngine.framework/Versions/A/ReplicatorEngine
0x0000000003c48000 	/System/Library/PrivateFrameworks/ReplicatorServices.framework/Versions/A/ReplicatorServices
0x0000000003c48000 	/System/Library/PrivateFrameworks/SystemWake.framework/Versions/A/SystemWake
0x0000000003c48000 	/System/Library/PrivateFrameworks/ContextKit.framework/Versions/A/ContextKit
0x0000000003c48000 	/System/Library/PrivateFrameworks/ContextKitCore.framework/Versions/A/ContextKitCore
0x0000000003c48000 	/System/Library/Frameworks/LocalAuthentication.framework/Support/DaemonUtils.framework/Versions/A/DaemonUtils
0x0000000003c48000 	/System/Library/PrivateFrameworks/LocalAuthenticationCoreUI.framework/Versions/A/LocalAuthenticationCoreUI
0x0000000003c48000 	/System/Library/PrivateFrameworks/BridgeXPC.framework/Versions/A/BridgeXPC
0x0000000003c48000 	/System/Library/PrivateFrameworks/CoreKDL.framework/Versions/A/CoreKDL
0x0000000003c48000 	/System/Library/PrivateFrameworks/EmbeddedOSSupportHost.framework/Versions/A/EmbeddedOSSupportHost
0x0000000003c48000 	/System/Library/PrivateFrameworks/LoginUIKit.framework/Versions/A/LoginUIKit
0x0000000003c48000 	/System/Library/PrivateFrameworks/StorageKit.framework/Versions/A/StorageKit
0x0000000003c48000 	/System/Library/Frameworks/DeviceCheck.framework/Versions/A/DeviceCheck
0x0000000003c48000 	/System/Library/PrivateFrameworks/CoreWLANKit.framework/Versions/A/CoreWLANKit
0x0000000003c48000 	/System/Library/PrivateFrameworks/Wallpaper.framework/Versions/A/Wallpaper
0x0000000003c48000 	/usr/lib/swift/libswiftGLKit.dylib
0x0000000003c48000 	/usr/lib/swift/libswiftMetalKit.dylib
0x0000000003c48000 	/usr/lib/swift/libswiftModelIO.dylib
0x0000000003c48000 	/usr/lib/swift/libswiftSceneKit.dylib
0x0000000003c48000 	/System/Library/Frameworks/FSKit.framework/Versions/A/FSKit
0x0000000003c48000 	/System/Library/PrivateFrameworks/DiskImages2.framework/Versions/A/DiskImages2
0x0000000003c48000 	/System/Library/PrivateFrameworks/LiveFS.framework/Versions/A/LiveFS
0x0000000003c48000 	/System/Library/PrivateFrameworks/DynamicDesktop.framework/Versions/A/DynamicDesktop
0x0000000003c48000 	/System/Library/PrivateFrameworks/WallpaperFoundation.framework/Versions/A/WallpaperFoundation
0x0000000003c48000 	/System/Library/PrivateFrameworks/WallpaperTypes.framework/Versions/A/WallpaperTypes
0x0000000003c48000 	/System/Library/PrivateFrameworks/SystemDesktopAppearance.framework/Versions/A/SystemDesktopAppearance
0x0000000003c48000 	/System/Library/PrivateFrameworks/icloudMCCKit.framework/Versions/A/icloudMCCKit
0x0000000003c48000 	/System/Library/PrivateFrameworks/AppleAccountUI.framework/Versions/A/AppleAccountUI
0x0000000003c48000 	/System/Library/PrivateFrameworks/PreferencePanesSupport.framework/Versions/A/PreferencePanesSupport
0x0000000003c48000 	/System/Library/PrivateFrameworks/FindMyDeviceUI.framework/Versions/A/FindMyDeviceUI
0x0000000003c48000 	/System/Library/PrivateFrameworks/iCloudQuotaUI.framework/Versions/A/iCloudQuotaUI
0x0000000003c48000 	/System/Library/PrivateFrameworks/CoreCDPUI.framework/Versions/A/CoreCDPUI
0x0000000003c48000 	/System/Library/PrivateFrameworks/CoreFollowUpUI.framework/Versions/A/CoreFollowUpUI
0x0000000003c48000 	/System/Library/PrivateFrameworks/IMCore.framework/Versions/A/IMCore
0x0000000003c48000 	/System/Library/PrivateFrameworks/CoreCDP.framework/Versions/A/CoreCDP
0x0000000003c48000 	/System/Library/PrivateFrameworks/AskPermission.framework/Versions/A/AskPermission
0x0000000003c48000 	/System/Library/Frameworks/Quartz.framework/Versions/A/Quartz
0x0000000003c48000 	/System/Library/PrivateFrameworks/CloudPhotoServicesConfiguration.framework/Versions/A/CloudPhotoServicesConfiguration
0x0000000003c48000 	/System/Library/PrivateFrameworks/CommerceKit.framework/Versions/A/CommerceKit
0x0000000003c48000 	/System/Library/PrivateFrameworks/FindMyMac.framework/Versions/A/FindMyMac
0x0000000003c48000 	/System/Library/Frameworks/PreferencePanes.framework/Versions/A/PreferencePanes
0x0000000003c48000 	/System/Library/Frameworks/AddressBook.framework/Versions/A/AddressBook
0x0000000003c48000 	/System/Library/PrivateFrameworks/AOSAccounts.framework/Versions/A/AOSAccounts
0x0000000003c48000 	/System/Library/PrivateFrameworks/AppleSRP.framework/Versions/A/AppleSRP
0x0000000003c48000 	/System/Library/Frameworks/SafariServices.framework/Versions/A/SafariServices
0x0000000003c48000 	/System/Library/PrivateFrameworks/NetFSServer.framework/Versions/A/NetFSServer
0x0000000003c48000 	/System/Library/Frameworks/PDFKit.framework/Versions/A/PDFKit
0x0000000003c48000 	/System/Library/Frameworks/TabularData.framework/Versions/A/TabularData
0x0000000003c48000 	/usr/lib/swift/libswiftPassKit.dylib
0x0000000003c48000 	/System/Library/Frameworks/PassKit.framework/Versions/A/PassKit
0x0000000003c48000 	/System/Library/PrivateFrameworks/PassKitCore.framework/Versions/A/PassKitCore
0x0000000003c48000 	/System/Library/PrivateFrameworks/PassKitMacHelperTemp.framework/Versions/A/PassKitMacHelperTemp
0x0000000003c48000 	/System/Library/PrivateFrameworks/OSEligibility.framework/Versions/A/OSEligibility
0x0000000003c48000 	/usr/lib/libAppleSSE.dylib
0x0000000003c48000 	/System/Library/PrivateFrameworks/BiometricKit.framework/Versions/A/BiometricKit
0x0000000003c48000 	/System/Library/PrivateFrameworks/SEService.framework/Versions/A/SEService
0x0000000003c48000 	/System/Library/Frameworks/FinanceKit.framework/Versions/A/FinanceKit
0x0000000003c48000 	/System/Library/PrivateFrameworks/NearField.framework/Versions/A/NearField
0x0000000003c48000 	/usr/lib/libSESShared.dylib
0x0000000003c48000 	/System/Library/PrivateFrameworks/STSXPCHelperClient.framework/Versions/A/STSXPCHelperClient
0x0000000003c48000 	/usr/lib/libnfshared.dylib
0x0000000003c48000 	/System/Library/PrivateFrameworks/Symptoms.framework/Versions/A/Frameworks/SymptomPresentationFeed.framework/Versions/A/SymptomPresentationFeed
0x0000000003c48000 	/System/Library/PrivateFrameworks/AppleMediaServicesKitInternal.framework/Versions/A/AppleMediaServicesKitInternal
0x0000000003c48000 	/System/Library/PrivateFrameworks/SymptomShared.framework/Versions/A/SymptomShared
0x0000000003c48000 	/System/Library/PrivateFrameworks/PassKitUIFoundation.framework/Versions/A/PassKitUIFoundation
0x0000000003c48000 	/System/Library/Frameworks/MapKit.framework/Versions/A/MapKit
0x0000000003c48000 	/System/Library/PrivateFrameworks/GeoAnalytics.framework/Versions/A/GeoAnalytics
0x0000000003c48000 	/System/Library/PrivateFrameworks/Navigation.framework/Versions/A/Navigation
0x0000000003c48000 	/System/Library/PrivateFrameworks/VectorKit.framework/Versions/A/VectorKit
0x0000000003c48000 	/System/Library/PrivateFrameworks/VirtualGarage.framework/Versions/A/VirtualGarage
0x0000000003c48000 	/System/Library/Frameworks/ExternalAccessory.framework/ExternalAccessory
0x0000000003c48000 	/System/Library/PrivateFrameworks/IAP.framework/Versions/A/IAP
0x0000000003c48000 	/System/Library/PrivateFrameworks/IOPlatformPluginFamily.framework/Versions/A/IOPlatformPluginFamily
0x0000000003c48000 	/System/Library/PrivateFrameworks/AvatarKit.framework/Versions/A/AvatarKit
0x0000000003c48000 	/System/Library/PrivateFrameworks/AvatarPersistence.framework/Versions/A/AvatarPersistence
0x0000000003c48000 	/System/Library/Frameworks/TipKit.framework/Versions/A/TipKit
0x0000000003c48000 	/System/Library/PrivateFrameworks/IMSharedUtilities.framework/Versions/A/IMSharedUtilities
0x0000000003c48000 	/usr/lib/swift/libswiftAppleArchive.dylib
0x0000000003c48000 	/System/Library/PrivateFrameworks/VFX.framework/Versions/A/VFX
0x0000000003c48000 	/System/Library/PrivateFrameworks/AppleCVA.framework/Versions/A/AppleCVA
0x0000000003c48000 	/System/Library/PrivateFrameworks/AvatarKitContent.framework/Versions/A/AvatarKitContent
0x0000000003c48000 	/System/Library/Frameworks/MetalFX.framework/Versions/A/MetalFX
0x0000000003c48000 	/System/Library/PrivateFrameworks/CompositorNonUI.framework/Versions/A/CompositorNonUI
0x0000000003c48000 	/System/Library/Frameworks/ARKit.framework/Versions/A/ARKit
0x0000000003c48000 	/System/Library/PrivateFrameworks/ARKitCore.framework/Versions/A/ARKitCore
0x0000000003c48000 	/usr/lib/libDisplayWarpSupport.dylib
0x0000000003c48000 	/System/Library/PrivateFrameworks/CoreComposite.framework/Versions/A/CoreComposite
0x0000000003c48000 	/usr/lib/libchannel.dylib
0x0000000003c48000 	/usr/lib/librealtime_safety.dylib
0x0000000003c48000 	/System/Library/PrivateFrameworks/ARKitFoundation.framework/Versions/A/ARKitFoundation
0x0000000003c48000 	/System/Library/PrivateFrameworks/AppleDepth.framework/Versions/A/AppleDepth
0x0000000003c48000 	/System/Library/PrivateFrameworks/AppleDepthCore.framework/Versions/A/AppleDepthCore
0x0000000003c48000 	/System/Library/PrivateFrameworks/CoreAppleCVA.framework/Versions/A/CoreAppleCVA
0x0000000003c48000 	/System/Library/PrivateFrameworks/ContactsUICore.framework/Versions/A/ContactsUICore
0x0000000003c48000 	/System/Library/PrivateFrameworks/ContactsDonation.framework/Versions/A/ContactsDonation
0x0000000003c48000 	/System/Library/PrivateFrameworks/DataDetectors.framework/Versions/A/DataDetectors
0x0000000003c48000 	/System/Library/Frameworks/MediaLibrary.framework/Versions/A/MediaLibrary
0x0000000003c48000 	/System/Library/PrivateFrameworks/PersonaKit.framework/Versions/A/PersonaKit
0x0000000003c48000 	/System/Library/PrivateFrameworks/PersonaUI.framework/Versions/A/PersonaUI
0x0000000003c48000 	/System/Library/PrivateFrameworks/Transparency.framework/Versions/A/Transparency
0x0000000003c48000 	/System/Library/PrivateFrameworks/FindMyLocate.framework/Versions/A/FindMyLocate
0x0000000003c48000 	/System/Library/PrivateFrameworks/IntlPreferences.framework/Versions/A/IntlPreferences
0x0000000003c48000 	/System/Library/PrivateFrameworks/FindMyCommon.framework/Versions/A/FindMyCommon
0x0000000003c48000 	/System/Library/PrivateFrameworks/FindMyBase.framework/Versions/A/FindMyBase
0x0000000003c48000 	/System/Library/Frameworks/NearbyInteraction.framework/Versions/A/NearbyInteraction
0x0000000003c48000 	/System/Library/PrivateFrameworks/AddressBookCore.framework/Versions/A/AddressBookCore
0x0000000003c48000 	/System/Library/PrivateFrameworks/ToneKit.framework/Versions/A/ToneKit
0x0000000003c48000 	/System/Library/PrivateFrameworks/ToneLibrary.framework/Versions/A/ToneLibrary
0x0000000003c48000 	/System/Library/PrivateFrameworks/ContactsAccounts.framework/Versions/A/ContactsAccounts
0x0000000003c48000 	/System/Library/PrivateFrameworks/Lookup.framework/Versions/A/Lookup
0x0000000003c48000 	/System/Library/Frameworks/QuickLookUI.framework/Versions/A/QuickLookUI
0x0000000003c48000 	/System/Library/Frameworks/ScreenCaptureKit.framework/Versions/A/ScreenCaptureKit
0x0000000003c48000 	/System/Library/Frameworks/Quartz.framework/Versions/A/Frameworks/QuartzComposer.framework/Versions/A/QuartzComposer
0x0000000003c48000 	/System/Library/Frameworks/Quartz.framework/Versions/A/Frameworks/QuartzFilters.framework/Versions/A/QuartzFilters
0x0000000003c48000 	/System/Library/Frameworks/Quartz.framework/Versions/A/Frameworks/ImageKit.framework/Versions/A/ImageKit
0x0000000003c48000 	/System/Library/PrivateFrameworks/CorePDF.framework/Versions/A/CorePDF
0x0000000003c48000 	/System/Library/Frameworks/QuickLook.framework/Versions/A/QuickLook
0x0000000003c48000 	/System/Library/PrivateFrameworks/DisplayServices.framework/Versions/A/DisplayServices
0x0000000003c48000 	/System/Library/Frameworks/ImageCaptureCore.framework/Versions/A/ImageCaptureCore
0x0000000003c48000 	/System/Library/PrivateFrameworks/VisionKitCore.framework/Versions/A/VisionKitCore
0x0000000003c48000 	/System/Library/PrivateFrameworks/QuickLookSupport.framework/Versions/A/QuickLookSupport
0x0000000003c48000 	/System/Library/PrivateFrameworks/MediaAnalysisServices.framework/Versions/A/MediaAnalysisServices
0x0000000003c48000 	/System/Library/PrivateFrameworks/PhotoLibraryServices.framework/Versions/A/PhotoLibraryServices
0x0000000003c48000 	/System/Library/Frameworks/Photos.framework/Versions/A/Photos
0x0000000003c48000 	/System/Library/PrivateFrameworks/PhotosFormats.framework/Versions/A/PhotosFormats
0x0000000003c48000 	/System/Library/PrivateFrameworks/CloudPhotoLibrary.framework/Versions/A/CloudPhotoLibrary
0x0000000003c48000 	/System/Library/PrivateFrameworks/CloudPhotoServices.framework/Versions/A/CloudPhotoServices
0x0000000003c48000 	/System/Library/PrivateFrameworks/CoreMediaStream.framework/Versions/A/CoreMediaStream
0x0000000003c48000 	/System/Library/PrivateFrameworks/CPAnalytics.framework/Versions/A/CPAnalytics
0x0000000003c48000 	/System/Library/PrivateFrameworks/MediaConversionService.framework/Versions/A/MediaConversionService
0x0000000003c48000 	/System/Library/PrivateFrameworks/PhotoFoundation.framework/Versions/A/PhotoFoundation
0x0000000003c48000 	/System/Library/PrivateFrameworks/PhotoLibraryServicesCore.framework/Versions/A/PhotoLibraryServicesCore
0x0000000003c48000 	/System/Library/PrivateFrameworks/MMCS.framework/Versions/A/MMCS
0x0000000003c48000 	/System/Library/PrivateFrameworks/ChunkingLibrary.framework/Versions/A/ChunkingLibrary
0x0000000003c48000 	/System/Library/PrivateFrameworks/AssetCacheServices.framework/Versions/A/AssetCacheServices
0x0000000003c48000 	/System/Library/PrivateFrameworks/AVFoundationCF.framework/Versions/A/AVFoundationCF
0x0000000003c48000 	/usr/lib/swift/libswiftDemangle.dylib
0x0000000003c48000 	/System/Library/PrivateFrameworks/MediaStream.framework/Versions/A/MediaStream
0x0000000003c48000 	/System/Library/PrivateFrameworks/NeutrinoCore.framework/Versions/A/NeutrinoCore
0x0000000003c48000 	/System/Library/PrivateFrameworks/NLP.framework/Versions/A/NLP
0x0000000003c48000 	/System/Library/PrivateFrameworks/PhotoImaging.framework/Versions/A/PhotoImaging
0x0000000003c48000 	/System/Library/PrivateFrameworks/PhotosImagingFoundation.framework/Versions/A/PhotosImagingFoundation
0x0000000003c48000 	/System/Library/PrivateFrameworks/PhotosIntelligenceCore.framework/Versions/A/PhotosIntelligenceCore
0x0000000003c48000 	/System/Library/PrivateFrameworks/EmbeddedAcousticRecognition.framework/Versions/A/EmbeddedAcousticRecognition
0x0000000003c48000 	/System/Library/PrivateFrameworks/EmojiFoundation.framework/Versions/A/EmojiFoundation
0x0000000003c48000 	/System/Library/PrivateFrameworks/SDAPI.framework/Versions/A/SDAPI
0x0000000003c48000 	/System/Library/PrivateFrameworks/AutoLoop.framework/Versions/A/AutoLoop
0x0000000003c48000 	/System/Library/PrivateFrameworks/Portrait.framework/Versions/A/Portrait
0x0000000003c48000 	/System/Library/PrivateFrameworks/FusionTracker.framework/Versions/A/FusionTracker
0x0000000003c48000 	/System/Library/PrivateFrameworks/iTunesCloud.framework/Versions/A/iTunesCloud
0x0000000003c48000 	/System/Library/PrivateFrameworks/DAAPKit.framework/Versions/A/DAAPKit
0x0000000003c48000 	/System/Library/PrivateFrameworks/DeviceManagement.framework/Versions/A/DeviceManagement
0x0000000003c48000 	/System/Library/PrivateFrameworks/ScreenTimeUI.framework/Versions/A/ScreenTimeUI
0x0000000003c48000 	/System/Library/PrivateFrameworks/QuickLookNonBaseSystem.framework/Versions/A/QuickLookNonBaseSystem
0x0000000003c48000 	/System/Library/PrivateFrameworks/Catalyst.framework/Versions/A/Catalyst
0x0000000003c48000 	/System/Library/PrivateFrameworks/ScreenTimeCore.framework/Versions/A/ScreenTimeCore
0x0000000003c48000 	/System/Library/PrivateFrameworks/ScreenTimeServiceUI.framework/Versions/A/ScreenTimeServiceUI
0x0000000003c48000 	/System/Library/PrivateFrameworks/ConfigurationEngineModel.framework/Versions/A/ConfigurationEngineModel
0x0000000003c48000 	/System/Library/PrivateFrameworks/UsageTracking.framework/Versions/A/UsageTracking
0x0000000003c48000 	/System/Library/Frameworks/DeviceActivity.framework/Versions/A/DeviceActivity
0x0000000003c48000 	/System/Library/PrivateFrameworks/KnowledgeMonitor.framework/Versions/A/KnowledgeMonitor
0x0000000003c48000 	/System/Library/PrivateFrameworks/BluetoothManager.framework/Versions/A/BluetoothManager
0x0000000003c48000 	/System/Library/Frameworks/ManagedSettings.framework/Versions/A/ManagedSettings
0x0000000003c48000 	/System/Library/PrivateFrameworks/ManagedSettingsSupport.framework/Versions/A/ManagedSettingsSupport
0x0000000003c48000 	/System/Library/Frameworks/ReplayKit.framework/Versions/A/ReplayKit
0x0000000003c48000 	/System/Library/PrivateFrameworks/MarkupUI.framework/Versions/A/MarkupUI
0x0000000003c48000 	/System/Library/PrivateFrameworks/SidecarCore.framework/Versions/A/SidecarCore
0x0000000003c48000 	/System/Library/PrivateFrameworks/AnnotationKit.framework/Versions/A/AnnotationKit
0x0000000003c48000 	/System/Library/Frameworks/PencilKit.framework/Versions/A/PencilKit
0x0000000003c48000 	/System/Library/PrivateFrameworks/SidecarUI.framework/Versions/A/SidecarUI
0x0000000003c48000 	/System/Library/PrivateFrameworks/CoreHandwriting.framework/Versions/A/CoreHandwriting
0x0000000003c48000 	/usr/lib/libmecabra.dylib
0x0000000003c48000 	/System/Library/PrivateFrameworks/Calculate.framework/Versions/A/Calculate
0x0000000003c48000 	/usr/lib/libChineseTokenizer.dylib
0x0000000003c48000 	/System/Library/PrivateFrameworks/ScreenReaderCore.framework/Versions/A/ScreenReaderCore
0x0000000003c48000 	/System/Library/PrivateFrameworks/StocksKit.framework/Versions/A/StocksKit
0x0000000003c48000 	/System/Library/PrivateFrameworks/OAuth.framework/Versions/A/OAuth
0x0000000003c48000 	/System/Library/PrivateFrameworks/StocksCore.framework/Versions/A/StocksCore
0x0000000003c48000 	/System/Library/PrivateFrameworks/TeaFoundation.framework/Versions/A/TeaFoundation
0x0000000003c48000 	/System/Library/PrivateFrameworks/TeaSettings.framework/Versions/A/TeaSettings
0x0000000003c48000 	/System/Library/PrivateFrameworks/NewsCore.framework/Versions/A/NewsCore
0x0000000003c48000 	/System/Library/PrivateFrameworks/TeaDB.framework/Versions/A/TeaDB
0x0000000003c48000 	/System/Library/PrivateFrameworks/RemoteConfiguration.framework/Versions/A/RemoteConfiguration
0x0000000003c48000 	/System/Library/PrivateFrameworks/NewsTransport.framework/Versions/A/NewsTransport
0x0000000003c48000 	/System/Library/PrivateFrameworks/NewsFoundation.framework/Versions/A/NewsFoundation
0x0000000003c48000 	/System/Library/PrivateFrameworks/NewsURLBucket.framework/Versions/A/NewsURLBucket
0x0000000003c48000 	/System/Library/PrivateFrameworks/AsyncAlgorithmsInternal.framework/Versions/A/AsyncAlgorithmsInternal
0x0000000003c48000 	/System/Library/PrivateFrameworks/MobileInstallation.framework/Versions/A/MobileInstallation
0x0000000003c48000 	/System/Library/Frameworks/Translation.framework/Versions/A/Translation
0x0000000003c48000 	/System/Library/PrivateFrameworks/RevealCore.framework/Versions/A/RevealCore
0x0000000003c48000 	/System/Library/PrivateFrameworks/Reveal.framework/Versions/A/Reveal
0x0000000003c48000 	/System/Library/Frameworks/Speech.framework/Versions/A/Speech
0x0000000003c48000 	/System/Library/PrivateFrameworks/AIMLExperimentationAnalytics.framework/Versions/A/AIMLExperimentationAnalytics
0x0000000003c48000 	/System/Library/PrivateFrameworks/AlgorithmsInternal.framework/Versions/A/AlgorithmsInternal
0x0000000003c48000 	/System/Library/PrivateFrameworks/TranslationUIServices.framework/Versions/A/TranslationUIServices
0x0000000003c48000 	/System/Library/PrivateFrameworks/TipKitCore.framework/Versions/A/TipKitCore
0x0000000003c48000 	/System/Library/PrivateFrameworks/CoreCDPInternal.framework/Versions/A/CoreCDPInternal
0x0000000003c48000 	/System/Library/PrivateFrameworks/InputAnalytics.framework/Versions/A/InputAnalytics
0x0000000003c48000 	/System/Library/Frameworks/InstantMessage.framework/Versions/A/InstantMessage
0x0000000003c48000 	/System/Library/PrivateFrameworks/IDSKVStore.framework/Versions/A/IDSKVStore
0x0000000003c48000 	/System/Library/PrivateFrameworks/IMDPersistence.framework/Versions/A/IMDPersistence
0x0000000003c48000 	/System/Library/PrivateFrameworks/UserSafety.framework/Versions/A/UserSafety
0x0000000003c48000 	/System/Library/PrivateFrameworks/BlastDoor.framework/Versions/A/BlastDoor
0x0000000003c48000 	/System/Library/PrivateFrameworks/LinkPresentationStyleSheetParsing.framework/Versions/A/LinkPresentationStyleSheetParsing
0x0000000003c48000 	/System/Library/PrivateFrameworks/PosterFoundation.framework/Versions/A/PosterFoundation
0x0000000003c48000 	/System/Library/PrivateFrameworks/PosterModel.framework/Versions/A/PosterModel
0x0000000003c48000 	/System/Library/PrivateFrameworks/PosterFuturesKit.framework/Versions/A/PosterFuturesKit
0x0000000003c48000 	/System/Library/PrivateFrameworks/FeedbackService.framework/Versions/A/FeedbackService
0x0000000003c48000 	/System/Library/PrivateFrameworks/CoreSDB.framework/Versions/A/CoreSDB
0x0000000003c48000 	/System/Library/PrivateFrameworks/AskToCore.framework/Versions/A/AskToCore
0x0000000003c48000 	/System/Library/PrivateFrameworks/MachineSettings.framework/Versions/A/MachineSettings
0x0000000003c48000 	/System/Library/PrivateFrameworks/BezelServices.framework/Versions/A/BezelServices
0x0000000003c48000 	/System/Library/PrivateFrameworks/SPOwner.framework/Versions/A/SPOwner
0x0000000003c48000 	/System/Library/PrivateFrameworks/FMCore.framework/Versions/A/FMCore
0x0000000003c48000 	/System/Library/PrivateFrameworks/AppleMediaServicesUI.framework/Versions/A/AppleMediaServicesUI
0x0000000003c48000 	/System/Library/PrivateFrameworks/iCloudQuota.framework/Versions/A/iCloudQuota
0x0000000003c48000 	/System/Library/PrivateFrameworks/CoreRecognition.framework/Versions/A/CoreRecognition
0x0000000003c48000 	/System/Library/PrivateFrameworks/InAppMessages.framework/Versions/A/InAppMessages
0x0000000003c48000 	/System/Library/PrivateFrameworks/JetUI.framework/Versions/A/JetUI
0x0000000003c48000 	/System/Library/PrivateFrameworks/JetPack.framework/Versions/A/JetPack
0x0000000003c48000 	/System/Library/PrivateFrameworks/InAppMessagesCore.framework/Versions/A/InAppMessagesCore
0x0000000003c48000 	/System/Library/PrivateFrameworks/_JetEngine_SwiftUI.framework/Versions/A/_JetEngine_SwiftUI
0x0000000003c48000 	/System/Library/PrivateFrameworks/Synapse.framework/Versions/A/Synapse
0x0000000003c48000 	/System/Library/PrivateFrameworks/CSExattrCrypto.framework/Versions/A/CSExattrCrypto
0x0000000003c48000 	/System/Library/PrivateFrameworks/StoreFoundation.framework/Versions/A/StoreFoundation
0x0000000003c48000 	/System/Library/PrivateFrameworks/ServerInformation.framework/Versions/A/ServerInformation
0x0000000003c48000 	/System/Library/PrivateFrameworks/Install.framework/Frameworks/DistributionKit.framework/Versions/A/DistributionKit
0x0000000003c48000 	/System/Library/PrivateFrameworks/PackageKit.framework/Versions/A/PackageKit
0x0000000003c48000 	/System/Library/PrivateFrameworks/OSPersonalization.framework/Versions/A/OSPersonalization
0x0000000003c48000 	/System/Library/PrivateFrameworks/BridgeOSSoftwareUpdate.framework/Versions/A/BridgeOSSoftwareUpdate
0x0000000003c48000 	/System/Library/PrivateFrameworks/StorageManagement.framework/Versions/A/StorageManagement
0x0000000003c48000 	/usr/lib/libauthinstall.dylib
0x0000000003c48000 	/System/Library/PrivateFrameworks/InstallerDiagnostics.framework/Versions/A/InstallerDiagnostics
0x0000000003c48000 	/usr/lib/libcrypto.42.dylib
0x0000000003c48000 	/System/Library/PrivateFrameworks/GPUInfo.framework/Versions/A/GPUInfo
0x0000000003c48000 	/System/Library/PrivateFrameworks/MobileActivationMacOS.framework/Versions/A/MobileActivationMacOS
0x0000000003c48000 	/System/Library/PrivateFrameworks/AccountsDaemon.framework/Versions/A/AccountsDaemon
0x0000000003c48000 	/System/Library/PrivateFrameworks/CacheDelete.framework/Versions/A/CacheDelete
0x0000000003c48000 	/System/Library/Frameworks/QuickLookThumbnailing.framework/Versions/A/QuickLookThumbnailing
0x0000000003c48000 	/System/Library/PrivateFrameworks/AOSKit.framework/Versions/A/AOSKit
0x0000000003c48000 	/System/Library/PrivateFrameworks/AppSSOCore.framework/Versions/A/AppSSOCore
0x0000000003c48000 	/System/Library/Frameworks/AVFoundation.framework/Versions/A/AVFoundation
0x0000000003c48000 	/System/Library/PrivateFrameworks/BackgroundSystemTasks.framework/Versions/A/BackgroundSystemTasks
0x0000000003c48000 	/System/Library/PrivateFrameworks/DuetActivityScheduler.framework/Versions/A/DuetActivityScheduler
0x0000000003c48000 	/System/Library/PrivateFrameworks/NetworkServiceProxy.framework/Versions/A/NetworkServiceProxy
0x0000000003c48000 	/usr/lib/libnetworkextension.dylib
0x0000000003c48000 	/System/Library/PrivateFrameworks/Rapport.framework/Versions/A/Rapport
0x0000000003c48000 	/System/Library/PrivateFrameworks/Symptoms.framework/Versions/A/Frameworks/SymptomAnalytics.framework/Versions/A/SymptomAnalytics
0x0000000003c48000 	/System/Library/Frameworks/NetworkExtension.framework/Versions/A/NetworkExtension
0x0000000003c48000 	/System/Library/PrivateFrameworks/CoreDuetContext.framework/Versions/A/CoreDuetContext
0x0000000003c48000 	/System/Library/PrivateFrameworks/CoreDuet.framework/Versions/A/CoreDuet
0x0000000003c48000 	/System/Library/PrivateFrameworks/AssistantServices.framework/Versions/A/AssistantServices
0x0000000003c48000 	/System/Library/PrivateFrameworks/SAObjects.framework/Versions/A/SAObjects
0x0000000003c48000 	/System/Library/PrivateFrameworks/MediaRemote.framework/Versions/A/MediaRemote
0x0000000003c48000 	/System/Library/PrivateFrameworks/SiriInstrumentation.framework/Versions/A/SiriInstrumentation
0x0000000003c48000 	/System/Library/PrivateFrameworks/SiriAnalytics.framework/Versions/A/SiriAnalytics
0x0000000003c48000 	/System/Library/PrivateFrameworks/SiriTTSService.framework/Versions/A/SiriTTSService
0x0000000003c48000 	/System/Library/PrivateFrameworks/SiriCrossDeviceArbitration.framework/Versions/A/SiriCrossDeviceArbitration
0x0000000003c48000 	/System/Library/PrivateFrameworks/FeedbackLogger.framework/Versions/A/FeedbackLogger
0x0000000003c48000 	/System/Library/PrivateFrameworks/FaceTimeNameUtility.framework/Versions/A/FaceTimeNameUtility
0x0000000003c48000 	/System/Library/PrivateFrameworks/SiriCrossDeviceArbitrationFeedback.framework/Versions/A/SiriCrossDeviceArbitrationFeedback
0x0000000003c48000 	/System/Library/PrivateFrameworks/GenerativeModels.framework/Versions/A/GenerativeModels
0x0000000003c48000 	/System/Library/Frameworks/AVRouting.framework/Versions/A/AVRouting
0x0000000003c48000 	/System/Library/PrivateFrameworks/MediaServices.framework/Versions/A/MediaServices
0x0000000003c48000 	/System/Library/PrivateFrameworks/PersistentConnection.framework/Versions/A/PersistentConnection
0x0000000003c48000 	/System/Library/PrivateFrameworks/SonicFoundation.framework/Versions/A/SonicFoundation
0x0000000003c48000 	/System/Library/PrivateFrameworks/Dendrite.framework/Versions/A/Dendrite
0x0000000003c48000 	/usr/lib/libtailspin.dylib
0x0000000003c48000 	/System/Library/PrivateFrameworks/Osprey.framework/Versions/A/Osprey
0x0000000003c48000 	/System/Library/PrivateFrameworks/SiriTTS.framework/Versions/A/SiriTTS
0x0000000003c48000 	/System/Library/Frameworks/NaturalLanguage.framework/Versions/A/NaturalLanguage
0x0000000003c48000 	/System/Library/PrivateFrameworks/SiriPowerInstrumentation.framework/Versions/A/SiriPowerInstrumentation
0x0000000003c48000 	/System/Library/PrivateFrameworks/Trial.framework/Versions/A/Trial
0x0000000003c48000 	/System/Library/PrivateFrameworks/TrialProto.framework/Versions/A/TrialProto
0x0000000003c48000 	/System/Library/PrivateFrameworks/UnifiedAssetFramework.framework/Versions/A/UnifiedAssetFramework
0x0000000003c48000 	/usr/lib/swift/libswiftAVFoundation.dylib
0x0000000003c48000 	/usr/lib/swift/libswiftNaturalLanguage.dylib
0x0000000003c48000 	/System/Library/PrivateFrameworks/TailspinSymbolication.framework/Versions/A/TailspinSymbolication
0x0000000003c48000 	/System/Library/PrivateFrameworks/Darwinup.framework/Versions/A/Darwinup
0x0000000003c48000 	/System/Library/PrivateFrameworks/SignpostSupport.framework/Versions/A/SignpostSupport
0x0000000003c48000 	/System/Library/PrivateFrameworks/FeatureFlagsSupport.framework/Versions/A/FeatureFlagsSupport
0x0000000003c48000 	/System/Library/PrivateFrameworks/ktrace.framework/Versions/A/ktrace
0x0000000003c48000 	/System/Library/PrivateFrameworks/SampleAnalysis.framework/Versions/A/SampleAnalysis
0x0000000003c48000 	/System/Library/PrivateFrameworks/kperfdata.framework/Versions/A/kperfdata
0x0000000003c48000 	/usr/lib/libdscsym.dylib
0x0000000003c48000 	/System/Library/PrivateFrameworks/BulkSymbolication.framework/Versions/A/BulkSymbolication
0x0000000003c48000 	/System/Library/PrivateFrameworks/Espresso.framework/Versions/A/Espresso
0x0000000003c48000 	/System/Library/Frameworks/CoreML.framework/Versions/A/CoreML
0x0000000003c48000 	/System/Library/PrivateFrameworks/ANECompiler.framework/Versions/A/ANECompiler
0x0000000003c48000 	/System/Library/PrivateFrameworks/AppleNeuralEngine.framework/Versions/A/AppleNeuralEngine
0x0000000003c48000 	/System/Library/Frameworks/MetalPerformanceShadersGraph.framework/Versions/A/MetalPerformanceShadersGraph
0x0000000003c48000 	/System/Library/PrivateFrameworks/MLCompilerServices.framework/Versions/A/MLCompilerServices
0x0000000003c48000 	/System/Library/PrivateFrameworks/ANEServices.framework/Versions/A/ANEServices
0x0000000003c48000 	/System/Library/PrivateFrameworks/ODIE.framework/Versions/A/ODIE
0x0000000003c48000 	/System/Library/PrivateFrameworks/MLCompilerRuntime.framework/Versions/A/MLCompilerRuntime
0x0000000003c48000 	/System/Library/Frameworks/MLCompute.framework/Versions/A/MLCompute
0x0000000003c48000 	/System/Library/PrivateFrameworks/MLAssetIO.framework/Versions/A/MLAssetIO
0x0000000003c48000 	/usr/lib/swift/libswiftMLCompute.dylib
0x0000000003c48000 	/System/Library/PrivateFrameworks/AVFCore.framework/Versions/A/AVFCore
0x0000000003c48000 	/System/Library/PrivateFrameworks/AVFCapture.framework/Versions/A/AVFCapture
0x0000000003c48000 	/System/Library/PrivateFrameworks/CMImaging.framework/Versions/A/CMImaging
0x0000000003c48000 	/System/Library/PrivateFrameworks/Quagga.framework/Versions/A/Quagga
0x0000000003c48000 	/System/Library/PrivateFrameworks/CMCapture.framework/Versions/A/CMCapture
0x0000000003c48000 	/System/Library/Frameworks/CoreMediaIO.framework/Versions/A/CoreMediaIO
0x0000000003c48000 	/System/Library/PrivateFrameworks/CMCaptureDevice.framework/Versions/A/CMCaptureDevice
0x0000000003c48000 	/System/Library/PrivateFrameworks/CoreBrightness.framework/Versions/A/CoreBrightness
0x0000000003c48000 	/System/Library/PrivateFrameworks/CinematicFraming.framework/Versions/A/CinematicFraming
0x0000000003c48000 	/System/Library/PrivateFrameworks/SystemStatus.framework/Versions/A/SystemStatus
0x0000000003c48000 	/System/Library/Frameworks/CoreMotion.framework/Versions/A/CoreMotion
0x0000000003c48000 	/System/Library/PrivateFrameworks/TimeSync.framework/Versions/A/TimeSync
0x0000000003c48000 	/System/Library/PrivateFrameworks/DistributedSensing.framework/Versions/A/DistributedSensing
0x0000000003c48000 	/System/Library/PrivateFrameworks/MobileBluetooth.framework/Versions/A/MobileBluetooth
0x0000000003c48000 	/System/Library/PrivateFrameworks/IOKitten.framework/Versions/A/IOKitten
0x0000000003c48000 	/System/Library/PrivateFrameworks/LanguageModeling.framework/Versions/A/LanguageModeling
0x0000000003c48000 	/System/Library/PrivateFrameworks/Montreal.framework/Versions/A/Montreal
0x0000000003c48000 	/usr/lib/libcmph.dylib
0x0000000003c48000 	/System/Library/PrivateFrameworks/GenerativeModelsFoundation.framework/Versions/A/GenerativeModelsFoundation
0x0000000003c48000 	/System/Library/PrivateFrameworks/TokenGeneration.framework/Versions/A/TokenGeneration
0x0000000003c48000 	/System/Library/PrivateFrameworks/GenerativeFunctions.framework/Versions/A/GenerativeFunctions
0x0000000003c48000 	/System/Library/PrivateFrameworks/GenerativeFunctionsFoundation.framework/Versions/A/GenerativeFunctionsFoundation
0x0000000003c48000 	/System/Library/PrivateFrameworks/ModelCatalog.framework/Versions/A/ModelCatalog
0x0000000003c48000 	/System/Library/PrivateFrameworks/SensitiveContentAnalysisML.framework/Versions/A/SensitiveContentAnalysisML
0x0000000003c48000 	/System/Library/PrivateFrameworks/GenerativeFunctionsInstrumentation.framework/Versions/A/GenerativeFunctionsInstrumentation
0x0000000003c48000 	/System/Library/PrivateFrameworks/PromptKit.framework/Versions/A/PromptKit
0x0000000003c48000 	/System/Library/PrivateFrameworks/ProactiveDaemonSupport.framework/Versions/A/ProactiveDaemonSupport
0x0000000003c48000 	/System/Library/PrivateFrameworks/ModelManagerServices.framework/Versions/A/ModelManagerServices
0x0000000003c48000 	/System/Library/PrivateFrameworks/TokenGenerationCore.framework/Versions/A/TokenGenerationCore
0x0000000003c48000 	/System/Library/PrivateFrameworks/AppleIntelligenceReporting.framework/Versions/A/AppleIntelligenceReporting
0x0000000003c48000 	/System/Library/PrivateFrameworks/AppleFlatBuffers.framework/Versions/A/AppleFlatBuffers
0x0000000003c48000 	/System/Library/PrivateFrameworks/SentencePieceInternal.framework/Versions/A/SentencePieceInternal
0x0000000003c48000 	/System/Library/Frameworks/Vision.framework/Versions/A/Vision
0x0000000003c48000 	/System/Library/PrivateFrameworks/CoreSceneUnderstanding.framework/Versions/A/CoreSceneUnderstanding
0x0000000003c48000 	/System/Library/PrivateFrameworks/VisionCore.framework/Versions/A/VisionCore
0x0000000003c48000 	/System/Library/Frameworks/Vision.framework/libfaceCore.dylib
0x0000000003c48000 	/System/Library/PrivateFrameworks/Futhark.framework/Versions/A/Futhark
0x0000000003c48000 	/System/Library/PrivateFrameworks/InertiaCam.framework/Versions/A/InertiaCam
0x0000000003c48000 	/System/Library/PrivateFrameworks/TextRecognition.framework/Versions/A/TextRecognition
0x0000000003c48000 	/System/Library/PrivateFrameworks/CVNLP.framework/Versions/A/CVNLP
0x0000000003c48000 	/System/Library/PrivateFrameworks/ApplePushService.framework/Versions/A/ApplePushService
0x0000000003c48000 	/System/Library/Frameworks/CloudKit.framework/Versions/A/CloudKit
0x0000000003c48000 	/System/Library/PrivateFrameworks/CoreDuetDaemonProtocol.framework/Versions/A/CoreDuetDaemonProtocol
0x0000000003c48000 	/System/Library/PrivateFrameworks/DeviceIdentity.framework/Versions/A/DeviceIdentity
0x0000000003c48000 	/System/Library/Frameworks/SharedWithYouCore.framework/Versions/A/SharedWithYouCore
0x0000000003c48000 	/System/Library/PrivateFrameworks/CloudTelemetry.framework/Versions/A/CloudTelemetry
0x0000000003c48000 	/System/Library/PrivateFrameworks/AppleAccount.framework/Versions/A/AppleAccount
0x0000000003c48000 	/System/Library/PrivateFrameworks/C2.framework/Versions/A/C2
0x0000000003c48000 	/System/Library/PrivateFrameworks/CloudCoreInternal.framework/Versions/A/CloudCoreInternal
0x0000000003c48000 	/System/Library/PrivateFrameworks/CloudAsset.framework/Versions/A/CloudAsset
0x0000000003c48000 	/System/Library/Frameworks/PushKit.framework/Versions/A/PushKit
0x0000000003c48000 	/System/Library/PrivateFrameworks/CloudTelemetryTools.framework/Versions/A/CloudTelemetryTools
0x0000000003c48000 	/System/Library/PrivateFrameworks/RTCReporting.framework/Versions/A/RTCReporting
0x0000000003c48000 	/System/Library/PrivateFrameworks/AAAFoundationSwift.framework/Versions/A/AAAFoundationSwift
0x0000000003c48000 	/System/Library/PrivateFrameworks/AppleIDSSOAuthentication.framework/Versions/A/AppleIDSSOAuthentication
0x0000000003c48000 	/System/Library/PrivateFrameworks/CaptiveNetwork.framework/Versions/A/CaptiveNetwork
0x0000000003c48000 	/System/Library/PrivateFrameworks/EAP8021X.framework/Versions/A/EAP8021X
0x0000000003c48000 	/System/Library/PrivateFrameworks/CryptoKitPrivate.framework/Versions/A/CryptoKitPrivate
0x0000000003c48000 	/System/Library/PrivateFrameworks/FindMyDevice.framework/Versions/A/FindMyDevice
0x0000000003c48000 	/System/Library/PrivateFrameworks/FMCoreLite.framework/Versions/A/FMCoreLite
0x0000000003c48000 	/System/Library/PrivateFrameworks/UIKitServices.framework/Versions/A/UIKitServices
0x00000001364cf000 	/System/Library/Extensions/AGXMetalG15G_C0.bundle/Contents/MacOS/AGXMetalG15G_C0
0x0000000003c48000 	/System/Library/PrivateFrameworks/IOGPU.framework/Versions/A/IOGPU
0x0000000003c48000 	/System/Library/PrivateFrameworks/AccessibilityBundles.framework/Versions/A/AccessibilityBundles
0x0000000003c48000 	/System/Library/Frameworks/OpenGL.framework/Versions/A/Resources/GLEngine.bundle/GLEngine
0x0000000003c48000 	/System/Library/Frameworks/OpenGL.framework/Versions/A/Libraries/libGLProgrammability.dylib
0x00000001383b2000 	/System/Library/Extensions/AppleMetalOpenGLRenderer.bundle/Contents/MacOS/AppleMetalOpenGLRenderer
0x0000000003c48000 	/System/Library/Frameworks/OpenGL.framework/Versions/A/Resources/GLRendererFloat.bundle/GLRendererFloat
0x000000013855c000 	/Library/Java/JavaVirtualMachines/jdk1.8.0_92.jdk/Contents/Home/jre/lib/libfontmanager.dylib
0x000000013836a000 	/Library/Java/JavaVirtualMachines/jdk1.8.0_92.jdk/Contents/Home/jre/lib/libosxui.dylib
0x0000000003c48000 	/System/Library/PrivateFrameworks/TextInputUI.framework/Versions/A/TextInputUI
0x0000000003c48000 	/System/Library/PrivateFrameworks/TextInputUIMacHelper.framework/Versions/A/TextInputUIMacHelper
0x0000000003c48000 	/System/Library/PrivateFrameworks/SafariPlatformSupport.framework/Versions/A/SafariPlatformSupport
0x0000000139fc5000 	/Library/Java/JavaVirtualMachines/jdk1.8.0_92.jdk/Contents/Home/jre/lib/libnet.dylib
0x000000013a000000 	/Library/Java/JavaVirtualMachines/jdk1.8.0_92.jdk/Contents/Home/jre/lib/libnio.dylib
0x0000000003c48000 	/System/Library/PrivateFrameworks/SpotlightKnowledge.framework/Versions/A/SpotlightKnowledge
0x0000000003c48000 	/System/Library/PrivateFrameworks/DocumentUnderstandingClient.framework/Versions/A/DocumentUnderstandingClient
0x0000000003c48000 	/System/Library/PrivateFrameworks/SpotlightEmbedding.framework/Versions/A/SpotlightEmbedding
0x0000000003c48000 	/System/Library/PrivateFrameworks/SpotlightLinguistics.framework/Versions/A/SpotlightLinguistics
0x0000000003c48000 	/System/Library/PrivateFrameworks/SpotlightResources.framework/Versions/A/SpotlightResources
0x0000000003c48000 	/System/Library/PrivateFrameworks/SpotlightIndex.framework/Versions/A/SpotlightIndex
0x0000000003c48000 	/System/Library/PrivateFrameworks/DataDeliveryServices.framework/Versions/A/DataDeliveryServices
0x0000000003c48000 	/System/Library/PrivateFrameworks/CipherML.framework/Versions/A/CipherML
0x0000000003c48000 	/System/Library/PrivateFrameworks/PegasusKit.framework/Versions/A/PegasusKit
0x0000000003c48000 	/System/Library/PrivateFrameworks/SwiftSQLite.framework/Versions/A/SwiftSQLite

VM Arguments:
java_command: Breakout.SplashScreen
java_class_path (initial): /Users/vedangholay/Library/Application Support/Code/User/workspaceStorage/ae53ad0ddbcfcea0fbe976fb216c24a7/redhat.java/jdt_ws/PingPong_da5bdc4f/bin
Launcher Type: SUN_STANDARD

Environment Variables:
PATH=/usr/local/bin:/System/Cryptexes/App/usr/bin:/usr/bin:/bin:/usr/sbin:/sbin:/var/run/com.apple.security.cryptexd/codex.system/bootstrap/usr/local/bin:/var/run/com.apple.security.cryptexd/codex.system/bootstrap/usr/bin:/var/run/com.apple.security.cryptexd/codex.system/bootstrap/usr/appleinternal/bin:/Library/Apple/usr/bin:/usr/local/share/dotnet:~/.dotnet/tools:/Users/vedangholay/.vscode/extensions/vscjava.vscode-java-debug-0.58.4/bundled/scripts/noConfigScripts:/Users/vedangholay/Library/Application Support/Code/User/globalStorage/github.copilot-chat/debugCommand
SHELL=/bin/zsh

Signal Handlers:
SIGSEGV: [libjvm.dylib+0x5aa779], sa_mask[0]=11111111111111111111111111111111, sa_flags=SA_ONSTACK|SA_RESTART|SA_SIGINFO
SIGBUS: [libjvm.dylib+0x5aa779], sa_mask[0]=11111111111111111111111111111111, sa_flags=SA_RESTART|SA_SIGINFO
SIGFPE: [libjvm.dylib+0x4831d0], sa_mask[0]=11111111111111111111111111111111, sa_flags=SA_RESTART|SA_SIGINFO
SIGPIPE: [libjvm.dylib+0x4831d0], sa_mask[0]=11111111111111111111111111111111, sa_flags=SA_RESTART|SA_SIGINFO
SIGXFSZ: [libjvm.dylib+0x4831d0], sa_mask[0]=11111111111111111111111111111111, sa_flags=SA_RESTART|SA_SIGINFO
SIGILL: [libjvm.dylib+0x4831d0], sa_mask[0]=11111111111111111111111111111111, sa_flags=SA_RESTART|SA_SIGINFO
SIGUSR1: SIG_DFL, sa_mask[0]=00000000000000000000000000000000, sa_flags=SA_RESTART
SIGUSR2: [libjvm.dylib+0x482cee], sa_mask[0]=00000000000000000000000000000000, sa_flags=SA_RESTART|SA_SIGINFO
SIGHUP: [libjvm.dylib+0x4812c5], sa_mask[0]=11111111111111111111111111111111, sa_flags=SA_RESTART|SA_SIGINFO
SIGINT: [libjvm.dylib+0x4812c5], sa_mask[0]=11111111111111111111111111111111, sa_flags=SA_RESTART|SA_SIGINFO
SIGTERM: [libjvm.dylib+0x4812c5], sa_mask[0]=11111111111111111111111111111111, sa_flags=SA_RESTART|SA_SIGINFO
SIGQUIT: [libjvm.dylib+0x4812c5], sa_mask[0]=11111111111111111111111111111111, sa_flags=SA_RESTART|SA_SIGINFO


---------------  S Y S T E M  ---------------

OS:Bsduname:Darwin 25.0.0 Darwin Kernel Version 25.0.0: Wed Sep 17 21:41:23 PDT 2025; root:xnu-12377.1.9~141/RELEASE_ARM64_T8122 x86_64
rlimit: STACK 8176k, CORE 0k, NPROC 1333, NOFILE 10240, AS infinity
load average:12.51 11.56 21.63

CPU:total 8 (1 cores per cpu, 1 threads per core) family 6 model 44 stepping 0, cmov, cx8, fxsr, mmx, sse, sse2, sse3, ssse3, sse4.1, sse4.2, popcnt, aes, clmul, tsc, tscinvbit, tscinv

Memory: 4k page, physical 8388608k(39024k free)

/proc/meminfo:


vm_info: Java HotSpot(TM) 64-Bit Server VM (25.92-b14) for bsd-amd64 JRE (1.8.0_92-b14), built on Mar 31 2016 21:23:14 by "java_re" with gcc 4.2.1 (Based on Apple Inc. build 5658) (LLVM build 2336.11.00)

time: Tue Jan 13 06:14:15 2026
elapsed time: 167 seconds (0d 0h 2m 47s)

