#
# A fatal error has been detected by the Java Runtime Environment:
#
#  SIGILL (0x4) at pc=0x00007ff8069b9749, pid=9160, tid=0x0000000000000103
#
# JRE version: Java(TM) SE Runtime Environment (8.0_92-b14) (build 1.8.0_92-b14)
# Java VM: Java HotSpot(TM) 64-Bit Server VM (25.92-b14 mixed mode bsd-amd64 compressed oops)
# Problematic frame:
# C  [CoreFoundation+0x1db749]  _CFRunLoopRunSpecificWithOptions.cold.2+0xe
#
# Failed to write core dump. Core dumps have been disabled. To enable core dumping, try "ulimit -c unlimited" before starting Java again
#
# If you would like to submit a bug report, please visit:
#   http://bugreport.java.com/bugreport/crash.jsp
# The crash happened outside the Java Virtual Machine in native code.
# See problematic frame for where to report the bug.
#

---------------  T H R E A D  ---------------

Current thread (0x00007ff3e185f000):  JavaThread "AppKit Thread" daemon [_thread_in_native, id=259, stack(0x00000003045d7000,0x0000000304dd7000)]

siginfo: si_signo: 4 (SIGILL), si_code: 1 (ILL_ILLOPC), si_addr: 0x00007ff8069b9749

Registers:
RAX=0x00007ff806b61152, RBX=0x00007ff3e4808200, RCX=0x00000000000120a8, RDX=0x0000000000000008
RSP=0x0000000304bf8da8, RBP=0x0000000304bf8e30, RSI=0x0000000000000000, RDI=0x00007ff3e2429938
R8 =0x000000000000f9e2, R9 =0x0000000000000008, R10=0x0000000000000000, R11=0x00000000a5baadb9
R12=0x0000000000000001, R13=0x00007ff3e4808210, R14=0x0000000000000001, R15=0x00007ff3e2429910
RIP=0x00007ff8069b9749, EFLAGS=0x0000000000000246, ERR=0x0000000000000000
  TRAPNO=0x0000000000000006

Top of Stack: (sp=0x0000000304bf8da8)
0x0000000304bf8da8:   00007ff8068f1659 0000000000000000
0x0000000304bf8db8:   3f8478d000000000 38f8837d6ead0002
0x0000000304bf8dc8:   000000000000000a 0000000304bf8df0
0x0000000304bf8dd8:   00007ff8067e2287 00007ffb45482778
0x0000000304bf8de8:   0000000000000001 0000000304bf8e00
0x0000000304bf8df8:   00007ff8068131b3 38f8837d6ead0099
0x0000000304bf8e08:   00007ffb45482778 00007ff3e230ecf0
0x0000000304bf8e18:   2d78ae6cb6150b1d 2d78ae6cb6150b1d
0x0000000304bf8e28:   00007ff3e3650a88 0000000304bf8e70
0x0000000304bf8e38:   00007ff80849d376 3f847ae147ae147b
0x0000000304bf8e48:   41c78ae6cb6150b1 00007ff385eccd10
0x0000000304bf8e58:   00007ff3e230ecf0 00007ff843e94518
0x0000000304bf8e68:   00007ff847362b00 0000000304bf8ec0
0x0000000304bf8e78:   0000000125af8729 00007ff3e185f1f8
0x0000000304bf8e88:   00007ff3e3650a80 0000000100000000
0x0000000304bf8e98:   0000000304bf8ef0 0000000000000000
0x0000000304bf8ea8:   00000000f2bab99a 0000000304bf8f00
0x0000000304bf8eb8:   00007ff3e185f000 0000000304bf8f10
0x0000000304bf8ec8:   000000011004883d 0000000304bf8fa0
0x0000000304bf8ed8:   0000000304bf9078 0000000795d5cc50
0x0000000304bf8ee8:   00000007e806a751 0000000000000019
0x0000000304bf8ef8:   0000000795d5cc90 000000074055bbf8
0x0000000304bf8f08:   00007ffc4687b2a8 0000000304bf9160
0x0000000304bf8f18:   00000001101fd93c 00007ff300000001
0x0000000304bf8f28:   0000000108c0b200 0000000000000014
0x0000000304bf8f38:   0000000000000014 00007ff3864fa850
0x0000000304bf8f48:   00007ff806598a94 00007ff3e3947b58
0x0000000304bf8f58:   0000000304bf9118 0000000304bf90e0
0x0000000304bf8f68:   0000000000000004 00007ff3e3947b80
0x0000000304bf8f78:   0000000000000001 0000000000000000
0x0000000304bf8f88:   0000000108c0b200 0000000000000004
0x0000000304bf8f98:   0000000000000014 0000000108c0b200 

Instructions: (pc=0x00007ff8069b9749)
0x00007ff8069b9729:   1b 71 bb 40 48 8d 35 c4 b9 49 3d e8 bd 0d 01 00
0x00007ff8069b9739:   5d c3 48 8d 05 10 7a 1a 00 48 89 05 4f 6b bb 40
0x00007ff8069b9749:   0f 0b 48 8b 05 1e 70 97 40 48 85 c0 0f 94 c1 48
0x00007ff8069b9759:   39 f8 0f 95 c0 08 c8 75 23 48 83 3d de 70 bb 40 

Register to memory mapping:

RAX=0x00007ff806b61152: _XMLPlistAppendDataUsingBase64.__CFPLDataEncodeTable+0x15f2 in /System/Library/Frameworks/CoreFoundation.framework/Versions/A/CoreFoundation at 0x00007ff8067de000
RBX=0x00007ff3e4808200 is an unknown value
RCX=0x00000000000120a8 is an unknown value
RDX=0x0000000000000008 is an unknown value
RSP=0x0000000304bf8da8 is pointing into the stack for thread: 0x00007ff3e185f000
RBP=0x0000000304bf8e30 is pointing into the stack for thread: 0x00007ff3e185f000
RSI=0x0000000000000000 is an unknown value
RDI=0x00007ff3e2429938 is an unknown value
R8 =0x000000000000f9e2 is an unknown value
R9 =0x0000000000000008 is an unknown value
R10=0x0000000000000000 is an unknown value
R11=0x00000000a5baadb9 is an unknown value
R12=0x0000000000000001 is an unknown value
R13=0x00007ff3e4808210 is an unknown value
R14=0x0000000000000001 is an unknown value
R15=0x00007ff3e2429910 is an unknown value


Stack: [0x00000003045d7000,0x0000000304dd7000],  sp=0x0000000304bf8da8,  free space=6279k
Native frames: (J=compiled Java code, j=interpreted, Vv=VM code, C=native code)
C  [CoreFoundation+0x1db749]  _CFRunLoopRunSpecificWithOptions.cold.2+0xe
C  [Foundation+0xacf376]  -[NSRunLoop(NSRunLoop) runMode:beforeDate:]+0xd8
C  [libawt_lwawt.dylib+0x34729]  Java_sun_lwawt_macosx_LWCToolkit_doAWTRunLoopImpl+0x100
J 1574  sun.lwawt.macosx.LWCToolkit.doAWTRunLoopImpl(JZZ)V (0 bytes) @ 0x000000011004883d [0x0000000110048780+0xbd]
J 1572 C1 sun.lwawt.macosx.LWCToolkit.invokeAndWait(Ljava/lang/Runnable;Ljava/awt/Component;)V (117 bytes) @ 0x00000001101fd93c [0x00000001101fbf60+0x19dc]
J 1826 C1 sun.lwawt.macosx.CAccessibility.getFocusOwner(Ljava/awt/Component;)Ljavax/accessibility/Accessible; (15 bytes) @ 0x000000011032d3ac [0x000000011032d100+0x2ac]
v  ~StubRoutines::call_stub
V  [libjvm.dylib+0x2ecc9a]  JavaCalls::call_helper(JavaValue*, methodHandle*, JavaCallArguments*, Thread*)+0x6ae
V  [libjvm.dylib+0x323b0e]  jni_invoke_static(JNIEnv_*, JavaValue*, _jobject*, JNICallType, _jmethodID*, JNI_ArgumentPusher*, Thread*)+0x1bf
V  [libjvm.dylib+0x31a3c7]  jni_CallStaticObjectMethodV+0x10c
C  [JavaNativeFoundation+0x37e5]  JNFCallStaticObjectMethod+0xb0
C  [libawt_lwawt.dylib+0x302b7]  -[JavaComponentAccessibility accessibilityFocusedUIElement]+0x6e
C  [libawt_lwawt.dylib+0x54f6]  -[AWTView accessibilityFocusedUIElement]+0x9c
C  [AppKit+0xe119c8]  -[NSWindow(NSWindowAccessibility) accessibilityFocusedUIElement]+0x69
C  [AppKit+0x92cd8]  NSAccessibilityHandleFocusChangedForce+0x8b
C  [AppKit+0xde18ab]  -[NSWindow _realMakeFirstResponder:]+0x3d9
C  [libawt_lwawt.dylib+0x46ea]  __-[AWTView viewDidMoveToWindow]_block_invoke_1+0x7d
C  [JavaNativeFoundation+0x63d7]  +[JNFRunLoop _performCopiedBlock:]+0xf
C  [Foundation+0x3989b]  __NSThreadPerformPerform+0xb2
C  [CoreFoundation+0x5f50b]  __CFRUNLOOP_IS_CALLING_OUT_TO_A_SOURCE0_PERFORM_FUNCTION__+0x11
C  [CoreFoundation+0x5f4ad]  __CFRunLoopDoSource0+0x9d
C  [CoreFoundation+0x5f26c]  __CFRunLoopDoSources0+0xcb
C  [CoreFoundation+0x5df80]  __CFRunLoopRun+0x394
C  [CoreFoundation+0x1135de]  _CFRunLoopRunSpecificWithOptions+0x1f0
C  [Foundation+0xacf376]  -[NSRunLoop(NSRunLoop) runMode:beforeDate:]+0xd8
C  [libawt_lwawt.dylib+0x34729]  Java_sun_lwawt_macosx_LWCToolkit_doAWTRunLoopImpl+0x100
J 1574  sun.lwawt.macosx.LWCToolkit.doAWTRunLoopImpl(JZZ)V (0 bytes) @ 0x000000011004883d [0x0000000110048780+0xbd]
J 1572 C1 sun.lwawt.macosx.LWCToolkit.invokeAndWait(Ljava/lang/Runnable;Ljava/awt/Component;)V (117 bytes) @ 0x00000001101fd93c [0x00000001101fbf60+0x19dc]
J 1991 C1 sun.lwawt.macosx.CAccessibility.getAccessibleRole(Ljavax/accessibility/Accessible;Ljava/awt/Component;)Ljava/lang/String; (22 bytes) @ 0x0000000110397fc4 [0x0000000110397cc0+0x304]
v  ~StubRoutines::call_stub
V  [libjvm.dylib+0x2ecc9a]  JavaCalls::call_helper(JavaValue*, methodHandle*, JavaCallArguments*, Thread*)+0x6ae
V  [libjvm.dylib+0x323b0e]  jni_invoke_static(JNIEnv_*, JavaValue*, _jobject*, JNICallType, _jmethodID*, JNI_ArgumentPusher*, Thread*)+0x1bf
V  [libjvm.dylib+0x31a3c7]  jni_CallStaticObjectMethodV+0x10c
C  [JavaNativeFoundation+0x37e5]  JNFCallStaticObjectMethod+0xb0
C  [libawt_lwawt.dylib+0x2f745]  getJavaRole+0x23
C  [libawt_lwawt.dylib+0x2fdfc]  +[JavaComponentAccessibility createWithAccessible:withEnv:withView:]+0x5d
C  [libawt_lwawt.dylib+0x3030b]  -[JavaComponentAccessibility accessibilityFocusedUIElement]+0xc2
C  [libawt_lwawt.dylib+0x54f6]  -[AWTView accessibilityFocusedUIElement]+0x9c
C  [AppKit+0xe119c8]  -[NSWindow(NSWindowAccessibility) accessibilityFocusedUIElement]+0x69
C  [AppKit+0x92cd8]  NSAccessibilityHandleFocusChangedForce+0x8b
C  [AppKit+0xdf4838]  -[NSWindow _changeKeyAndMainLimitedOK:]+0x2d3
C  [AppKit+0xaa453]  -[NSWindow makeKeyWindow]+0xae
C  [Foundation+0x3989b]  __NSThreadPerformPerform+0xb2
C  [CoreFoundation+0x5f50b]  __CFRUNLOOP_IS_CALLING_OUT_TO_A_SOURCE0_PERFORM_FUNCTION__+0x11
C  [CoreFoundation+0x5f4ad]  __CFRunLoopDoSource0+0x9d
C  [CoreFoundation+0x5f26c]  __CFRunLoopDoSources0+0xcb
C  [CoreFoundation+0x5df80]  __CFRunLoopRun+0x394
C  [CoreFoundation+0x1135de]  _CFRunLoopRunSpecificWithOptions+0x1f0
C  [Foundation+0xacf376]  -[NSRunLoop(NSRunLoop) runMode:beforeDate:]+0xd8
C  [libawt_lwawt.dylib+0x34729]  Java_sun_lwawt_macosx_LWCToolkit_doAWTRunLoopImpl+0x100
J 1574  sun.lwawt.macosx.LWCToolkit.doAWTRunLoopImpl(JZZ)V (0 bytes) @ 0x000000011004883d [0x0000000110048780+0xbd]
J 1572 C1 sun.lwawt.macosx.LWCToolkit.invokeAndWait(Ljava/lang/Runnable;Ljava/awt/Component;)V (117 bytes) @ 0x00000001101fd93c [0x00000001101fbf60+0x19dc]
J 1991 C1 sun.lwawt.macosx.CAccessibility.getAccessibleRole(Ljavax/accessibility/Accessible;Ljava/awt/Component;)Ljava/lang/String; (22 bytes) @ 0x0000000110397fc4 [0x0000000110397cc0+0x304]
v  ~StubRoutines::call_stub
V  [libjvm.dylib+0x2ecc9a]  JavaCalls::call_helper(JavaValue*, methodHandle*, JavaCallArguments*, Thread*)+0x6ae
V  [libjvm.dylib+0x323b0e]  jni_invoke_static(JNIEnv_*, JavaValue*, _jobject*, JNICallType, _jmethodID*, JNI_ArgumentPusher*, Thread*)+0x1bf
V  [libjvm.dylib+0x31a3c7]  jni_CallStaticObjectMethodV+0x10c
C  [JavaNativeFoundation+0x37e5]  JNFCallStaticObjectMethod+0xb0
C  [libawt_lwawt.dylib+0x2f745]  getJavaRole+0x23
C  [libawt_lwawt.dylib+0x2fdfc]  +[JavaComponentAccessibility createWithAccessible:withEnv:withView:]+0x5d
C  [libawt_lwawt.dylib+0x3030b]  -[JavaComponentAccessibility accessibilityFocusedUIElement]+0xc2
C  [libawt_lwawt.dylib+0x54f6]  -[AWTView accessibilityFocusedUIElement]+0x9c
C  [AppKit+0xe119c8]  -[NSWindow(NSWindowAccessibility) accessibilityFocusedUIElement]+0x69
C  [AppKit+0x92cd8]  NSAccessibilityHandleFocusChangedForce+0x8b
C  [AppKit+0xde18ab]  -[NSWindow _realMakeFirstResponder:]+0x3d9
C  [libawt_lwawt.dylib+0x46ea]  __-[AWTView viewDidMoveToWindow]_block_invoke_1+0x7d
C  [JavaNativeFoundation+0x63d7]  +[JNFRunLoop _performCopiedBlock:]+0xf
C  [Foundation+0x3989b]  __NSThreadPerformPerform+0xb2
C  [CoreFoundation+0x5f50b]  __CFRUNLOOP_IS_CALLING_OUT_TO_A_SOURCE0_PERFORM_FUNCTION__+0x11
C  [CoreFoundation+0x5f4ad]  __CFRunLoopDoSource0+0x9d
C  [CoreFoundation+0x5f26c]  __CFRunLoopDoSources0+0xcb
C  [CoreFoundation+0x5df80]  __CFRunLoopRun+0x394
C  [CoreFoundation+0x1135de]  _CFRunLoopRunSpecificWithOptions+0x1f0
C  [Foundation+0xacf376]  -[NSRunLoop(NSRunLoop) runMode:beforeDate:]+0xd8
C  [libawt_lwawt.dylib+0x34729]  Java_sun_lwawt_macosx_LWCToolkit_doAWTRunLoopImpl+0x100
J 1574  sun.lwawt.macosx.LWCToolkit.doAWTRunLoopImpl(JZZ)V (0 bytes) @ 0x000000011004883d [0x0000000110048780+0xbd]
J 1572 C1 sun.lwawt.macosx.LWCToolkit.invokeAndWait(Ljava/lang/Runnable;Ljava/awt/Component;)V (117 bytes) @ 0x00000001101fd93c [0x00000001101fbf60+0x19dc]
J 1991 C1 sun.lwawt.macosx.CAccessibility.getAccessibleRole(Ljavax/accessibility/Accessible;Ljava/awt/Component;)Ljava/lang/String; (22 bytes) @ 0x0000000110397fc4 [0x0000000110397cc0+0x304]
v  ~StubRoutines::call_stub
V  [libjvm.dylib+0x2ecc9a]  JavaCalls::call_helper(JavaValue*, methodHandle*, JavaCallArguments*, Thread*)+0x6ae
V  [libjvm.dylib+0x323b0e]  jni_invoke_static(JNIEnv_*, JavaValue*, _jobject*, JNICallType, _jmethodID*, JNI_ArgumentPusher*, Thread*)+0x1bf
V  [libjvm.dylib+0x31a3c7]  jni_CallStaticObjectMethodV+0x10c
C  [JavaNativeFoundation+0x37e5]  JNFCallStaticObjectMethod+0xb0
C  [libawt_lwawt.dylib+0x2f745]  getJavaRole+0x23
C  [libawt_lwawt.dylib+0x2fdfc]  +[JavaComponentAccessibility createWithAccessible:withEnv:withView:]+0x5d
C  [libawt_lwawt.dylib+0x3030b]  -[JavaComponentAccessibility accessibilityFocusedUIElement]+0xc2
C  [libawt_lwawt.dylib+0x54f6]  -[AWTView accessibilityFocusedUIElement]+0x9c
C  [AppKit+0xe119c8]  -[NSWindow(NSWindowAccessibility) accessibilityFocusedUIElement]+0x69
C  [AppKit+0x92cd8]  NSAccessibilityHandleFocusChangedForce+0x8b
C  [AppKit+0xdf4838]  -[NSWindow _changeKeyAndMainLimitedOK:]+0x2d3
C  [AppKit+0xaa453]  -[NSWindow makeKeyWindow]+0xae
C  [Foundation+0x3989b]  __NSThreadPerformPerform+0xb2
C  [CoreFoundation+0x5f50b]  __CFRUNLOOP_IS_CALLING_OUT_TO_A_SOURCE0_PERFORM_FUNCTION__+0x11
C  [CoreFoundation+0x5f4ad]  __CFRunLoopDoSource0+0x9d
C  [CoreFoundation+0x5f26c]  __CFRunLoopDoSources0+0xcb
C  [CoreFoundation+0x5df80]  __CFRunLoopRun+0x394
C  [CoreFoundation+0x1135de]  _CFRunLoopRunSpecificWithOptions+0x1f0
C  [Foundation+0xacf376]  -[NSRunLoop(NSRunLoop) runMode:beforeDate:]+0xd8
C  [libawt_lwawt.dylib+0x34729]  Java_sun_lwawt_macosx_LWCToolkit_doAWTRunLoopImpl+0x100
J 1574  sun.lwawt.macosx.LWCToolkit.doAWTRunLoopImpl(JZZ)V (0 bytes) @ 0x000000011004883d [0x0000000110048780+0xbd]
...<more frames>...

Java frames: (J=compiled Java code, j=interpreted, Vv=VM code)
J 1574  sun.lwawt.macosx.LWCToolkit.doAWTRunLoopImpl(JZZ)V (0 bytes) @ 0x00000001100487c7 [0x0000000110048780+0x47]
J 1572 C1 sun.lwawt.macosx.LWCToolkit.invokeAndWait(Ljava/lang/Runnable;Ljava/awt/Component;)V (117 bytes) @ 0x00000001101fd93c [0x00000001101fbf60+0x19dc]
J 1826 C1 sun.lwawt.macosx.CAccessibility.getFocusOwner(Ljava/awt/Component;)Ljavax/accessibility/Accessible; (15 bytes) @ 0x000000011032d3ac [0x000000011032d100+0x2ac]
v  ~StubRoutines::call_stub
J 1574  sun.lwawt.macosx.LWCToolkit.doAWTRunLoopImpl(JZZ)V (0 bytes) @ 0x00000001100487c7 [0x0000000110048780+0x47]
J 1572 C1 sun.lwawt.macosx.LWCToolkit.invokeAndWait(Ljava/lang/Runnable;Ljava/awt/Component;)V (117 bytes) @ 0x00000001101fd93c [0x00000001101fbf60+0x19dc]
J 1991 C1 sun.lwawt.macosx.CAccessibility.getAccessibleRole(Ljavax/accessibility/Accessible;Ljava/awt/Component;)Ljava/lang/String; (22 bytes) @ 0x0000000110397fc4 [0x0000000110397cc0+0x304]
v  ~StubRoutines::call_stub
J 1574  sun.lwawt.macosx.LWCToolkit.doAWTRunLoopImpl(JZZ)V (0 bytes) @ 0x00000001100487c7 [0x0000000110048780+0x47]
J 1572 C1 sun.lwawt.macosx.LWCToolkit.invokeAndWait(Ljava/lang/Runnable;Ljava/awt/Component;)V (117 bytes) @ 0x00000001101fd93c [0x00000001101fbf60+0x19dc]
J 1991 C1 sun.lwawt.macosx.CAccessibility.getAccessibleRole(Ljavax/accessibility/Accessible;Ljava/awt/Component;)Ljava/lang/String; (22 bytes) @ 0x0000000110397fc4 [0x0000000110397cc0+0x304]
v  ~StubRoutines::call_stub
J 1574  sun.lwawt.macosx.LWCToolkit.doAWTRunLoopImpl(JZZ)V (0 bytes) @ 0x00000001100487c7 [0x0000000110048780+0x47]
J 1572 C1 sun.lwawt.macosx.LWCToolkit.invokeAndWait(Ljava/lang/Runnable;Ljava/awt/Component;)V (117 bytes) @ 0x00000001101fd93c [0x00000001101fbf60+0x19dc]
J 1991 C1 sun.lwawt.macosx.CAccessibility.getAccessibleRole(Ljavax/accessibility/Accessible;Ljava/awt/Component;)Ljava/lang/String; (22 bytes) @ 0x0000000110397fc4 [0x0000000110397cc0+0x304]
v  ~StubRoutines::call_stub
J 1574  sun.lwawt.macosx.LWCToolkit.doAWTRunLoopImpl(JZZ)V (0 bytes) @ 0x00000001100487c7 [0x0000000110048780+0x47]
J 1572 C1 sun.lwawt.macosx.LWCToolkit.invokeAndWait(Ljava/lang/Runnable;Ljava/awt/Component;)V (117 bytes) @ 0x00000001101fd93c [0x00000001101fbf60+0x19dc]
J 1991 C1 sun.lwawt.macosx.CAccessibility.getAccessibleRole(Ljavax/accessibility/Accessible;Ljava/awt/Component;)Ljava/lang/String; (22 bytes) @ 0x0000000110397fc4 [0x0000000110397cc0+0x304]
v  ~StubRoutines::call_stub
J 1574  sun.lwawt.macosx.LWCToolkit.doAWTRunLoopImpl(JZZ)V (0 bytes) @ 0x00000001100487c7 [0x0000000110048780+0x47]
J 1572 C1 sun.lwawt.macosx.LWCToolkit.invokeAndWait(Ljava/lang/Runnable;Ljava/awt/Component;)V (117 bytes) @ 0x00000001101fd93c [0x00000001101fbf60+0x19dc]
J 1991 C1 sun.lwawt.macosx.CAccessibility.getAccessibleRole(Ljavax/accessibility/Accessible;Ljava/awt/Component;)Ljava/lang/String; (22 bytes) @ 0x0000000110397fc4 [0x0000000110397cc0+0x304]
v  ~StubRoutines::call_stub
J 1574  sun.lwawt.macosx.LWCToolkit.doAWTRunLoopImpl(JZZ)V (0 bytes) @ 0x00000001100487c7 [0x0000000110048780+0x47]
J 1572 C1 sun.lwawt.macosx.LWCToolkit.invokeAndWait(Ljava/lang/Runnable;Ljava/awt/Component;)V (117 bytes) @ 0x00000001101fd93c [0x00000001101fbf60+0x19dc]
J 1963 C1 sun.lwawt.macosx.CAccessibility.getAccessibleIndexInParent(Ljavax/accessibility/Accessible;Ljava/awt/Component;)I (25 bytes) @ 0x000000011038a924 [0x000000011038a620+0x304]
v  ~StubRoutines::call_stub
J 1574  sun.lwawt.macosx.LWCToolkit.doAWTRunLoopImpl(JZZ)V (0 bytes) @ 0x00000001100487c7 [0x0000000110048780+0x47]
J 1572 C1 sun.lwawt.macosx.LWCToolkit.invokeAndWait(Ljava/lang/Runnable;Ljava/awt/Component;)V (117 bytes) @ 0x00000001101fd93c [0x00000001101fbf60+0x19dc]
J 1991 C1 sun.lwawt.macosx.CAccessibility.getAccessibleRole(Ljavax/accessibility/Accessible;Ljava/awt/Component;)Ljava/lang/String; (22 bytes) @ 0x0000000110397fc4 [0x0000000110397cc0+0x304]
v  ~StubRoutines::call_stub
J 1574  sun.lwawt.macosx.LWCToolkit.doAWTRunLoopImpl(JZZ)V (0 bytes) @ 0x00000001100487c7 [0x0000000110048780+0x47]
J 1572 C1 sun.lwawt.macosx.LWCToolkit.invokeAndWait(Ljava/lang/Runnable;Ljava/awt/Component;)V (117 bytes) @ 0x00000001101fd93c [0x00000001101fbf60+0x19dc]
J 1991 C1 sun.lwawt.macosx.CAccessibility.getAccessibleRole(Ljavax/accessibility/Accessible;Ljava/awt/Component;)Ljava/lang/String; (22 bytes) @ 0x0000000110397fc4 [0x0000000110397cc0+0x304]
v  ~StubRoutines::call_stub
J 1574  sun.lwawt.macosx.LWCToolkit.doAWTRunLoopImpl(JZZ)V (0 bytes) @ 0x00000001100487c7 [0x0000000110048780+0x47]
J 1572 C1 sun.lwawt.macosx.LWCToolkit.invokeAndWait(Ljava/lang/Runnable;Ljava/awt/Component;)V (117 bytes) @ 0x00000001101fd93c [0x00000001101fbf60+0x19dc]
J 1464 C1 sun.lwawt.macosx.CAccessibility.invokeAndWait(Ljava/util/concurrent/Callable;Ljava/awt/Component;)Ljava/lang/Object; (13 bytes) @ 0x000000011015cd7c [0x000000011015cbe0+0x19c]
j  sun.lwawt.macosx.CAccessibility.getAccessibleValue(Ljavax/accessibility/Accessible;Ljava/awt/Component;)Ljavax/accessibility/AccessibleValue;+15
v  ~StubRoutines::call_stub
J 1574  sun.lwawt.macosx.LWCToolkit.doAWTRunLoopImpl(JZZ)V (0 bytes) @ 0x00000001100487c7 [0x0000000110048780+0x47]
J 1572 C1 sun.lwawt.macosx.LWCToolkit.invokeAndWait(Ljava/lang/Runnable;Ljava/awt/Component;)V (117 bytes) @ 0x00000001101fd93c [0x00000001101fbf60+0x19dc]
J 1991 C1 sun.lwawt.macosx.CAccessibility.getAccessibleRole(Ljavax/accessibility/Accessible;Ljava/awt/Component;)Ljava/lang/String; (22 bytes) @ 0x0000000110397fc4 [0x0000000110397cc0+0x304]
v  ~StubRoutines::call_stub
J 1574  sun.lwawt.macosx.LWCToolkit.doAWTRunLoopImpl(JZZ)V (0 bytes) @ 0x00000001100487c7 [0x0000000110048780+0x47]
J 1572 C1 sun.lwawt.macosx.LWCToolkit.invokeAndWait(Ljava/lang/Runnable;Ljava/awt/Component;)V (117 bytes) @ 0x00000001101fd93c [0x00000001101fbf60+0x19dc]
J 1991 C1 sun.lwawt.macosx.CAccessibility.getAccessibleRole(Ljavax/accessibility/Accessible;Ljava/awt/Component;)Ljava/lang/String; (22 bytes) @ 0x0000000110397fc4 [0x0000000110397cc0+0x304]
v  ~StubRoutines::call_stub
J 1574  sun.lwawt.macosx.LWCToolkit.doAWTRunLoopImpl(JZZ)V (0 bytes) @ 0x00000001100487c7 [0x0000000110048780+0x47]
J 1572 C1 sun.lwawt.macosx.LWCToolkit.invokeAndWait(Ljava/lang/Runnable;Ljava/awt/Component;)V (117 bytes) @ 0x00000001101fd93c [0x00000001101fbf60+0x19dc]
J 1991 C1 sun.lwawt.macosx.CAccessibility.getAccessibleRole(Ljavax/accessibility/Accessible;Ljava/awt/Component;)Ljava/lang/String; (22 bytes) @ 0x0000000110397fc4 [0x0000000110397cc0+0x304]
v  ~StubRoutines::call_stub
J 1574  sun.lwawt.macosx.LWCToolkit.doAWTRunLoopImpl(JZZ)V (0 bytes) @ 0x00000001100487c7 [0x0000000110048780+0x47]
J 1572 C1 sun.lwawt.macosx.LWCToolkit.invokeAndWait(Ljava/lang/Runnable;Ljava/awt/Component;)V (117 bytes) @ 0x00000001101fd93c [0x00000001101fbf60+0x19dc]
J 1991 C1 sun.lwawt.macosx.CAccessibility.getAccessibleRole(Ljavax/accessibility/Accessible;Ljava/awt/Component;)Ljava/lang/String; (22 bytes) @ 0x0000000110397fc4 [0x0000000110397cc0+0x304]
v  ~StubRoutines::call_stub
J 1574  sun.lwawt.macosx.LWCToolkit.doAWTRunLoopImpl(JZZ)V (0 bytes) @ 0x00000001100487c7 [0x0000000110048780+0x47]
J 1572 C1 sun.lwawt.macosx.LWCToolkit.invokeAndWait(Ljava/lang/Runnable;Ljava/awt/Component;)V (117 bytes) @ 0x00000001101fd93c [0x00000001101fbf60+0x19dc]
J 1991 C1 sun.lwawt.macosx.CAccessibility.getAccessibleRole(Ljavax/accessibility/Accessible;Ljava/awt/Component;)Ljava/lang/String; (22 bytes) @ 0x0000000110397fc4 [0x0000000110397cc0+0x304]
v  ~StubRoutines::call_stub
J 1574  sun.lwawt.macosx.LWCToolkit.doAWTRunLoopImpl(JZZ)V (0 bytes) @ 0x00000001100487c7 [0x0000000110048780+0x47]
J 1572 C1 sun.lwawt.macosx.LWCToolkit.invokeAndWait(Ljava/lang/Runnable;Ljava/awt/Component;)V (117 bytes) @ 0x00000001101fd93c [0x00000001101fbf60+0x19dc]
J 1991 C1 sun.lwawt.macosx.CAccessibility.getAccessibleRole(Ljavax/accessibility/Accessible;Ljava/awt/Component;)Ljava/lang/String; (22 bytes) @ 0x0000000110397fc4 [0x0000000110397cc0+0x304]
v  ~StubRoutines::call_stub
J 1574  sun.lwawt.macosx.LWCToolkit.doAWTRunLoopImpl(JZZ)V (0 bytes) @ 0x00000001100487c7 [0x0000000110048780+0x47]
J 1572 C1 sun.lwawt.macosx.LWCToolkit.invokeAndWait(Ljava/lang/Runnable;Ljava/awt/Component;)V (117 bytes) @ 0x00000001101fd93c [0x00000001101fbf60+0x19dc]
J 1991 C1 sun.lwawt.macosx.CAccessibility.getAccessibleRole(Ljavax/accessibility/Accessible;Ljava/awt/Component;)Ljava/lang/String; (22 bytes) @ 0x0000000110397fc4 [0x0000000110397cc0+0x304]
v  ~StubRoutines::call_stub
J 1574  sun.lwawt.macosx.LWCToolkit.doAWTRunLoopImpl(JZZ)V (0 bytes) @ 0x00000001100487c7 [0x0000000110048780+0x47]
J 1572 C1 sun.lwawt.macosx.LWCToolkit.invokeAndWait(Ljava/lang/Runnable;Ljava/awt/Component;)V (117 bytes) @ 0x00000001101fd93c [0x00000001101fbf60+0x19dc]
J 1991 C1 sun.lwawt.macosx.CAccessibility.getAccessibleRole(Ljavax/accessibility/Accessible;Ljava/awt/Component;)Ljava/lang/String; (22 bytes) @ 0x0000000110397fc4 [0x0000000110397cc0+0x304]
v  ~StubRoutines::call_stub
J 1574  sun.lwawt.macosx.LWCToolkit.doAWTRunLoopImpl(JZZ)V (0 bytes) @ 0x00000001100487c7 [0x0000000110048780+0x47]
J 1572 C1 sun.lwawt.macosx.LWCToolkit.invokeAndWait(Ljava/lang/Runnable;Ljava/awt/Component;)V (117 bytes) @ 0x00000001101fd93c [0x00000001101fbf60+0x19dc]
J 1991 C1 sun.lwawt.macosx.CAccessibility.getAccessibleRole(Ljavax/accessibility/Accessible;Ljava/awt/Component;)Ljava/lang/String; (22 bytes) @ 0x0000000110397fc4 [0x0000000110397cc0+0x304]
v  ~StubRoutines::call_stub
J 1574  sun.lwawt.macosx.LWCToolkit.doAWTRunLoopImpl(JZZ)V (0 bytes) @ 0x00000001100487c7 [0x0000000110048780+0x47]
J 1572 C1 sun.lwawt.macosx.LWCToolkit.invokeAndWait(Ljava/lang/Runnable;Ljava/awt/Component;)V (117 bytes) @ 0x00000001101fd93c [0x00000001101fbf60+0x19dc]
J 1991 C1 sun.lwawt.macosx.CAccessibility.getAccessibleRole(Ljavax/accessibility/Accessible;Ljava/awt/Component;)Ljava/lang/String; (22 bytes) @ 0x0000000110397fc4 [0x0000000110397cc0+0x304]
v  ~StubRoutines::call_stub
J 1574  sun.lwawt.macosx.LWCToolkit.doAWTRunLoopImpl(JZZ)V (0 bytes) @ 0x00000001100487c7 [0x0000000110048780+0x47]
J 1572 C1 sun.lwawt.macosx.LWCToolkit.invokeAndWait(Ljava/lang/Runnable;Ljava/awt/Component;)V (117 bytes) @ 0x00000001101fd93c [0x00000001101fbf60+0x19dc]
J 1464 C1 sun.lwawt.macosx.CAccessibility.invokeAndWait(Ljava/util/concurrent/Callable;Ljava/awt/Component;)Ljava/lang/Object; (13 bytes) @ 0x000000011015cd7c [0x000000011015cbe0+0x19c]
j  sun.lwawt.macosx.CAccessibility.getAccessibleValue(Ljavax/accessibility/Accessible;Ljava/awt/Component;)Ljavax/accessibility/AccessibleValue;+15
v  ~StubRoutines::call_stub
J 1574  sun.lwawt.macosx.LWCToolkit.doAWTRunLoopImpl(JZZ)V (0 bytes) @ 0x00000001100487c7 [0x0000000110048780+0x47]
J 1572 C1 sun.lwawt.macosx.LWCToolkit.invokeAndWait(Ljava/lang/Runnable;Ljava/awt/Component;)V (117 bytes) @ 0x00000001101fd93c [0x00000001101fbf60+0x19dc]
J 1464 C1 sun.lwawt.macosx.CAccessibility.invokeAndWait(Ljava/util/concurrent/Callable;Ljava/awt/Component;)Ljava/lang/Object; (13 bytes) @ 0x000000011015cd7c [0x000000011015cbe0+0x19c]
j  sun.lwawt.macosx.CAccessibility.getAccessibleValue(Ljavax/accessibility/Accessible;Ljava/awt/Component;)Ljavax/accessibility/AccessibleValue;+15
v  ~StubRoutines::call_stub
J 1574  sun.lwawt.macosx.LWCToolkit.doAWTRunLoopImpl(JZZ)V (0 bytes) @ 0x00000001100487c7 [0x0000000110048780+0x47]
J 1572 C1 sun.lwawt.macosx.LWCToolkit.invokeAndWait(Ljava/lang/Runnable;Ljava/awt/Component;)V (117 bytes) @ 0x00000001101fd93c [0x00000001101fbf60+0x19dc]
J 1991 C1 sun.lwawt.macosx.CAccessibility.getAccessibleRole(Ljavax/accessibility/Accessible;Ljava/awt/Component;)Ljava/lang/String; (22 bytes) @ 0x0000000110397fc4 [0x0000000110397cc0+0x304]
v  ~StubRoutines::call_stub
J 1574  sun.lwawt.macosx.LWCToolkit.doAWTRunLoopImpl(JZZ)V (0 bytes) @ 0x00000001100487c7 [0x0000000110048780+0x47]
J 1572 C1 sun.lwawt.macosx.LWCToolkit.invokeAndWait(Ljava/lang/Runnable;Ljava/awt/Component;)V (117 bytes) @ 0x00000001101fd93c [0x00000001101fbf60+0x19dc]
J 1464 C1 sun.lwawt.macosx.CAccessibility.invokeAndWait(Ljava/util/concurrent/Callable;Ljava/awt/Component;)Ljava/lang/Object; (13 bytes) @ 0x000000011015cd7c [0x000000011015cbe0+0x19c]
j  sun.lwawt.macosx.CAccessibility.getAccessibleValue(Ljavax/accessibility/Accessible;Ljava/awt/Component;)Ljavax/accessibility/AccessibleValue;+15
v  ~StubRoutines::call_stub
J 1574  sun.lwawt.macosx.LWCToolkit.doAWTRunLoopImpl(JZZ)V (0 bytes) @ 0x00000001100487c7 [0x0000000110048780+0x47]
J 1572 C1 sun.lwawt.macosx.LWCToolkit.invokeAndWait(Ljava/lang/Runnable;Ljava/awt/Component;)V (117 bytes) @ 0x00000001101fd93c [0x00000001101fbf60+0x19dc]
J 1991 C1 sun.lwawt.macosx.CAccessibility.getAccessibleRole(Ljavax/accessibility/Accessible;Ljava/awt/Component;)Ljava/lang/String; (22 bytes) @ 0x0000000110397fc4 [0x0000000110397cc0+0x304]
v  ~StubRoutines::call_stub
J 1574  sun.lwawt.macosx.LWCToolkit.doAWTRunLoopImpl(JZZ)V (0 bytes) @ 0x00000001100487c7 [0x0000000110048780+0x47]
J 1572 C1 sun.lwawt.macosx.LWCToolkit.invokeAndWait(Ljava/lang/Runnable;Ljava/awt/Component;)V (117 bytes) @ 0x00000001101fd93c [0x00000001101fbf60+0x19dc]
J 1991 C1 sun.lwawt.macosx.CAccessibility.getAccessibleRole(Ljavax/accessibility/Accessible;Ljava/awt/Component;)Ljava/lang/String; (22 bytes) @ 0x0000000110397fc4 [0x0000000110397cc0+0x304]
v  ~StubRoutines::call_stub
J 1574  sun.lwawt.macosx.LWCToolkit.doAWTRunLoopImpl(JZZ)V (0 bytes) @ 0x00000001100487c7 [0x0000000110048780+0x47]
J 1572 C1 sun.lwawt.macosx.LWCToolkit.invokeAndWait(Ljava/lang/Runnable;Ljava/awt/Component;)V (117 bytes) @ 0x00000001101fd93c [0x00000001101fbf60+0x19dc]
J 1991 C1 sun.lwawt.macosx.CAccessibility.getAccessibleRole(Ljavax/accessibility/Accessible;Ljava/awt/Component;)Ljava/lang/String; (22 bytes) @ 0x0000000110397fc4 [0x0000000110397cc0+0x304]
v  ~StubRoutines::call_stub
J 1574  sun.lwawt.macosx.LWCToolkit.doAWTRunLoopImpl(JZZ)V (0 bytes) @ 0x00000001100487c7 [0x0000000110048780+0x47]
J 1572 C1 sun.lwawt.macosx.LWCToolkit.invokeAndWait(Ljava/lang/Runnable;Ljava/awt/Component;)V (117 bytes) @ 0x00000001101fd93c [0x00000001101fbf60+0x19dc]
J 1991 C1 sun.lwawt.macosx.CAccessibility.getAccessibleRole(Ljavax/accessibility/Accessible;Ljava/awt/Component;)Ljava/lang/String; (22 bytes) @ 0x0000000110397fc4 [0x0000000110397cc0+0x304]
v  ~StubRoutines::call_stub
J 1574  sun.lwawt.macosx.LWCToolkit.doAWTRunLoopImpl(JZZ)V (0 bytes) @ 0x00000001100487c7 [0x0000000110048780+0x47]
J 1572 C1 sun.lwawt.macosx.LWCToolkit.invokeAndWait(Ljava/lang/Runnable;Ljava/awt/Component;)V (117 bytes) @ 0x00000001101fd93c [0x00000001101fbf60+0x19dc]
J 1991 C1 sun.lwawt.macosx.CAccessibility.getAccessibleRole(Ljavax/accessibility/Accessible;Ljava/awt/Component;)Ljava/lang/String; (22 bytes) @ 0x0000000110397fc4 [0x0000000110397cc0+0x304]
v  ~StubRoutines::call_stub
J 1574  sun.lwawt.macosx.LWCToolkit.doAWTRunLoopImpl(JZZ)V (0 bytes) @ 0x00000001100487c7 [0x0000000110048780+0x47]
J 1572 C1 sun.lwawt.macosx.LWCToolkit.invokeAndWait(Ljava/lang/Runnable;Ljava/awt/Component;)V (117 bytes) @ 0x00000001101fd93c [0x00000001101fbf60+0x19dc]
J 1991 C1 sun.lwawt.macosx.CAccessibility.getAccessibleRole(Ljavax/accessibility/Accessible;Ljava/awt/Component;)Ljava/lang/String; (22 bytes) @ 0x0000000110397fc4 [0x0000000110397cc0+0x304]
v  ~StubRoutines::call_stub
J 1574  sun.lwawt.macosx.LWCToolkit.doAWTRunLoopImpl(JZZ)V (0 bytes) @ 0x00000001100487c7 [0x0000000110048780+0x47]
J 1572 C1 sun.lwawt.macosx.LWCToolkit.invokeAndWait(Ljava/lang/Runnable;Ljava/awt/Component;)V (117 bytes) @ 0x00000001101fd93c [0x00000001101fbf60+0x19dc]
J 1963 C1 sun.lwawt.macosx.CAccessibility.getAccessibleIndexInParent(Ljavax/accessibility/Accessible;Ljava/awt/Component;)I (25 bytes) @ 0x000000011038a924 [0x000000011038a620+0x304]
v  ~StubRoutines::call_stub
J 1574  sun.lwawt.macosx.LWCToolkit.doAWTRunLoopImpl(JZZ)V (0 bytes) @ 0x00000001100487c7 [0x0000000110048780+0x47]
J 1572 C1 sun.lwawt.macosx.LWCToolkit.invokeAndWait(Ljava/lang/Runnable;Ljava/awt/Component;)V (117 bytes) @ 0x00000001101fd93c [0x00000001101fbf60+0x19dc]
J 1991 C1 sun.lwawt.macosx.CAccessibility.getAccessibleRole(Ljavax/accessibility/Accessible;Ljava/awt/Component;)Ljava/lang/String; (22 bytes) @ 0x0000000110397fc4 [0x0000000110397cc0+0x304]
v  ~StubRoutines::call_stub
J 1574  sun.lwawt.macosx.LWCToolkit.doAWTRunLoopImpl(JZZ)V (0 bytes) @ 0x00000001100487c7 [0x0000000110048780+0x47]
J 1572 C1 sun.lwawt.macosx.LWCToolkit.invokeAndWait(Ljava/lang/Runnable;Ljava/awt/Component;)V (117 bytes) @ 0x00000001101fd93c [0x00000001101fbf60+0x19dc]
J 1991 C1 sun.lwawt.macosx.CAccessibility.getAccessibleRole(Ljavax/accessibility/Accessible;Ljava/awt/Component;)Ljava/lang/String; (22 bytes) @ 0x0000000110397fc4 [0x0000000110397cc0+0x304]
v  ~StubRoutines::call_stub
J 1574  sun.lwawt.macosx.LWCToolkit.doAWTRunLoopImpl(JZZ)V (0 bytes) @ 0x00000001100487c7 [0x0000000110048780+0x47]
J 1572 C1 sun.lwawt.macosx.LWCToolkit.invokeAndWait(Ljava/lang/Runnable;Ljava/awt/Component;)V (117 bytes) @ 0x00000001101fd93c [0x00000001101fbf60+0x19dc]
J 1991 C1 sun.lwawt.macosx.CAccessibility.getAccessibleRole(Ljavax/accessibility/Accessible;Ljava/awt/Component;)Ljava/lang/String; (22 bytes) @ 0x0000000110397fc4 [0x0000000110397cc0+0x304]
v  ~StubRoutines::call_stub
J 1574  sun.lwawt.macosx.LWCToolkit.doAWTRunLoopImpl(JZZ)V (0 bytes) @ 0x00000001100487c7 [0x0000000110048780+0x47]
J 1572 C1 sun.lwawt.macosx.LWCToolkit.invokeAndWait(Ljava/lang/Runnable;Ljava/awt/Component;)V (117 bytes) @ 0x00000001101fd93c [0x00000001101fbf60+0x19dc]
J 1991 C1 sun.lwawt.macosx.CAccessibility.getAccessibleRole(Ljavax/accessibility/Accessible;Ljava/awt/Component;)Ljava/lang/String; (22 bytes) @ 0x0000000110397fc4 [0x0000000110397cc0+0x304]
v  ~StubRoutines::call_stub
J 1574  sun.lwawt.macosx.LWCToolkit.doAWTRunLoopImpl(JZZ)V (0 bytes) @ 0x00000001100487c7 [0x0000000110048780+0x47]
J 1572 C1 sun.lwawt.macosx.LWCToolkit.invokeAndWait(Ljava/lang/Runnable;Ljava/awt/Component;)V (117 bytes) @ 0x00000001101fd93c [0x00000001101fbf60+0x19dc]
J 1991 C1 sun.lwawt.macosx.CAccessibility.getAccessibleRole(Ljavax/accessibility/Accessible;Ljava/awt/Component;)Ljava/lang/String; (22 bytes) @ 0x0000000110397fc4 [0x0000000110397cc0+0x304]
v  ~StubRoutines::call_stub
J 1574  sun.lwawt.macosx.LWCToolkit.doAWTRunLoopImpl(JZZ)V (0 bytes) @ 0x00000001100487c7 [0x0000000110048780+0x47]
J 1572 C1 sun.lwawt.macosx.LWCToolkit.invokeAndWait(Ljava/lang/Runnable;Ljava/awt/Component;)V (117 bytes) @ 0x00000001101fd93c [0x00000001101fbf60+0x19dc]
J 1963 C1 sun.lwawt.macosx.CAccessibility.getAccessibleIndexInParent(Ljavax/accessibility/Accessible;Ljava/awt/Component;)I (25 bytes) @ 0x000000011038a924 [0x000000011038a620+0x304]
v  ~StubRoutines::call_stub
J 1574  sun.lwawt.macosx.LWCToolkit.doAWTRunLoopImpl(JZZ)V (0 bytes) @ 0x00000001100487c7 [0x0000000110048780+0x47]
J 1572 C1 sun.lwawt.macosx.LWCToolkit.invokeAndWait(Ljava/lang/Runnable;Ljava/awt/Component;)V (117 bytes) @ 0x00000001101fd93c [0x00000001101fbf60+0x19dc]
J 1991 C1 sun.lwawt.macosx.CAccessibility.getAccessibleRole(Ljavax/accessibility/Accessible;Ljava/awt/Component;)Ljava/lang/String; (22 bytes) @ 0x0000000110397fc4 [0x0000000110397cc0+0x304]
v  ~StubRoutines::call_stub
J 1574  sun.lwawt.macosx.LWCToolkit.doAWTRunLoopImpl(JZZ)V (0 bytes) @ 0x00000001100487c7 [0x0000000110048780+0x47]
J 1572 C1 sun.lwawt.macosx.LWCToolkit.invokeAndWait(Ljava/lang/Runnable;Ljava/awt/Component;)V (117 bytes) @ 0x00000001101fd93c [0x00000001101fbf60+0x19dc]
J 1464 C1 sun.lwawt.macosx.CAccessibility.invokeAndWait(Ljava/util/concurrent/Callable;Ljava/awt/Component;)Ljava/lang/Object; (13 bytes) @ 0x000000011015cd7c [0x000000011015cbe0+0x19c]
j  sun.lwawt.macosx.CAccessibility.getAccessibleRole(Ljavax/accessibility/Accessible;Ljava/awt/Component;)Ljava/lang/String;+15
v  ~StubRoutines::call_stub
J 1574  sun.lwawt.macosx.LWCToolkit.doAWTRunLoopImpl(JZZ)V (0 bytes) @ 0x00000001100487c7 [0x0000000110048780+0x47]
J 1572 C1 sun.lwawt.macosx.LWCToolkit.invokeAndWait(Ljava/lang/Runnable;Ljava/awt/Component;)V (117 bytes) @ 0x00000001101fd93c [0x00000001101fbf60+0x19dc]
J 1464 C1 sun.lwawt.macosx.CAccessibility.invokeAndWait(Ljava/util/concurrent/Callable;Ljava/awt/Component;)Ljava/lang/Object; (13 bytes) @ 0x000000011015cd7c [0x000000011015cbe0+0x19c]
j  sun.lwawt.macosx.CAccessibility.getAccessibleRole(Ljavax/accessibility/Accessible;Ljava/awt/Component;)Ljava/lang/String;+15
v  ~StubRoutines::call_stub
J 1574  sun.lwawt.macosx.LWCToolkit.doAWTRunLoopImpl(JZZ)V (0 bytes) @ 0x00000001100487c7 [0x0000000110048780+0x47]
J 1572 C1 sun.lwawt.macosx.LWCToolkit.invokeAndWait(Ljava/lang/Runnable;Ljava/awt/Component;)V (117 bytes) @ 0x00000001101fd93c [0x00000001101fbf60+0x19dc]
J 1464 C1 sun.lwawt.macosx.CAccessibility.invokeAndWait(Ljava/util/concurrent/Callable;Ljava/awt/Component;)Ljava/lang/Object; (13 bytes) @ 0x000000011015cd7c [0x000000011015cbe0+0x19c]
j  sun.lwawt.macosx.CAccessibility.getAccessibleRole(Ljavax/accessibility/Accessible;Ljava/awt/Component;)Ljava/lang/String;+15
v  ~StubRoutines::call_stub
J 1574  sun.lwawt.macosx.LWCToolkit.doAWTRunLoopImpl(JZZ)V (0 bytes) @ 0x00000001100487c7 [0x0000000110048780+0x47]
J 1572 C1 sun.lwawt.macosx.LWCToolkit.invokeAndWait(Ljava/lang/Runnable;Ljava/awt/Component;)V (117 bytes) @ 0x00000001101fd93c [0x00000001101fbf60+0x19dc]
J 1464 C1 sun.lwawt.macosx.CAccessibility.invokeAndWait(Ljava/util/concurrent/Callable;Ljava/awt/Component;)Ljava/lang/Object; (13 bytes) @ 0x000000011015cd7c [0x000000011015cbe0+0x19c]
j  sun.lwawt.macosx.CAccessibility.getAccessibleRole(Ljavax/accessibility/Accessible;Ljava/awt/Component;)Ljava/lang/String;+15
v  ~StubRoutines::call_stub
J 1574  sun.lwawt.macosx.LWCToolkit.doAWTRunLoopImpl(JZZ)V (0 bytes) @ 0x00000001100487c7 [0x0000000110048780+0x47]
J 1572 C1 sun.lwawt.macosx.LWCToolkit.invokeAndWait(Ljava/lang/Runnable;Ljava/awt/Component;)V (117 bytes) @ 0x00000001101fd93c [0x00000001101fbf60+0x19dc]
J 1464 C1 sun.lwawt.macosx.CAccessibility.invokeAndWait(Ljava/util/concurrent/Callable;Ljava/awt/Component;)Ljava/lang/Object; (13 bytes) @ 0x000000011015cd7c [0x000000011015cbe0+0x19c]
j  sun.lwawt.macosx.CAccessibility.getAccessibleRole(Ljavax/accessibility/Accessible;Ljava/awt/Component;)Ljava/lang/String;+15
v  ~StubRoutines::call_stub
J 1574  sun.lwawt.macosx.LWCToolkit.doAWTRunLoopImpl(JZZ)V (0 bytes) @ 0x00000001100487c7 [0x0000000110048780+0x47]
J 1572 C1 sun.lwawt.macosx.LWCToolkit.invokeAndWait(Ljava/lang/Runnable;Ljava/awt/Component;)V (117 bytes) @ 0x00000001101fd93c [0x00000001101fbf60+0x19dc]
J 1464 C1 sun.lwawt.macosx.CAccessibility.invokeAndWait(Ljava/util/concurrent/Callable;Ljava/awt/Component;)Ljava/lang/Object; (13 bytes) @ 0x000000011015cd7c [0x000000011015cbe0+0x19c]
j  sun.lwawt.macosx.CAccessibility.getAccessibleValue(Ljavax/accessibility/Accessible;Ljava/awt/Component;)Ljavax/accessibility/AccessibleValue;+15
v  ~StubRoutines::call_stub
J 1574  sun.lwawt.macosx.LWCToolkit.doAWTRunLoopImpl(JZZ)V (0 bytes) @ 0x00000001100487c7 [0x0000000110048780+0x47]
J 1572 C1 sun.lwawt.macosx.LWCToolkit.invokeAndWait(Ljava/lang/Runnable;Ljava/awt/Component;)V (117 bytes) @ 0x00000001101fd93c [0x00000001101fbf60+0x19dc]
J 1464 C1 sun.lwawt.macosx.CAccessibility.invokeAndWait(Ljava/util/concurrent/Callable;Ljava/awt/Component;)Ljava/lang/Object; (13 bytes) @ 0x000000011015cd7c [0x000000011015cbe0+0x19c]
j  sun.lwawt.macosx.CAccessibility.getAccessibleRole(Ljavax/accessibility/Accessible;Ljava/awt/Component;)Ljava/lang/String;+15
v  ~StubRoutines::call_stub
J 1574  sun.lwawt.macosx.LWCToolkit.doAWTRunLoopImpl(JZZ)V (0 bytes) @ 0x00000001100487c7 [0x0000000110048780+0x47]
J 1572 C1 sun.lwawt.macosx.LWCToolkit.invokeAndWait(Ljava/lang/Runnable;Ljava/awt/Component;)V (117 bytes) @ 0x00000001101fd93c [0x00000001101fbf60+0x19dc]
J 1464 C1 sun.lwawt.macosx.CAccessibility.invokeAndWait(Ljava/util/concurrent/Callable;Ljava/awt/Component;)Ljava/lang/Object; (13 bytes) @ 0x000000011015cd7c [0x000000011015cbe0+0x19c]
j  sun.lwawt.macosx.CAccessibility.getAccessibleRole(Ljavax/accessibility/Accessible;Ljava/awt/Component;)Ljava/lang/String;+15
v  ~StubRoutines::call_stub
J 1574  sun.lwawt.macosx.LWCToolkit.doAWTRunLoopImpl(JZZ)V (0 bytes) @ 0x00000001100487c7 [0x0000000110048780+0x47]
J 1572 C1 sun.lwawt.macosx.LWCToolkit.invokeAndWait(Ljava/lang/Runnable;Ljava/awt/Component;)V (117 bytes) @ 0x00000001101fd93c [0x00000001101fbf60+0x19dc]
J 1464 C1 sun.lwawt.macosx.CAccessibility.invokeAndWait(Ljava/util/concurrent/Callable;Ljava/awt/Component;)Ljava/lang/Object; (13 bytes) @ 0x000000011015cd7c [0x000000011015cbe0+0x19c]
j  sun.lwawt.macosx.CAccessibility.getAccessibleRole(Ljavax/accessibility/Accessible;Ljava/awt/Component;)Ljava/lang/String;+15
v  ~StubRoutines::call_stub
J 1574  sun.lwawt.macosx.LWCToolkit.doAWTRunLoopImpl(JZZ)V (0 bytes) @ 0x00000001100487c7 [0x0000000110048780+0x47]
J 1572 C1 sun.lwawt.macosx.LWCToolkit.invokeAndWait(Ljava/lang/Runnable;Ljava/awt/Component;)V (117 bytes) @ 0x00000001101fd93c [0x00000001101fbf60+0x19dc]
J 1464 C1 sun.lwawt.macosx.CAccessibility.invokeAndWait(Ljava/util/concurrent/Callable;Ljava/awt/Component;)Ljava/lang/Object; (13 bytes) @ 0x000000011015cd7c [0x000000011015cbe0+0x19c]
j  sun.lwawt.macosx.CAccessibility.getAccessibleRole(Ljavax/accessibility/Accessible;Ljava/awt/Component;)Ljava/lang/String;+15
v  ~StubRoutines::call_stub
J 1574  sun.lwawt.macosx.LWCToolkit.doAWTRunLoopImpl(JZZ)V (0 bytes) @ 0x00000001100487c7 [0x0000000110048780+0x47]
J 1572 C1 sun.lwawt.macosx.LWCToolkit.invokeAndWait(Ljava/lang/Runnable;Ljava/awt/Component;)V (117 bytes) @ 0x00000001101fd93c [0x00000001101fbf60+0x19dc]
J 1464 C1 sun.lwawt.macosx.CAccessibility.invokeAndWait(Ljava/util/concurrent/Callable;Ljava/awt/Component;)Ljava/lang/Object; (13 bytes) @ 0x000000011015cd7c [0x000000011015cbe0+0x19c]
j  sun.lwawt.macosx.CAccessibility.getAccessibleRole(Ljavax/accessibility/Accessible;Ljava/awt/Component;)Ljava/lang/String;+15
v  ~StubRoutines::call_stub
J 1574  sun.lwawt.macosx.LWCToolkit.doAWTRunLoopImpl(JZZ)V (0 bytes) @ 0x00000001100487c7 [0x0000000110048780+0x47]
J 1572 C1 sun.lwawt.macosx.LWCToolkit.invokeAndWait(Ljava/lang/Runnable;Ljava/awt/Component;)V (117 bytes) @ 0x00000001101fd93c [0x00000001101fbf60+0x19dc]
J 1464 C1 sun.lwawt.macosx.CAccessibility.invokeAndWait(Ljava/util/concurrent/Callable;Ljava/awt/Component;)Ljava/lang/Object; (13 bytes) @ 0x000000011015cd7c [0x000000011015cbe0+0x19c]
j  sun.lwawt.macosx.CAccessibility.getAccessibleRole(Ljavax/accessibility/Accessible;Ljava/awt/Component;)Ljava/lang/String;+15
v  ~StubRoutines::call_stub
J 1574  sun.lwawt.macosx.LWCToolkit.doAWTRunLoopImpl(JZZ)V (0 bytes) @ 0x00000001100487c7 [0x0000000110048780+0x47]
J 1572 C1 sun.lwawt.macosx.LWCToolkit.invokeAndWait(Ljava/lang/Runnable;Ljava/awt/Component;)V (117 bytes) @ 0x00000001101fd93c [0x00000001101fbf60+0x19dc]
J 1464 C1 sun.lwawt.macosx.CAccessibility.invokeAndWait(Ljava/util/concurrent/Callable;Ljava/awt/Component;)Ljava/lang/Object; (13 bytes) @ 0x000000011015cd7c [0x000000011015cbe0+0x19c]
j  sun.lwawt.macosx.CAccessibility.getAccessibleRole(Ljavax/accessibility/Accessible;Ljava/awt/Component;)Ljava/lang/String;+15
v  ~StubRoutines::call_stub
J 1574  sun.lwawt.macosx.LWCToolkit.doAWTRunLoopImpl(JZZ)V (0 bytes) @ 0x00000001100487c7 [0x0000000110048780+0x47]
J 1572 C1 sun.lwawt.macosx.LWCToolkit.invokeAndWait(Ljava/lang/Runnable;Ljava/awt/Component;)V (117 bytes) @ 0x00000001101fd93c [0x00000001101fbf60+0x19dc]
J 1464 C1 sun.lwawt.macosx.CAccessibility.invokeAndWait(Ljava/util/concurrent/Callable;Ljava/awt/Component;)Ljava/lang/Object; (13 bytes) @ 0x000000011015cd7c [0x000000011015cbe0+0x19c]
j  sun.lwawt.macosx.CAccessibility.getAccessibleRole(Ljavax/accessibility/Accessible;Ljava/awt/Component;)Ljava/lang/String;+15
v  ~StubRoutines::call_stub
J 1574  sun.lwawt.macosx.LWCToolkit.doAWTRunLoopImpl(JZZ)V (0 bytes) @ 0x00000001100487c7 [0x0000000110048780+0x47]
J 1572 C1 sun.lwawt.macosx.LWCToolkit.invokeAndWait(Ljava/lang/Runnable;Ljava/awt/Component;)V (117 bytes) @ 0x00000001101fd93c [0x00000001101fbf60+0x19dc]
J 1464 C1 sun.lwawt.macosx.CAccessibility.invokeAndWait(Ljava/util/concurrent/Callable;Ljava/awt/Component;)Ljava/lang/Object; (13 bytes) @ 0x000000011015cd7c [0x000000011015cbe0+0x19c]
j  sun.lwawt.macosx.CAccessibility.getAccessibleRole(Ljavax/accessibility/Accessible;Ljava/awt/Component;)Ljava/lang/String;+15
v  ~StubRoutines::call_stub
J 1574  sun.lwawt.macosx.LWCToolkit.doAWTRunLoopImpl(JZZ)V (0 bytes) @ 0x00000001100487c7 [0x0000000110048780+0x47]
J 1572 C1 sun.lwawt.macosx.LWCToolkit.invokeAndWait(Ljava/lang/Runnable;Ljava/awt/Component;)V (117 bytes) @ 0x00000001101fd93c [0x00000001101fbf60+0x19dc]
J 1464 C1 sun.lwawt.macosx.CAccessibility.invokeAndWait(Ljava/util/concurrent/Callable;Ljava/awt/Component;)Ljava/lang/Object; (13 bytes) @ 0x000000011015cd7c [0x000000011015cbe0+0x19c]
j  sun.lwawt.macosx.CAccessibility.getAccessibleRole(Ljavax/accessibility/Accessible;Ljava/awt/Component;)Ljava/lang/String;+15
v  ~StubRoutines::call_stub
J 1574  sun.lwawt.macosx.LWCToolkit.doAWTRunLoopImpl(JZZ)V (0 bytes) @ 0x00000001100487c7 [0x0000000110048780+0x47]
J 1572 C1 sun.lwawt.macosx.LWCToolkit.invokeAndWait(Ljava/lang/Runnable;Ljava/awt/Component;)V (117 bytes) @ 0x00000001101fd93c [0x00000001101fbf60+0x19dc]
J 1464 C1 sun.lwawt.macosx.CAccessibility.invokeAndWait(Ljava/util/concurrent/Callable;Ljava/awt/Component;)Ljava/lang/Object; (13 bytes) @ 0x000000011015cd7c [0x000000011015cbe0+0x19c]
j  sun.lwawt.macosx.CAccessibility.getAccessibleRole(Ljavax/accessibility/Accessible;Ljava/awt/Component;)Ljava/lang/String;+15
v  ~StubRoutines::call_stub
J 1574  sun.lwawt.macosx.LWCToolkit.doAWTRunLoopImpl(JZZ)V (0 bytes) @ 0x00000001100487c7 [0x0000000110048780+0x47]
J 1572 C1 sun.lwawt.macosx.LWCToolkit.invokeAndWait(Ljava/lang/Runnable;Ljava/awt/Component;)V (117 bytes) @ 0x00000001101fd93c [0x00000001101fbf60+0x19dc]
J 1464 C1 sun.lwawt.macosx.CAccessibility.invokeAndWait(Ljava/util/concurrent/Callable;Ljava/awt/Component;)Ljava/lang/Object; (13 bytes) @ 0x000000011015cd7c [0x000000011015cbe0+0x19c]
j  sun.lwawt.macosx.CAccessibility.getAccessibleRole(Ljavax/accessibility/Accessible;Ljava/awt/Component;)Ljava/lang/String;+15
v  ~StubRoutines::call_stub
J 1574  sun.lwawt.macosx.LWCToolkit.doAWTRunLoopImpl(JZZ)V (0 bytes) @ 0x00000001100487c7 [0x0000000110048780+0x47]
J 1572 C1 sun.lwawt.macosx.LWCToolkit.invokeAndWait(Ljava/lang/Runnable;Ljava/awt/Component;)V (117 bytes) @ 0x00000001101fd93c [0x00000001101fbf60+0x19dc]
J 1963 C1 sun.lwawt.macosx.CAccessibility.getAccessibleIndexInParent(Ljavax/accessibility/Accessible;Ljava/awt/Component;)I (25 bytes) @ 0x000000011038a924 [0x000000011038a620+0x304]
v  ~StubRoutines::call_stub
J 1574  sun.lwawt.macosx.LWCToolkit.doAWTRunLoopImpl(JZZ)V (0 bytes) @ 0x00000001100487c7 [0x0000000110048780+0x47]
J 1572 C1 sun.lwawt.macosx.LWCToolkit.invokeAndWait(Ljava/lang/Runnable;Ljava/awt/Component;)V (117 bytes) @ 0x00000001101fd93c [0x00000001101fbf60+0x19dc]
J 1464 C1 sun.lwawt.macosx.CAccessibility.invokeAndWait(Ljava/util/concurrent/Callable;Ljava/awt/Component;)Ljava/lang/Object; (13 bytes) @ 0x000000011015cd7c [0x000000011015cbe0+0x19c]
j  sun.lwawt.macosx.CAccessibility.getAccessibleRole(Ljavax/accessibility/Accessible;Ljava/awt/Component;)Ljava/lang/String;+15
v  ~StubRoutines::call_stub
J 1574  sun.lwawt.macosx.LWCToolkit.doAWTRunLoopImpl(JZZ)V (0 bytes) @ 0x00000001100487c7 [0x0000000110048780+0x47]
J 1572 C1 sun.lwawt.macosx.LWCToolkit.invokeAndWait(Ljava/lang/Runnable;Ljava/awt/Component;)V (117 bytes) @ 0x00000001101fd93c [0x00000001101fbf60+0x19dc]
J 1464 C1 sun.lwawt.macosx.CAccessibility.invokeAndWait(Ljava/util/concurrent/Callable;Ljava/awt/Component;)Ljava/lang/Object; (13 bytes) @ 0x000000011015cd7c [0x000000011015cbe0+0x19c]
j  sun.lwawt.macosx.CAccessibility.getAccessibleRole(Ljavax/accessibility/Accessible;Ljava/awt/Component;)Ljava/lang/String;+15
v  ~StubRoutines::call_stub
J 1574  sun.lwawt.macosx.LWCToolkit.doAWTRunLoopImpl(JZZ)V (0 bytes) @ 0x00000001100487c7 [0x0000000110048780+0x47]
J 1572 C1 sun.lwawt.macosx.LWCToolkit.invokeAndWait(Ljava/lang/Runnable;Ljava/awt/Component;)V (117 bytes) @ 0x00000001101fd93c [0x00000001101fbf60+0x19dc]
J 1464 C1 sun.lwawt.macosx.CAccessibility.invokeAndWait(Ljava/util/concurrent/Callable;Ljava/awt/Component;)Ljava/lang/Object; (13 bytes) @ 0x000000011015cd7c [0x000000011015cbe0+0x19c]
j  sun.lwawt.macosx.CAccessibility.getAccessibleRole(Ljavax/accessibility/Accessible;Ljava/awt/Component;)Ljava/lang/String;+15
v  ~StubRoutines::call_stub
J 1574  sun.lwawt.macosx.LWCToolkit.doAWTRunLoopImpl(JZZ)V (0 bytes) @ 0x00000001100487c7 [0x0000000110048780+0x47]
J 1572 C1 sun.lwawt.macosx.LWCToolkit.invokeAndWait(Ljava/lang/Runnable;Ljava/awt/Component;)V (117 bytes) @ 0x00000001101fd93c [0x00000001101fbf60+0x19dc]
J 1464 C1 sun.lwawt.macosx.CAccessibility.invokeAndWait(Ljava/util/concurrent/Callable;Ljava/awt/Component;)Ljava/lang/Object; (13 bytes) @ 0x000000011015cd7c [0x000000011015cbe0+0x19c]
j  sun.lwawt.macosx.CAccessibility.getAccessibleRole(Ljavax/accessibility/Accessible;Ljava/awt/Component;)Ljava/lang/String;+15
v  ~StubRoutines::call_stub
J 1574  sun.lwawt.macosx.LWCToolkit.doAWTRunLoopImpl(JZZ)V (0 bytes) @ 0x00000001100487c7 [0x0000000110048780+0x47]
J 1572 C1 sun.lwawt.macosx.LWCToolkit.invokeAndWait(Ljava/lang/Runnable;Ljava/awt/Component;)V (117 bytes) @ 0x00000001101fd93c [0x00000001101fbf60+0x19dc]
J 1464 C1 sun.lwawt.macosx.CAccessibility.invokeAndWait(Ljava/util/concurrent/Callable;Ljava/awt/Component;)Ljava/lang/Object; (13 bytes) @ 0x000000011015cd7c [0x000000011015cbe0+0x19c]
j  sun.lwawt.macosx.CAccessibility.getAccessibleRole(Ljavax/accessibility/Accessible;Ljava/awt/Component;)Ljava/lang/String;+15
v  ~StubRoutines::call_stub
J 1574  sun.lwawt.macosx.LWCToolkit.doAWTRunLoopImpl(JZZ)V (0 bytes) @ 0x00000001100487c7 [0x0000000110048780+0x47]
J 1572 C1 sun.lwawt.macosx.LWCToolkit.invokeAndWait(Ljava/lang/Runnable;Ljava/awt/Component;)V (117 bytes) @ 0x00000001101fd93c [0x00000001101fbf60+0x19dc]
J 1464 C1 sun.lwawt.macosx.CAccessibility.invokeAndWait(Ljava/util/concurrent/Callable;Ljava/awt/Component;)Ljava/lang/Object; (13 bytes) @ 0x000000011015cd7c [0x000000011015cbe0+0x19c]
j  sun.lwawt.macosx.CAccessibility.getAccessibleRole(Ljavax/accessibility/Accessible;Ljava/awt/Component;)Ljava/lang/String;+15
v  ~StubRoutines::call_stub
J 1574  sun.lwawt.macosx.LWCToolkit.doAWTRunLoopImpl(JZZ)V (0 bytes) @ 0x00000001100487c7 [0x0000000110048780+0x47]
J 1572 C1 sun.lwawt.macosx.LWCToolkit.invokeAndWait(Ljava/lang/Runnable;Ljava/awt/Component;)V (117 bytes) @ 0x00000001101fd93c [0x00000001101fbf60+0x19dc]
J 1464 C1 sun.lwawt.macosx.CAccessibility.invokeAndWait(Ljava/util/concurrent/Callable;Ljava/awt/Component;)Ljava/lang/Object; (13 bytes) @ 0x000000011015cd7c [0x000000011015cbe0+0x19c]
j  sun.lwawt.macosx.CAccessibility.getAccessibleRole(Ljavax/accessibility/Accessible;Ljava/awt/Component;)Ljava/lang/String;+15
v  ~StubRoutines::call_stub
J 1574  sun.lwawt.macosx.LWCToolkit.doAWTRunLoopImpl(JZZ)V (0 bytes) @ 0x00000001100487c7 [0x0000000110048780+0x47]
J 1572 C1 sun.lwawt.macosx.LWCToolkit.invokeAndWait(Ljava/lang/Runnable;Ljava/awt/Component;)V (117 bytes) @ 0x00000001101fd93c [0x00000001101fbf60+0x19dc]
J 1464 C1 sun.lwawt.macosx.CAccessibility.invokeAndWait(Ljava/util/concurrent/Callable;Ljava/awt/Component;)Ljava/lang/Object; (13 bytes) @ 0x000000011015cd7c [0x000000011015cbe0+0x19c]
j  sun.lwawt.macosx.CAccessibility.getAccessibleRole(Ljavax/accessibility/Accessible;Ljava/awt/Component;)Ljava/lang/String;+15
v  ~StubRoutines::call_stub
J 1574  sun.lwawt.macosx.LWCToolkit.doAWTRunLoopImpl(JZZ)V (0 bytes) @ 0x00000001100487c7 [0x0000000110048780+0x47]
J 1572 C1 sun.lwawt.macosx.LWCToolkit.invokeAndWait(Ljava/lang/Runnable;Ljava/awt/Component;)V (117 bytes) @ 0x00000001101fd93c [0x00000001101fbf60+0x19dc]
J 1464 C1 sun.lwawt.macosx.CAccessibility.invokeAndWait(Ljava/util/concurrent/Callable;Ljava/awt/Component;)Ljava/lang/Object; (13 bytes) @ 0x000000011015cd7c [0x000000011015cbe0+0x19c]
j  sun.lwawt.macosx.CAccessibility.getAccessibleRole(Ljavax/accessibility/Accessible;Ljava/awt/Component;)Ljava/lang/String;+15
v  ~StubRoutines::call_stub
J 1574  sun.lwawt.macosx.LWCToolkit.doAWTRunLoopImpl(JZZ)V (0 bytes) @ 0x00000001100487c7 [0x0000000110048780+0x47]
J 1572 C1 sun.lwawt.macosx.LWCToolkit.invokeAndWait(Ljava/lang/Runnable;Ljava/awt/Component;)V (117 bytes) @ 0x00000001101fd93c [0x00000001101fbf60+0x19dc]
J 1464 C1 sun.lwawt.macosx.CAccessibility.invokeAndWait(Ljava/util/concurrent/Callable;Ljava/awt/Component;)Ljava/lang/Object; (13 bytes) @ 0x000000011015cd7c [0x000000011015cbe0+0x19c]
j  sun.lwawt.macosx.CAccessibility.getAccessibleRole(Ljavax/accessibility/Accessible;Ljava/awt/Component;)Ljava/lang/String;+15
v  ~StubRoutines::call_stub
J 1574  sun.lwawt.macosx.LWCToolkit.doAWTRunLoopImpl(JZZ)V (0 bytes) @ 0x00000001100487c7 [0x0000000110048780+0x47]
J 1572 C1 sun.lwawt.macosx.LWCToolkit.invokeAndWait(Ljava/lang/Runnable;Ljava/awt/Component;)V (117 bytes) @ 0x00000001101fd93c [0x00000001101fbf60+0x19dc]
J 1464 C1 sun.lwawt.macosx.CAccessibility.invokeAndWait(Ljava/util/concurrent/Callable;Ljava/awt/Component;)Ljava/lang/Object; (13 bytes) @ 0x000000011015cd7c [0x000000011015cbe0+0x19c]
j  sun.lwawt.macosx.CAccessibility.getAccessibleRole(Ljavax/accessibility/Accessible;Ljava/awt/Component;)Ljava/lang/String;+15
v  ~StubRoutines::call_stub
J 1574  sun.lwawt.macosx.LWCToolkit.doAWTRunLoopImpl(JZZ)V (0 bytes) @ 0x00000001100487c7 [0x0000000110048780+0x47]
J 1572 C1 sun.lwawt.macosx.LWCToolkit.invokeAndWait(Ljava/lang/Runnable;Ljava/awt/Component;)V (117 bytes) @ 0x00000001101fd93c [0x00000001101fbf60+0x19dc]
J 1464 C1 sun.lwawt.macosx.CAccessibility.invokeAndWait(Ljava/util/concurrent/Callable;Ljava/awt/Component;)Ljava/lang/Object; (13 bytes) @ 0x000000011015cd7c [0x000000011015cbe0+0x19c]
j  sun.lwawt.macosx.CAccessibility.getAccessibleRole(Ljavax/accessibility/Accessible;Ljava/awt/Component;)Ljava/lang/String;+15
v  ~StubRoutines::call_stub
J 1574  sun.lwawt.macosx.LWCToolkit.doAWTRunLoopImpl(JZZ)V (0 bytes) @ 0x00000001100487c7 [0x0000000110048780+0x47]
J 1572 C1 sun.lwawt.macosx.LWCToolkit.invokeAndWait(Ljava/lang/Runnable;Ljava/awt/Component;)V (117 bytes) @ 0x00000001101fd93c [0x00000001101fbf60+0x19dc]
J 1464 C1 sun.lwawt.macosx.CAccessibility.invokeAndWait(Ljava/util/concurrent/Callable;Ljava/awt/Component;)Ljava/lang/Object; (13 bytes) @ 0x000000011015cd7c [0x000000011015cbe0+0x19c]
j  sun.lwawt.macosx.CAccessibility.getAccessibleValue(Ljavax/accessibility/Accessible;Ljava/awt/Component;)Ljavax/accessibility/AccessibleValue;+15
v  ~StubRoutines::call_stub
J 1574  sun.lwawt.macosx.LWCToolkit.doAWTRunLoopImpl(JZZ)V (0 bytes) @ 0x00000001100487c7 [0x0000000110048780+0x47]
J 1572 C1 sun.lwawt.macosx.LWCToolkit.invokeAndWait(Ljava/lang/Runnable;Ljava/awt/Component;)V (117 bytes) @ 0x00000001101fd93c [0x00000001101fbf60+0x19dc]
J 1464 C1 sun.lwawt.macosx.CAccessibility.invokeAndWait(Ljava/util/concurrent/Callable;Ljava/awt/Component;)Ljava/lang/Object; (13 bytes) @ 0x000000011015cd7c [0x000000011015cbe0+0x19c]
j  sun.lwawt.macosx.CAccessibility.getAccessibleValue(Ljavax/accessibility/Accessible;Ljava/awt/Component;)Ljavax/accessibility/AccessibleValue;+15
v  ~StubRoutines::call_stub
J 1574  sun.lwawt.macosx.LWCToolkit.doAWTRunLoopImpl(JZZ)V (0 bytes) @ 0x00000001100487c7 [0x0000000110048780+0x47]
J 1572 C1 sun.lwawt.macosx.LWCToolkit.invokeAndWait(Ljava/lang/Runnable;Ljava/awt/Component;)V (117 bytes) @ 0x00000001101fd93c [0x00000001101fbf60+0x19dc]
J 1464 C1 sun.lwawt.macosx.CAccessibility.invokeAndWait(Ljava/util/concurrent/Callable;Ljava/awt/Component;)Ljava/lang/Object; (13 bytes) @ 0x000000011015cd7c [0x000000011015cbe0+0x19c]
j  sun.lwawt.macosx.CAccessibility.getAccessibleRole(Ljavax/accessibility/Accessible;Ljava/awt/Component;)Ljava/lang/String;+15
v  ~StubRoutines::call_stub
J 1574  sun.lwawt.macosx.LWCToolkit.doAWTRunLoopImpl(JZZ)V (0 bytes) @ 0x00000001100487c7 [0x0000000110048780+0x47]
J 1572 C1 sun.lwawt.macosx.LWCToolkit.invokeAndWait(Ljava/lang/Runnable;Ljava/awt/Component;)V (117 bytes) @ 0x00000001101fd93c [0x00000001101fbf60+0x19dc]
J 1464 C1 sun.lwawt.macosx.CAccessibility.invokeAndWait(Ljava/util/concurrent/Callable;Ljava/awt/Component;)Ljava/lang/Object; (13 bytes) @ 0x000000011015cd7c [0x000000011015cbe0+0x19c]
j  sun.lwawt.macosx.CAccessibility.getAccessibleRole(Ljavax/accessibility/Accessible;Ljava/awt/Component;)Ljava/lang/String;+15
v  ~StubRoutines::call_stub
J 1574  sun.lwawt.macosx.LWCToolkit.doAWTRunLoopImpl(JZZ)V (0 bytes) @ 0x00000001100487c7 [0x0000000110048780+0x47]
J 1572 C1 sun.lwawt.macosx.LWCToolkit.invokeAndWait(Ljava/lang/Runnable;Ljava/awt/Component;)V (117 bytes) @ 0x00000001101fd93c [0x00000001101fbf60+0x19dc]
J 1464 C1 sun.lwawt.macosx.CAccessibility.invokeAndWait(Ljava/util/concurrent/Callable;Ljava/awt/Component;)Ljava/lang/Object; (13 bytes) @ 0x000000011015cd7c [0x000000011015cbe0+0x19c]
j  sun.lwawt.macosx.CAccessibility.getAccessibleRole(Ljavax/accessibility/Accessible;Ljava/awt/Component;)Ljava/lang/String;+15
v  ~StubRoutines::call_stub
J 1574  sun.lwawt.macosx.LWCToolkit.doAWTRunLoopImpl(JZZ)V (0 bytes) @ 0x00000001100487c7 [0x0000000110048780+0x47]
J 1572 C1 sun.lwawt.macosx.LWCToolkit.invokeAndWait(Ljava/lang/Runnable;Ljava/awt/Component;)V (117 bytes) @ 0x00000001101fd93c [0x00000001101fbf60+0x19dc]
J 1464 C1 sun.lwawt.macosx.CAccessibility.invokeAndWait(Ljava/util/concurrent/Callable;Ljava/awt/Component;)Ljava/lang/Object; (13 bytes) @ 0x000000011015cd7c [0x000000011015cbe0+0x19c]
j  sun.lwawt.macosx.CAccessibility.getAccessibleRole(Ljavax/accessibility/Accessible;Ljava/awt/Component;)Ljava/lang/String;+15
v  ~StubRoutines::call_stub
J 1574  sun.lwawt.macosx.LWCToolkit.doAWTRunLoopImpl(JZZ)V (0 bytes) @ 0x00000001100487c7 [0x0000000110048780+0x47]
J 1572 C1 sun.lwawt.macosx.LWCToolkit.invokeAndWait(Ljava/lang/Runnable;Ljava/awt/Component;)V (117 bytes) @ 0x00000001101fd93c [0x00000001101fbf60+0x19dc]
J 1464 C1 sun.lwawt.macosx.CAccessibility.invokeAndWait(Ljava/util/concurrent/Callable;Ljava/awt/Component;)Ljava/lang/Object; (13 bytes) @ 0x000000011015cd7c [0x000000011015cbe0+0x19c]
j  sun.lwawt.macosx.CAccessibility.getAccessibleRole(Ljavax/accessibility/Accessible;Ljava/awt/Component;)Ljava/lang/String;+15
v  ~StubRoutines::call_stub
J 1574  sun.lwawt.macosx.LWCToolkit.doAWTRunLoopImpl(JZZ)V (0 bytes) @ 0x00000001100487c7 [0x0000000110048780+0x47]
J 1572 C1 sun.lwawt.macosx.LWCToolkit.invokeAndWait(Ljava/lang/Runnable;Ljava/awt/Component;)V (117 bytes) @ 0x00000001101fd93c [0x00000001101fbf60+0x19dc]
J 1464 C1 sun.lwawt.macosx.CAccessibility.invokeAndWait(Ljava/util/concurrent/Callable;Ljava/awt/Component;)Ljava/lang/Object; (13 bytes) @ 0x000000011015cd7c [0x000000011015cbe0+0x19c]
j  sun.lwawt.macosx.CAccessibility.getAccessibleRole(Ljavax/accessibility/Accessible;Ljava/awt/Component;)Ljava/lang/String;+15
v  ~StubRoutines::call_stub
J 1574  sun.lwawt.macosx.LWCToolkit.doAWTRunLoopImpl(JZZ)V (0 bytes) @ 0x00000001100487c7 [0x0000000110048780+0x47]
J 1572 C1 sun.lwawt.macosx.LWCToolkit.invokeAndWait(Ljava/lang/Runnable;Ljava/awt/Component;)V (117 bytes) @ 0x00000001101fd93c [0x00000001101fbf60+0x19dc]
J 1464 C1 sun.lwawt.macosx.CAccessibility.invokeAndWait(Ljava/util/concurrent/Callable;Ljava/awt/Component;)Ljava/lang/Object; (13 bytes) @ 0x000000011015cd7c [0x000000011015cbe0+0x19c]
j  sun.lwawt.macosx.CAccessibility.getAccessibleRole(Ljavax/accessibility/Accessible;Ljava/awt/Component;)Ljava/lang/String;+15
v  ~StubRoutines::call_stub
J 1574  sun.lwawt.macosx.LWCToolkit.doAWTRunLoopImpl(JZZ)V (0 bytes) @ 0x00000001100487c7 [0x0000000110048780+0x47]
J 1572 C1 sun.lwawt.macosx.LWCToolkit.invokeAndWait(Ljava/lang/Runnable;Ljava/awt/Component;)V (117 bytes) @ 0x00000001101fd93c [0x00000001101fbf60+0x19dc]
J 1464 C1 sun.lwawt.macosx.CAccessibility.invokeAndWait(Ljava/util/concurrent/Callable;Ljava/awt/Component;)Ljava/lang/Object; (13 bytes) @ 0x000000011015cd7c [0x000000011015cbe0+0x19c]
j  sun.lwawt.macosx.CAccessibility.getAccessibleRole(Ljavax/accessibility/Accessible;Ljava/awt/Component;)Ljava/lang/String;+15
v  ~StubRoutines::call_stub
J 1574  sun.lwawt.macosx.LWCToolkit.doAWTRunLoopImpl(JZZ)V (0 bytes) @ 0x00000001100487c7 [0x0000000110048780+0x47]
J 1572 C1 sun.lwawt.macosx.LWCToolkit.invokeAndWait(Ljava/lang/Runnable;Ljava/awt/Component;)V (117 bytes) @ 0x00000001101fd93c [0x00000001101fbf60+0x19dc]
J 1464 C1 sun.lwawt.macosx.CAccessibility.invokeAndWait(Ljava/util/concurrent/Callable;Ljava/awt/Component;)Ljava/lang/Object; (13 bytes) @ 0x000000011015cd7c [0x000000011015cbe0+0x19c]
j  sun.lwawt.macosx.CAccessibility.getAccessibleRole(Ljavax/accessibility/Accessible;Ljava/awt/Component;)Ljava/lang/String;+15
v  ~StubRoutines::call_stub
J 1574  sun.lwawt.macosx.LWCToolkit.doAWTRunLoopImpl(JZZ)V (0 bytes) @ 0x00000001100487c7 [0x0000000110048780+0x47]
J 1572 C1 sun.lwawt.macosx.LWCToolkit.invokeAndWait(Ljava/lang/Runnable;Ljava/awt/Component;)V (117 bytes) @ 0x00000001101fd93c [0x00000001101fbf60+0x19dc]
J 1464 C1 sun.lwawt.macosx.CAccessibility.invokeAndWait(Ljava/util/concurrent/Callable;Ljava/awt/Component;)Ljava/lang/Object; (13 bytes) @ 0x000000011015cd7c [0x000000011015cbe0+0x19c]
j  sun.lwawt.macosx.CAccessibility.getAccessibleRole(Ljavax/accessibility/Accessible;Ljava/awt/Component;)Ljava/lang/String;+15
v  ~StubRoutines::call_stub
J 1574  sun.lwawt.macosx.LWCToolkit.doAWTRunLoopImpl(JZZ)V (0 bytes) @ 0x00000001100487c7 [0x0000000110048780+0x47]
J 1572 C1 sun.lwawt.macosx.LWCToolkit.invokeAndWait(Ljava/lang/Runnable;Ljava/awt/Component;)V (117 bytes) @ 0x00000001101fd93c [0x00000001101fbf60+0x19dc]
J 1464 C1 sun.lwawt.macosx.CAccessibility.invokeAndWait(Ljava/util/concurrent/Callable;Ljava/awt/Component;)Ljava/lang/Object; (13 bytes) @ 0x000000011015cd7c [0x000000011015cbe0+0x19c]
j  sun.lwawt.macosx.CAccessibility.getAccessibleValue(Ljavax/accessibility/Accessible;Ljava/awt/Component;)Ljavax/accessibility/AccessibleValue;+15
v  ~StubRoutines::call_stub
J 1574  sun.lwawt.macosx.LWCToolkit.doAWTRunLoopImpl(JZZ)V (0 bytes) @ 0x00000001100487c7 [0x0000000110048780+0x47]
J 1572 C1 sun.lwawt.macosx.LWCToolkit.invokeAndWait(Ljava/lang/Runnable;Ljava/awt/Component;)V (117 bytes) @ 0x00000001101fd93c [0x00000001101fbf60+0x19dc]
J 1464 C1 sun.lwawt.macosx.CAccessibility.invokeAndWait(Ljava/util/concurrent/Callable;Ljava/awt/Component;)Ljava/lang/Object; (13 bytes) @ 0x000000011015cd7c [0x000000011015cbe0+0x19c]
j  sun.lwawt.macosx.CAccessibility.getAccessibleIndexInParent(Ljavax/accessibility/Accessible;Ljava/awt/Component;)I+15
v  ~StubRoutines::call_stub
J 1574  sun.lwawt.macosx.LWCToolkit.doAWTRunLoopImpl(JZZ)V (0 bytes) @ 0x00000001100487c7 [0x0000000110048780+0x47]
J 1572 C1 sun.lwawt.macosx.LWCToolkit.invokeAndWait(Ljava/lang/Runnable;Ljava/awt/Component;)V (117 bytes) @ 0x00000001101fd93c [0x00000001101fbf60+0x19dc]
J 1464 C1 sun.lwawt.macosx.CAccessibility.invokeAndWait(Ljava/util/concurrent/Callable;Ljava/awt/Component;)Ljava/lang/Object; (13 bytes) @ 0x000000011015cd7c [0x000000011015cbe0+0x19c]
j  sun.lwawt.macosx.CAccessibility.getAccessibleRole(Ljavax/accessibility/Accessible;Ljava/awt/Component;)Ljava/lang/String;+15
v  ~StubRoutines::call_stub
J 1574  sun.lwawt.macosx.LWCToolkit.doAWTRunLoopImpl(JZZ)V (0 bytes) @ 0x00000001100487c7 [0x0000000110048780+0x47]
J 1572 C1 sun.lwawt.macosx.LWCToolkit.invokeAndWait(Ljava/lang/Runnable;Ljava/awt/Component;)V (117 bytes) @ 0x00000001101fd93c [0x00000001101fbf60+0x19dc]
J 1464 C1 sun.lwawt.macosx.CAccessibility.invokeAndWait(Ljava/util/concurrent/Callable;Ljava/awt/Component;)Ljava/lang/Object; (13 bytes) @ 0x000000011015cd7c [0x000000011015cbe0+0x19c]
j  sun.lwawt.macosx.CAccessibility.getAccessibleRole(Ljavax/accessibility/Accessible;Ljava/awt/Component;)Ljava/lang/String;+15
v  ~StubRoutines::call_stub
J 1574  sun.lwawt.macosx.LWCToolkit.doAWTRunLoopImpl(JZZ)V (0 bytes) @ 0x00000001100487c7 [0x0000000110048780+0x47]
J 1572 C1 sun.lwawt.macosx.LWCToolkit.invokeAndWait(Ljava/lang/Runnable;Ljava/awt/Component;)V (117 bytes) @ 0x00000001101fd93c [0x00000001101fbf60+0x19dc]
J 1464 C1 sun.lwawt.macosx.CAccessibility.invokeAndWait(Ljava/util/concurrent/Callable;Ljava/awt/Component;)Ljava/lang/Object; (13 bytes) @ 0x000000011015cd7c [0x000000011015cbe0+0x19c]
j  sun.lwawt.macosx.CAccessibility.getAccessibleRole(Ljavax/accessibility/Accessible;Ljava/awt/Component;)Ljava/lang/String;+15
v  ~StubRoutines::call_stub
J 1574  sun.lwawt.macosx.LWCToolkit.doAWTRunLoopImpl(JZZ)V (0 bytes) @ 0x00000001100487c7 [0x0000000110048780+0x47]
J 1572 C1 sun.lwawt.macosx.LWCToolkit.invokeAndWait(Ljava/lang/Runnable;Ljava/awt/Component;)V (117 bytes) @ 0x00000001101fd93c [0x00000001101fbf60+0x19dc]
J 1464 C1 sun.lwawt.macosx.CAccessibility.invokeAndWait(Ljava/util/concurrent/Callable;Ljava/awt/Component;)Ljava/lang/Object; (13 bytes) @ 0x000000011015cd7c [0x000000011015cbe0+0x19c]
j  sun.lwawt.macosx.CAccessibility.getAccessibleIndexInParent(Ljavax/accessibility/Accessible;Ljava/awt/Component;)I+15
v  ~StubRoutines::call_stub
J 1574  sun.lwawt.macosx.LWCToolkit.doAWTRunLoopImpl(JZZ)V (0 bytes) @ 0x00000001100487c7 [0x0000000110048780+0x47]
J 1572 C1 sun.lwawt.macosx.LWCToolkit.invokeAndWait(Ljava/lang/Runnable;Ljava/awt/Component;)V (117 bytes) @ 0x00000001101fd93c [0x00000001101fbf60+0x19dc]
J 1464 C1 sun.lwawt.macosx.CAccessibility.invokeAndWait(Ljava/util/concurrent/Callable;Ljava/awt/Component;)Ljava/lang/Object; (13 bytes) @ 0x000000011015cd7c [0x000000011015cbe0+0x19c]
j  sun.lwawt.macosx.CAccessibility.getAccessibleRole(Ljavax/accessibility/Accessible;Ljava/awt/Component;)Ljava/lang/String;+15
v  ~StubRoutines::call_stub
J 1574  sun.lwawt.macosx.LWCToolkit.doAWTRunLoopImpl(JZZ)V (0 bytes) @ 0x00000001100487c7 [0x0000000110048780+0x47]
J 1572 C1 sun.lwawt.macosx.LWCToolkit.invokeAndWait(Ljava/lang/Runnable;Ljava/awt/Component;)V (117 bytes) @ 0x00000001101fd93c [0x00000001101fbf60+0x19dc]
J 1464 C1 sun.lwawt.macosx.CAccessibility.invokeAndWait(Ljava/util/concurrent/Callable;Ljava/awt/Component;)Ljava/lang/Object; (13 bytes) @ 0x000000011015cd7c [0x000000011015cbe0+0x19c]
j  sun.lwawt.macosx.CAccessibility.getAccessibleRole(Ljavax/accessibility/Accessible;Ljava/awt/Component;)Ljava/lang/String;+15
v  ~StubRoutines::call_stub
J 1574  sun.lwawt.macosx.LWCToolkit.doAWTRunLoopImpl(JZZ)V (0 bytes) @ 0x00000001100487c7 [0x0000000110048780+0x47]
J 1572 C1 sun.lwawt.macosx.LWCToolkit.invokeAndWait(Ljava/lang/Runnable;Ljava/awt/Component;)V (117 bytes) @ 0x00000001101fd93c [0x00000001101fbf60+0x19dc]
J 1464 C1 sun.lwawt.macosx.CAccessibility.invokeAndWait(Ljava/util/concurrent/Callable;Ljava/awt/Component;)Ljava/lang/Object; (13 bytes) @ 0x000000011015cd7c [0x000000011015cbe0+0x19c]
j  sun.lwawt.macosx.CAccessibility.getAccessibleRole(Ljavax/accessibility/Accessible;Ljava/awt/Component;)Ljava/lang/String;+15
v  ~StubRoutines::call_stub
J 1574  sun.lwawt.macosx.LWCToolkit.doAWTRunLoopImpl(JZZ)V (0 bytes) @ 0x00000001100487c7 [0x0000000110048780+0x47]
J 1572 C1 sun.lwawt.macosx.LWCToolkit.invokeAndWait(Ljava/lang/Runnable;Ljava/awt/Component;)V (117 bytes) @ 0x00000001101fd93c [0x00000001101fbf60+0x19dc]
J 1464 C1 sun.lwawt.macosx.CAccessibility.invokeAndWait(Ljava/util/concurrent/Callable;Ljava/awt/Component;)Ljava/lang/Object; (13 bytes) @ 0x000000011015cd7c [0x000000011015cbe0+0x19c]
j  sun.lwawt.macosx.CAccessibility.getAccessibleRole(Ljavax/accessibility/Accessible;Ljava/awt/Component;)Ljava/lang/String;+15
v  ~StubRoutines::call_stub
J 1574  sun.lwawt.macosx.LWCToolkit.doAWTRunLoopImpl(JZZ)V (0 bytes) @ 0x00000001100487c7 [0x0000000110048780+0x47]
J 1572 C1 sun.lwawt.macosx.LWCToolkit.invokeAndWait(Ljava/lang/Runnable;Ljava/awt/Component;)V (117 bytes) @ 0x00000001101fd93c [0x00000001101fbf60+0x19dc]
J 1464 C1 sun.lwawt.macosx.CAccessibility.invokeAndWait(Ljava/util/concurrent/Callable;Ljava/awt/Component;)Ljava/lang/Object; (13 bytes) @ 0x000000011015cd7c [0x000000011015cbe0+0x19c]
j  sun.lwawt.macosx.CAccessibility.getAccessibleRole(Ljavax/accessibility/Accessible;Ljava/awt/Component;)Ljava/lang/String;+15
v  ~StubRoutines::call_stub
J 1574  sun.lwawt.macosx.LWCToolkit.doAWTRunLoopImpl(JZZ)V (0 bytes) @ 0x00000001100487c7 [0x0000000110048780+0x47]
J 1572 C1 sun.lwawt.macosx.LWCToolkit.invokeAndWait(Ljava/lang/Runnable;Ljava/awt/Component;)V (117 bytes) @ 0x00000001101fd93c [0x00000001101fbf60+0x19dc]
J 1464 C1 sun.lwawt.macosx.CAccessibility.invokeAndWait(Ljava/util/concurrent/Callable;Ljava/awt/Component;)Ljava/lang/Object; (13 bytes) @ 0x000000011015cd7c [0x000000011015cbe0+0x19c]
j  sun.lwawt.macosx.CAccessibility.getAccessibleRole(Ljavax/accessibility/Accessible;Ljava/awt/Component;)Ljava/lang/String;+15
v  ~StubRoutines::call_stub
J 1574  sun.lwawt.macosx.LWCToolkit.doAWTRunLoopImpl(JZZ)V (0 bytes) @ 0x00000001100487c7 [0x0000000110048780+0x47]
J 1572 C1 sun.lwawt.macosx.LWCToolkit.invokeAndWait(Ljava/lang/Runnable;Ljava/awt/Component;)V (117 bytes) @ 0x00000001101fd93c [0x00000001101fbf60+0x19dc]
J 1464 C1 sun.lwawt.macosx.CAccessibility.invokeAndWait(Ljava/util/concurrent/Callable;Ljava/awt/Component;)Ljava/lang/Object; (13 bytes) @ 0x000000011015cd7c [0x000000011015cbe0+0x19c]
j  sun.lwawt.macosx.CAccessibility.getAccessibleRole(Ljavax/accessibility/Accessible;Ljava/awt/Component;)Ljava/lang/String;+15
v  ~StubRoutines::call_stub
J 1574  sun.lwawt.macosx.LWCToolkit.doAWTRunLoopImpl(JZZ)V (0 bytes) @ 0x00000001100487c7 [0x0000000110048780+0x47]
J 1572 C1 sun.lwawt.macosx.LWCToolkit.invokeAndWait(Ljava/lang/Runnable;Ljava/awt/Component;)V (117 bytes) @ 0x00000001101fd93c [0x00000001101fbf60+0x19dc]
J 1464 C1 sun.lwawt.macosx.CAccessibility.invokeAndWait(Ljava/util/concurrent/Callable;Ljava/awt/Component;)Ljava/lang/Object; (13 bytes) @ 0x000000011015cd7c [0x000000011015cbe0+0x19c]
j  sun.lwawt.macosx.CAccessibility.getAccessibleRole(Ljavax/accessibility/Accessible;Ljava/awt/Component;)Ljava/lang/String;+15
v  ~StubRoutines::call_stub
J 1574  sun.lwawt.macosx.LWCToolkit.doAWTRunLoopImpl(JZZ)V (0 bytes) @ 0x00000001100487c7 [0x0000000110048780+0x47]
J 1572 C1 sun.lwawt.macosx.LWCToolkit.invokeAndWait(Ljava/lang/Runnable;Ljava/awt/Component;)V (117 bytes) @ 0x00000001101fd93c [0x00000001101fbf60+0x19dc]
J 1464 C1 sun.lwawt.macosx.CAccessibility.invokeAndWait(Ljava/util/concurrent/Callable;Ljava/awt/Component;)Ljava/lang/Object; (13 bytes) @ 0x000000011015cd7c [0x000000011015cbe0+0x19c]
j  sun.lwawt.macosx.CAccessibility.getAccessibleValue(Ljavax/accessibility/Accessible;Ljava/awt/Component;)Ljavax/accessibility/AccessibleValue;+15
v  ~StubRoutines::call_stub
J 1574  sun.lwawt.macosx.LWCToolkit.doAWTRunLoopImpl(JZZ)V (0 bytes) @ 0x00000001100487c7 [0x0000000110048780+0x47]
J 1572 C1 sun.lwawt.macosx.LWCToolkit.invokeAndWait(Ljava/lang/Runnable;Ljava/awt/Component;)V (117 bytes) @ 0x00000001101fd93c [0x00000001101fbf60+0x19dc]
J 1464 C1 sun.lwawt.macosx.CAccessibility.invokeAndWait(Ljava/util/concurrent/Callable;Ljava/awt/Component;)Ljava/lang/Object; (13 bytes) @ 0x000000011015cd7c [0x000000011015cbe0+0x19c]
j  sun.lwawt.macosx.CAccessibility.getAccessibleRole(Ljavax/accessibility/Accessible;Ljava/awt/Component;)Ljava/lang/String;+15
v  ~StubRoutines::call_stub
J 1574  sun.lwawt.macosx.LWCToolkit.doAWTRunLoopImpl(JZZ)V (0 bytes) @ 0x00000001100487c7 [0x0000000110048780+0x47]
J 1572 C1 sun.lwawt.macosx.LWCToolkit.invokeAndWait(Ljava/lang/Runnable;Ljava/awt/Component;)V (117 bytes) @ 0x00000001101fd93c [0x00000001101fbf60+0x19dc]
J 1464 C1 sun.lwawt.macosx.CAccessibility.invokeAndWait(Ljava/util/concurrent/Callable;Ljava/awt/Component;)Ljava/lang/Object; (13 bytes) @ 0x000000011015cd7c [0x000000011015cbe0+0x19c]
j  sun.lwawt.macosx.CAccessibility.getAccessibleRole(Ljavax/accessibility/Accessible;Ljava/awt/Component;)Ljava/lang/String;+15
v  ~StubRoutines::call_stub
J 1574  sun.lwawt.macosx.LWCToolkit.doAWTRunLoopImpl(JZZ)V (0 bytes) @ 0x00000001100487c7 [0x0000000110048780+0x47]
J 1572 C1 sun.lwawt.macosx.LWCToolkit.invokeAndWait(Ljava/lang/Runnable;Ljava/awt/Component;)V (117 bytes) @ 0x00000001101fd93c [0x00000001101fbf60+0x19dc]
J 1464 C1 sun.lwawt.macosx.CAccessibility.invokeAndWait(Ljava/util/concurrent/Callable;Ljava/awt/Component;)Ljava/lang/Object; (13 bytes) @ 0x000000011015cd7c [0x000000011015cbe0+0x19c]
j  sun.lwawt.macosx.CAccessibility.getAccessibleIndexInParent(Ljavax/accessibility/Accessible;Ljava/awt/Component;)I+15
v  ~StubRoutines::call_stub
J 1574  sun.lwawt.macosx.LWCToolkit.doAWTRunLoopImpl(JZZ)V (0 bytes) @ 0x00000001100487c7 [0x0000000110048780+0x47]
J 1572 C1 sun.lwawt.macosx.LWCToolkit.invokeAndWait(Ljava/lang/Runnable;Ljava/awt/Component;)V (117 bytes) @ 0x00000001101fd93c [0x00000001101fbf60+0x19dc]
J 1464 C1 sun.lwawt.macosx.CAccessibility.invokeAndWait(Ljava/util/concurrent/Callable;Ljava/awt/Component;)Ljava/lang/Object; (13 bytes) @ 0x000000011015cd7c [0x000000011015cbe0+0x19c]
j  sun.lwawt.macosx.CAccessibility.getAccessibleValue(Ljavax/accessibility/Accessible;Ljava/awt/Component;)Ljavax/accessibility/AccessibleValue;+15
v  ~StubRoutines::call_stub
J 1574  sun.lwawt.macosx.LWCToolkit.doAWTRunLoopImpl(JZZ)V (0 bytes) @ 0x00000001100487c7 [0x0000000110048780+0x47]
J 1572 C1 sun.lwawt.macosx.LWCToolkit.invokeAndWait(Ljava/lang/Runnable;Ljava/awt/Component;)V (117 bytes) @ 0x00000001101fd93c [0x00000001101fbf60+0x19dc]
J 1464 C1 sun.lwawt.macosx.CAccessibility.invokeAndWait(Ljava/util/concurrent/Callable;Ljava/awt/Component;)Ljava/lang/Object; (13 bytes) @ 0x000000011015cd7c [0x000000011015cbe0+0x19c]
j  sun.lwawt.macosx.CAccessibility.getAccessibleIndexInParent(Ljavax/accessibility/Accessible;Ljava/awt/Component;)I+15
v  ~StubRoutines::call_stub
J 1574  sun.lwawt.macosx.LWCToolkit.doAWTRunLoopImpl(JZZ)V (0 bytes) @ 0x00000001100487c7 [0x0000000110048780+0x47]
J 1572 C1 sun.lwawt.macosx.LWCToolkit.invokeAndWait(Ljava/lang/Runnable;Ljava/awt/Component;)V (117 bytes) @ 0x00000001101fd93c [0x00000001101fbf60+0x19dc]
J 1464 C1 sun.lwawt.macosx.CAccessibility.invokeAndWait(Ljava/util/concurrent/Callable;Ljava/awt/Component;)Ljava/lang/Object; (13 bytes) @ 0x000000011015cd7c [0x000000011015cbe0+0x19c]
j  sun.lwawt.macosx.CAccessibility.getAccessibleRole(Ljavax/accessibility/Accessible;Ljava/awt/Component;)Ljava/lang/String;+15
v  ~StubRoutines::call_stub
J 1574  sun.lwawt.macosx.LWCToolkit.doAWTRunLoopImpl(JZZ)V (0 bytes) @ 0x00000001100487c7 [0x0000000110048780+0x47]
J 1572 C1 sun.lwawt.macosx.LWCToolkit.invokeAndWait(Ljava/lang/Runnable;Ljava/awt/Component;)V (117 bytes) @ 0x00000001101fd93c [0x00000001101fbf60+0x19dc]
J 1464 C1 sun.lwawt.macosx.CAccessibility.invokeAndWait(Ljava/util/concurrent/Callable;Ljava/awt/Component;)Ljava/lang/Object; (13 bytes) @ 0x000000011015cd7c [0x000000011015cbe0+0x19c]
j  sun.lwawt.macosx.CAccessibility.getAccessibleRole(Ljavax/accessibility/Accessible;Ljava/awt/Component;)Ljava/lang/String;+15
v  ~StubRoutines::call_stub
J 1574  sun.lwawt.macosx.LWCToolkit.doAWTRunLoopImpl(JZZ)V (0 bytes) @ 0x00000001100487c7 [0x0000000110048780+0x47]
J 1572 C1 sun.lwawt.macosx.LWCToolkit.invokeAndWait(Ljava/lang/Runnable;Ljava/awt/Component;)V (117 bytes) @ 0x00000001101fd93c [0x00000001101fbf60+0x19dc]
J 1464 C1 sun.lwawt.macosx.CAccessibility.invokeAndWait(Ljava/util/concurrent/Callable;Ljava/awt/Component;)Ljava/lang/Object; (13 bytes) @ 0x000000011015cd7c [0x000000011015cbe0+0x19c]
j  sun.lwawt.macosx.CAccessibility.getAccessibleRole(Ljavax/accessibility/Accessible;Ljava/awt/Component;)Ljava/lang/String;+15
v  ~StubRoutines::call_stub
J 1574  sun.lwawt.macosx.LWCToolkit.doAWTRunLoopImpl(JZZ)V (0 bytes) @ 0x00000001100487c7 [0x0000000110048780+0x47]
J 1572 C1 sun.lwawt.macosx.LWCToolkit.invokeAndWait(Ljava/lang/Runnable;Ljava/awt/Component;)V (117 bytes) @ 0x00000001101fd93c [0x00000001101fbf60+0x19dc]
J 1464 C1 sun.lwawt.macosx.CAccessibility.invokeAndWait(Ljava/util/concurrent/Callable;Ljava/awt/Component;)Ljava/lang/Object; (13 bytes) @ 0x000000011015cd7c [0x000000011015cbe0+0x19c]
j  sun.lwawt.macosx.CAccessibility.getAccessibleRole(Ljavax/accessibility/Accessible;Ljava/awt/Component;)Ljava/lang/String;+15
v  ~StubRoutines::call_stub
J 1574  sun.lwawt.macosx.LWCToolkit.doAWTRunLoopImpl(JZZ)V (0 bytes) @ 0x00000001100487c7 [0x0000000110048780+0x47]
J 1572 C1 sun.lwawt.macosx.LWCToolkit.invokeAndWait(Ljava/lang/Runnable;Ljava/awt/Component;)V (117 bytes) @ 0x00000001101fd93c [0x00000001101fbf60+0x19dc]
J 1464 C1 sun.lwawt.macosx.CAccessibility.invokeAndWait(Ljava/util/concurrent/Callable;Ljava/awt/Component;)Ljava/lang/Object; (13 bytes) @ 0x000000011015cd7c [0x000000011015cbe0+0x19c]
j  sun.lwawt.macosx.CAccessibility.getAccessibleRole(Ljavax/accessibility/Accessible;Ljava/awt/Component;)Ljava/lang/String;+15
v  ~StubRoutines::call_stub
J 1574  sun.lwawt.macosx.LWCToolkit.doAWTRunLoopImpl(JZZ)V (0 bytes) @ 0x00000001100487c7 [0x0000000110048780+0x47]
J 1572 C1 sun.lwawt.macosx.LWCToolkit.invokeAndWait(Ljava/lang/Runnable;Ljava/awt/Component;)V (117 bytes) @ 0x00000001101fd93c [0x00000001101fbf60+0x19dc]
J 1464 C1 sun.lwawt.macosx.CAccessibility.invokeAndWait(Ljava/util/concurrent/Callable;Ljava/awt/Component;)Ljava/lang/Object; (13 bytes) @ 0x000000011015cd7c [0x000000011015cbe0+0x19c]
j  sun.lwawt.macosx.CAccessibility.getAccessibleIndexInParent(Ljavax/accessibility/Accessible;Ljava/awt/Component;)I+15
v  ~StubRoutines::call_stub
J 1574  sun.lwawt.macosx.LWCToolkit.doAWTRunLoopImpl(JZZ)V (0 bytes) @ 0x00000001100487c7 [0x0000000110048780+0x47]
J 1572 C1 sun.lwawt.macosx.LWCToolkit.invokeAndWait(Ljava/lang/Runnable;Ljava/awt/Component;)V (117 bytes) @ 0x00000001101fd93c [0x00000001101fbf60+0x19dc]
J 1464 C1 sun.lwawt.macosx.CAccessibility.invokeAndWait(Ljava/util/concurrent/Callable;Ljava/awt/Component;)Ljava/lang/Object; (13 bytes) @ 0x000000011015cd7c [0x000000011015cbe0+0x19c]
j  sun.lwawt.macosx.CAccessibility.getAccessibleRole(Ljavax/accessibility/Accessible;Ljava/awt/Component;)Ljava/lang/String;+15
v  ~StubRoutines::call_stub
J 1574  sun.lwawt.macosx.LWCToolkit.doAWTRunLoopImpl(JZZ)V (0 bytes) @ 0x00000001100487c7 [0x0000000110048780+0x47]
J 1572 C1 sun.lwawt.macosx.LWCToolkit.invokeAndWait(Ljava/lang/Runnable;Ljava/awt/Component;)V (117 bytes) @ 0x00000001101fd93c [0x00000001101fbf60+0x19dc]
J 1464 C1 sun.lwawt.macosx.CAccessibility.invokeAndWait(Ljava/util/concurrent/Callable;Ljava/awt/Component;)Ljava/lang/Object; (13 bytes) @ 0x000000011015cd7c [0x000000011015cbe0+0x19c]
j  sun.lwawt.macosx.CAccessibility.getAccessibleRole(Ljavax/accessibility/Accessible;Ljava/awt/Component;)Ljava/lang/String;+15
v  ~StubRoutines::call_stub
J 1574  sun.lwawt.macosx.LWCToolkit.doAWTRunLoopImpl(JZZ)V (0 bytes) @ 0x00000001100487c7 [0x0000000110048780+0x47]
J 1572 C1 sun.lwawt.macosx.LWCToolkit.invokeAndWait(Ljava/lang/Runnable;Ljava/awt/Component;)V (117 bytes) @ 0x00000001101fd93c [0x00000001101fbf60+0x19dc]
J 1464 C1 sun.lwawt.macosx.CAccessibility.invokeAndWait(Ljava/util/concurrent/Callable;Ljava/awt/Component;)Ljava/lang/Object; (13 bytes) @ 0x000000011015cd7c [0x000000011015cbe0+0x19c]
j  sun.lwawt.macosx.CAccessibility.getAccessibleRole(Ljavax/accessibility/Accessible;Ljava/awt/Component;)Ljava/lang/String;+15
v  ~StubRoutines::call_stub
J 1574  sun.lwawt.macosx.LWCToolkit.doAWTRunLoopImpl(JZZ)V (0 bytes) @ 0x00000001100487c7 [0x0000000110048780+0x47]
J 1572 C1 sun.lwawt.macosx.LWCToolkit.invokeAndWait(Ljava/lang/Runnable;Ljava/awt/Component;)V (117 bytes) @ 0x00000001101fd93c [0x00000001101fbf60+0x19dc]
J 1464 C1 sun.lwawt.macosx.CAccessibility.invokeAndWait(Ljava/util/concurrent/Callable;Ljava/awt/Component;)Ljava/lang/Object; (13 bytes) @ 0x000000011015cd7c [0x000000011015cbe0+0x19c]
j  sun.lwawt.macosx.CAccessibility.getAccessibleValue(Ljavax/accessibility/Accessible;Ljava/awt/Component;)Ljavax/accessibility/AccessibleValue;+15
v  ~StubRoutines::call_stub
J 1574  sun.lwawt.macosx.LWCToolkit.doAWTRunLoopImpl(JZZ)V (0 bytes) @ 0x00000001100487c7 [0x0000000110048780+0x47]
J 1572 C1 sun.lwawt.macosx.LWCToolkit.invokeAndWait(Ljava/lang/Runnable;Ljava/awt/Component;)V (117 bytes) @ 0x00000001101fd93c [0x00000001101fbf60+0x19dc]
J 1464 C1 sun.lwawt.macosx.CAccessibility.invokeAndWait(Ljava/util/concurrent/Callable;Ljava/awt/Component;)Ljava/lang/Object; (13 bytes) @ 0x000000011015cd7c [0x000000011015cbe0+0x19c]
j  sun.lwawt.macosx.CAccessibility.getAccessibleRole(Ljavax/accessibility/Accessible;Ljava/awt/Component;)Ljava/lang/String;+15
v  ~StubRoutines::call_stub
J 1574  sun.lwawt.macosx.LWCToolkit.doAWTRunLoopImpl(JZZ)V (0 bytes) @ 0x00000001100487c7 [0x0000000110048780+0x47]
J 1572 C1 sun.lwawt.macosx.LWCToolkit.invokeAndWait(Ljava/lang/Runnable;Ljava/awt/Component;)V (117 bytes) @ 0x00000001101fd93c [0x00000001101fbf60+0x19dc]
J 1464 C1 sun.lwawt.macosx.CAccessibility.invokeAndWait(Ljava/util/concurrent/Callable;Ljava/awt/Component;)Ljava/lang/Object; (13 bytes) @ 0x000000011015cd7c [0x000000011015cbe0+0x19c]
j  sun.lwawt.macosx.CAccessibility.getAccessibleRole(Ljavax/accessibility/Accessible;Ljava/awt/Component;)Ljava/lang/String;+15
v  ~StubRoutines::call_stub
J 1574  sun.lwawt.macosx.LWCToolkit.doAWTRunLoopImpl(JZZ)V (0 bytes) @ 0x00000001100487c7 [0x0000000110048780+0x47]
J 1572 C1 sun.lwawt.macosx.LWCToolkit.invokeAndWait(Ljava/lang/Runnable;Ljava/awt/Component;)V (117 bytes) @ 0x00000001101fd93c [0x00000001101fbf60+0x19dc]
J 1464 C1 sun.lwawt.macosx.CAccessibility.invokeAndWait(Ljava/util/concurrent/Callable;Ljava/awt/Component;)Ljava/lang/Object; (13 bytes) @ 0x000000011015cd7c [0x000000011015cbe0+0x19c]
j  sun.lwawt.macosx.CAccessibility.getAccessibleValue(Ljavax/accessibility/Accessible;Ljava/awt/Component;)Ljavax/accessibility/AccessibleValue;+15
v  ~StubRoutines::call_stub
J 1574  sun.lwawt.macosx.LWCToolkit.doAWTRunLoopImpl(JZZ)V (0 bytes) @ 0x00000001100487c7 [0x0000000110048780+0x47]
J 1572 C1 sun.lwawt.macosx.LWCToolkit.invokeAndWait(Ljava/lang/Runnable;Ljava/awt/Component;)V (117 bytes) @ 0x00000001101fd93c [0x00000001101fbf60+0x19dc]
J 1464 C1 sun.lwawt.macosx.CAccessibility.invokeAndWait(Ljava/util/concurrent/Callable;Ljava/awt/Component;)Ljava/lang/Object; (13 bytes) @ 0x000000011015cd7c [0x000000011015cbe0+0x19c]
j  sun.lwawt.macosx.CAccessibility.getAccessibleRole(Ljavax/accessibility/Accessible;Ljava/awt/Component;)Ljava/lang/String;+15
v  ~StubRoutines::call_stub
J 1574  sun.lwawt.macosx.LWCToolkit.doAWTRunLoopImpl(JZZ)V (0 bytes) @ 0x00000001100487c7 [0x0000000110048780+0x47]
J 1572 C1 sun.lwawt.macosx.LWCToolkit.invokeAndWait(Ljava/lang/Runnable;Ljava/awt/Component;)V (117 bytes) @ 0x00000001101fd93c [0x00000001101fbf60+0x19dc]
J 1464 C1 sun.lwawt.macosx.CAccessibility.invokeAndWait(Ljava/util/concurrent/Callable;Ljava/awt/Component;)Ljava/lang/Object; (13 bytes) @ 0x000000011015cd7c [0x000000011015cbe0+0x19c]
j  sun.lwawt.macosx.CAccessibility.getAccessibleValue(Ljavax/accessibility/Accessible;Ljava/awt/Component;)Ljavax/accessibility/AccessibleValue;+15
v  ~StubRoutines::call_stub
J 1574  sun.lwawt.macosx.LWCToolkit.doAWTRunLoopImpl(JZZ)V (0 bytes) @ 0x00000001100487c7 [0x0000000110048780+0x47]
J 1572 C1 sun.lwawt.macosx.LWCToolkit.invokeAndWait(Ljava/lang/Runnable;Ljava/awt/Component;)V (117 bytes) @ 0x00000001101fd93c [0x00000001101fbf60+0x19dc]
J 1464 C1 sun.lwawt.macosx.CAccessibility.invokeAndWait(Ljava/util/concurrent/Callable;Ljava/awt/Component;)Ljava/lang/Object; (13 bytes) @ 0x000000011015cd7c [0x000000011015cbe0+0x19c]
j  sun.lwawt.macosx.CAccessibility.getAccessibleIndexInParent(Ljavax/accessibility/Accessible;Ljava/awt/Component;)I+15
v  ~StubRoutines::call_stub
J 1574  sun.lwawt.macosx.LWCToolkit.doAWTRunLoopImpl(JZZ)V (0 bytes) @ 0x00000001100487c7 [0x0000000110048780+0x47]
J 1572 C1 sun.lwawt.macosx.LWCToolkit.invokeAndWait(Ljava/lang/Runnable;Ljava/awt/Component;)V (117 bytes) @ 0x00000001101fd93c [0x00000001101fbf60+0x19dc]
J 1464 C1 sun.lwawt.macosx.CAccessibility.invokeAndWait(Ljava/util/concurrent/Callable;Ljava/awt/Component;)Ljava/lang/Object; (13 bytes) @ 0x000000011015cd7c [0x000000011015cbe0+0x19c]
j  sun.lwawt.macosx.CAccessibility.getAccessibleRole(Ljavax/accessibility/Accessible;Ljava/awt/Component;)Ljava/lang/String;+15
v  ~StubRoutines::call_stub
J 1574  sun.lwawt.macosx.LWCToolkit.doAWTRunLoopImpl(JZZ)V (0 bytes) @ 0x00000001100487c7 [0x0000000110048780+0x47]
J 1572 C1 sun.lwawt.macosx.LWCToolkit.invokeAndWait(Ljava/lang/Runnable;Ljava/awt/Component;)V (117 bytes) @ 0x00000001101fd93c [0x00000001101fbf60+0x19dc]
J 1464 C1 sun.lwawt.macosx.CAccessibility.invokeAndWait(Ljava/util/concurrent/Callable;Ljava/awt/Component;)Ljava/lang/Object; (13 bytes) @ 0x000000011015cd7c [0x000000011015cbe0+0x19c]
j  sun.lwawt.macosx.CAccessibility.getAccessibleIndexInParent(Ljavax/accessibility/Accessible;Ljava/awt/Component;)I+15
v  ~StubRoutines::call_stub
J 1574  sun.lwawt.macosx.LWCToolkit.doAWTRunLoopImpl(JZZ)V (0 bytes) @ 0x00000001100487c7 [0x0000000110048780+0x47]
J 1572 C1 sun.lwawt.macosx.LWCToolkit.invokeAndWait(Ljava/lang/Runnable;Ljava/awt/Component;)V (117 bytes) @ 0x00000001101fd93c [0x00000001101fbf60+0x19dc]
J 1464 C1 sun.lwawt.macosx.CAccessibility.invokeAndWait(Ljava/util/concurrent/Callable;Ljava/awt/Component;)Ljava/lang/Object; (13 bytes) @ 0x000000011015cd7c [0x000000011015cbe0+0x19c]
j  sun.lwawt.macosx.CAccessibility.getAccessibleRole(Ljavax/accessibility/Accessible;Ljava/awt/Component;)Ljava/lang/String;+15
v  ~StubRoutines::call_stub
J 1574  sun.lwawt.macosx.LWCToolkit.doAWTRunLoopImpl(JZZ)V (0 bytes) @ 0x00000001100487c7 [0x0000000110048780+0x47]
J 1572 C1 sun.lwawt.macosx.LWCToolkit.invokeAndWait(Ljava/lang/Runnable;Ljava/awt/Component;)V (117 bytes) @ 0x00000001101fd93c [0x00000001101fbf60+0x19dc]
J 1464 C1 sun.lwawt.macosx.CAccessibility.invokeAndWait(Ljava/util/concurrent/Callable;Ljava/awt/Component;)Ljava/lang/Object; (13 bytes) @ 0x000000011015cd7c [0x000000011015cbe0+0x19c]
j  sun.lwawt.macosx.CAccessibility.getAccessibleRole(Ljavax/accessibility/Accessible;Ljava/awt/Component;)Ljava/lang/String;+15
v  ~StubRoutines::call_stub
J 1574  sun.lwawt.macosx.LWCToolkit.doAWTRunLoopImpl(JZZ)V (0 bytes) @ 0x00000001100487c7 [0x0000000110048780+0x47]
J 1572 C1 sun.lwawt.macosx.LWCToolkit.invokeAndWait(Ljava/lang/Runnable;Ljava/awt/Component;)V (117 bytes) @ 0x00000001101fd93c [0x00000001101fbf60+0x19dc]
J 1464 C1 sun.lwawt.macosx.CAccessibility.invokeAndWait(Ljava/util/concurrent/Callable;Ljava/awt/Component;)Ljava/lang/Object; (13 bytes) @ 0x000000011015cd7c [0x000000011015cbe0+0x19c]
j  sun.lwawt.macosx.CAccessibility.getAccessibleRole(Ljavax/accessibility/Accessible;Ljava/awt/Component;)Ljava/lang/String;+15
v  ~StubRoutines::call_stub
J 1574  sun.lwawt.macosx.LWCToolkit.doAWTRunLoopImpl(JZZ)V (0 bytes) @ 0x00000001100487c7 [0x0000000110048780+0x47]
J 1572 C1 sun.lwawt.macosx.LWCToolkit.invokeAndWait(Ljava/lang/Runnable;Ljava/awt/Component;)V (117 bytes) @ 0x00000001101fd93c [0x00000001101fbf60+0x19dc]
J 1464 C1 sun.lwawt.macosx.CAccessibility.invokeAndWait(Ljava/util/concurrent/Callable;Ljava/awt/Component;)Ljava/lang/Object; (13 bytes) @ 0x000000011015cd7c [0x000000011015cbe0+0x19c]
j  sun.lwawt.macosx.CAccessibility.getAccessibleRole(Ljavax/accessibility/Accessible;Ljava/awt/Component;)Ljava/lang/String;+15
v  ~StubRoutines::call_stub
J 1574  sun.lwawt.macosx.LWCToolkit.doAWTRunLoopImpl(JZZ)V (0 bytes) @ 0x00000001100487c7 [0x0000000110048780+0x47]
J 1572 C1 sun.lwawt.macosx.LWCToolkit.invokeAndWait(Ljava/lang/Runnable;Ljava/awt/Component;)V (117 bytes) @ 0x00000001101fd93c [0x00000001101fbf60+0x19dc]
J 1464 C1 sun.lwawt.macosx.CAccessibility.invokeAndWait(Ljava/util/concurrent/Callable;Ljava/awt/Component;)Ljava/lang/Object; (13 bytes) @ 0x000000011015cd7c [0x000000011015cbe0+0x19c]
j  sun.lwawt.macosx.CAccessibility.getAccessibleRole(Ljavax/accessibility/Accessible;Ljava/awt/Component;)Ljava/lang/String;+15
v  ~StubRoutines::call_stub
J 1574  sun.lwawt.macosx.LWCToolkit.doAWTRunLoopImpl(JZZ)V (0 bytes) @ 0x00000001100487c7 [0x0000000110048780+0x47]
J 1572 C1 sun.lwawt.macosx.LWCToolkit.invokeAndWait(Ljava/lang/Runnable;Ljava/awt/Component;)V (117 bytes) @ 0x00000001101fd93c [0x00000001101fbf60+0x19dc]
J 1464 C1 sun.lwawt.macosx.CAccessibility.invokeAndWait(Ljava/util/concurrent/Callable;Ljava/awt/Component;)Ljava/lang/Object; (13 bytes) @ 0x000000011015cd7c [0x000000011015cbe0+0x19c]
j  sun.lwawt.macosx.CAccessibility.getAccessibleRole(Ljavax/accessibility/Accessible;Ljava/awt/Component;)Ljava/lang/String;+15
v  ~StubRoutines::call_stub
J 1574  sun.lwawt.macosx.LWCToolkit.doAWTRunLoopImpl(JZZ)V (0 bytes) @ 0x00000001100487c7 [0x0000000110048780+0x47]
J 1572 C1 sun.lwawt.macosx.LWCToolkit.invokeAndWait(Ljava/lang/Runnable;Ljava/awt/Component;)V (117 bytes) @ 0x00000001101fd93c [0x00000001101fbf60+0x19dc]
J 1464 C1 sun.lwawt.macosx.CAccessibility.invokeAndWait(Ljava/util/concurrent/Callable;Ljava/awt/Component;)Ljava/lang/Object; (13 bytes) @ 0x000000011015cd7c [0x000000011015cbe0+0x19c]
j  sun.lwawt.macosx.CAccessibility.getAccessibleRole(Ljavax/accessibility/Accessible;Ljava/awt/Component;)Ljava/lang/String;+15
v  ~StubRoutines::call_stub
J 1574  sun.lwawt.macosx.LWCToolkit.doAWTRunLoopImpl(JZZ)V (0 bytes) @ 0x00000001100487c7 [0x0000000110048780+0x47]
J 1572 C1 sun.lwawt.macosx.LWCToolkit.invokeAndWait(Ljava/lang/Runnable;Ljava/awt/Component;)V (117 bytes) @ 0x00000001101fd93c [0x00000001101fbf60+0x19dc]
J 1464 C1 sun.lwawt.macosx.CAccessibility.invokeAndWait(Ljava/util/concurrent/Callable;Ljava/awt/Component;)Ljava/lang/Object; (13 bytes) @ 0x000000011015cd7c [0x000000011015cbe0+0x19c]
j  sun.lwawt.macosx.CAccessibility.getAccessibleRole(Ljavax/accessibility/Accessible;Ljava/awt/Component;)Ljava/lang/String;+15
v  ~StubRoutines::call_stub
J 1574  sun.lwawt.macosx.LWCToolkit.doAWTRunLoopImpl(JZZ)V (0 bytes) @ 0x00000001100487c7 [0x0000000110048780+0x47]
J 1572 C1 sun.lwawt.macosx.LWCToolkit.invokeAndWait(Ljava/lang/Runnable;Ljava/awt/Component;)V (117 bytes) @ 0x00000001101fd93c [0x00000001101fbf60+0x19dc]
J 1464 C1 sun.lwawt.macosx.CAccessibility.invokeAndWait(Ljava/util/concurrent/Callable;Ljava/awt/Component;)Ljava/lang/Object; (13 bytes) @ 0x000000011015cd7c [0x000000011015cbe0+0x19c]
j  sun.lwawt.macosx.CAccessibility.getAccessibleRole(Ljavax/accessibility/Accessible;Ljava/awt/Component;)Ljava/lang/String;+15
v  ~StubRoutines::call_stub
J 1574  sun.lwawt.macosx.LWCToolkit.doAWTRunLoopImpl(JZZ)V (0 bytes) @ 0x00000001100487c7 [0x0000000110048780+0x47]
J 1572 C1 sun.lwawt.macosx.LWCToolkit.invokeAndWait(Ljava/lang/Runnable;Ljava/awt/Component;)V (117 bytes) @ 0x00000001101fd93c [0x00000001101fbf60+0x19dc]
J 1464 C1 sun.lwawt.macosx.CAccessibility.invokeAndWait(Ljava/util/concurrent/Callable;Ljava/awt/Component;)Ljava/lang/Object; (13 bytes) @ 0x000000011015cd7c [0x000000011015cbe0+0x19c]
j  sun.lwawt.macosx.CAccessibility.getAccessibleRole(Ljavax/accessibility/Accessible;Ljava/awt/Component;)Ljava/lang/String;+15
v  ~StubRoutines::call_stub
J 1574  sun.lwawt.macosx.LWCToolkit.doAWTRunLoopImpl(JZZ)V (0 bytes) @ 0x00000001100487c7 [0x0000000110048780+0x47]
J 1572 C1 sun.lwawt.macosx.LWCToolkit.invokeAndWait(Ljava/lang/Runnable;Ljava/awt/Component;)V (117 bytes) @ 0x00000001101fd93c [0x00000001101fbf60+0x19dc]
J 1464 C1 sun.lwawt.macosx.CAccessibility.invokeAndWait(Ljava/util/concurrent/Callable;Ljava/awt/Component;)Ljava/lang/Object; (13 bytes) @ 0x000000011015cd7c [0x000000011015cbe0+0x19c]
j  sun.lwawt.macosx.CAccessibility.getAccessibleRole(Ljavax/accessibility/Accessible;Ljava/awt/Component;)Ljava/lang/String;+15
v  ~StubRoutines::call_stub
J 1574  sun.lwawt.macosx.LWCToolkit.doAWTRunLoopImpl(JZZ)V (0 bytes) @ 0x00000001100487c7 [0x0000000110048780+0x47]
J 1572 C1 sun.lwawt.macosx.LWCToolkit.invokeAndWait(Ljava/lang/Runnable;Ljava/awt/Component;)V (117 bytes) @ 0x00000001101fd93c [0x00000001101fbf60+0x19dc]
J 1464 C1 sun.lwawt.macosx.CAccessibility.invokeAndWait(Ljava/util/concurrent/Callable;Ljava/awt/Component;)Ljava/lang/Object; (13 bytes) @ 0x000000011015cd7c [0x000000011015cbe0+0x19c]
j  sun.lwawt.macosx.CAccessibility.getAccessibleIndexInParent(Ljavax/accessibility/Accessible;Ljava/awt/Component;)I+15
v  ~StubRoutines::call_stub
J 1574  sun.lwawt.macosx.LWCToolkit.doAWTRunLoopImpl(JZZ)V (0 bytes) @ 0x00000001100487c7 [0x0000000110048780+0x47]
J 1572 C1 sun.lwawt.macosx.LWCToolkit.invokeAndWait(Ljava/lang/Runnable;Ljava/awt/Component;)V (117 bytes) @ 0x00000001101fd93c [0x00000001101fbf60+0x19dc]
J 1464 C1 sun.lwawt.macosx.CAccessibility.invokeAndWait(Ljava/util/concurrent/Callable;Ljava/awt/Component;)Ljava/lang/Object; (13 bytes) @ 0x000000011015cd7c [0x000000011015cbe0+0x19c]
j  sun.lwawt.macosx.CAccessibility.getAccessibleRole(Ljavax/accessibility/Accessible;Ljava/awt/Component;)Ljava/lang/String;+15
v  ~StubRoutines::call_stub
J 1574  sun.lwawt.macosx.LWCToolkit.doAWTRunLoopImpl(JZZ)V (0 bytes) @ 0x00000001100487c7 [0x0000000110048780+0x47]
J 1572 C1 sun.lwawt.macosx.LWCToolkit.invokeAndWait(Ljava/lang/Runnable;Ljava/awt/Component;)V (117 bytes) @ 0x00000001101fd93c [0x00000001101fbf60+0x19dc]
J 1464 C1 sun.lwawt.macosx.CAccessibility.invokeAndWait(Ljava/util/concurrent/Callable;Ljava/awt/Component;)Ljava/lang/Object; (13 bytes) @ 0x000000011015cd7c [0x000000011015cbe0+0x19c]
j  sun.lwawt.macosx.CAccessibility.getAccessibleRole(Ljavax/accessibility/Accessible;Ljava/awt/Component;)Ljava/lang/String;+15
v  ~StubRoutines::call_stub
J 1574  sun.lwawt.macosx.LWCToolkit.doAWTRunLoopImpl(JZZ)V (0 bytes) @ 0x00000001100487c7 [0x0000000110048780+0x47]
J 1572 C1 sun.lwawt.macosx.LWCToolkit.invokeAndWait(Ljava/lang/Runnable;Ljava/awt/Component;)V (117 bytes) @ 0x00000001101fd93c [0x00000001101fbf60+0x19dc]
J 1464 C1 sun.lwawt.macosx.CAccessibility.invokeAndWait(Ljava/util/concurrent/Callable;Ljava/awt/Component;)Ljava/lang/Object; (13 bytes) @ 0x000000011015cd7c [0x000000011015cbe0+0x19c]
j  sun.lwawt.macosx.CAccessibility.getAccessibleRole(Ljavax/accessibility/Accessible;Ljava/awt/Component;)Ljava/lang/String;+15
v  ~StubRoutines::call_stub
J 1574  sun.lwawt.macosx.LWCToolkit.doAWTRunLoopImpl(JZZ)V (0 bytes) @ 0x00000001100487c7 [0x0000000110048780+0x47]
J 1572 C1 sun.lwawt.macosx.LWCToolkit.invokeAndWait(Ljava/lang/Runnable;Ljava/awt/Component;)V (117 bytes) @ 0x00000001101fd93c [0x00000001101fbf60+0x19dc]
J 1464 C1 sun.lwawt.macosx.CAccessibility.invokeAndWait(Ljava/util/concurrent/Callable;Ljava/awt/Component;)Ljava/lang/Object; (13 bytes) @ 0x000000011015cd7c [0x000000011015cbe0+0x19c]
j  sun.lwawt.macosx.CAccessibility.getAccessibleRole(Ljavax/accessibility/Accessible;Ljava/awt/Component;)Ljava/lang/String;+15
v  ~StubRoutines::call_stub
J 1574  sun.lwawt.macosx.LWCToolkit.doAWTRunLoopImpl(JZZ)V (0 bytes) @ 0x00000001100487c7 [0x0000000110048780+0x47]
J 1572 C1 sun.lwawt.macosx.LWCToolkit.invokeAndWait(Ljava/lang/Runnable;Ljava/awt/Component;)V (117 bytes) @ 0x00000001101fd93c [0x00000001101fbf60+0x19dc]
J 1464 C1 sun.lwawt.macosx.CAccessibility.invokeAndWait(Ljava/util/concurrent/Callable;Ljava/awt/Component;)Ljava/lang/Object; (13 bytes) @ 0x000000011015cd7c [0x000000011015cbe0+0x19c]
j  sun.lwawt.macosx.CAccessibility.getAccessibleRole(Ljavax/accessibility/Accessible;Ljava/awt/Component;)Ljava/lang/String;+15
v  ~StubRoutines::call_stub
J 1574  sun.lwawt.macosx.LWCToolkit.doAWTRunLoopImpl(JZZ)V (0 bytes) @ 0x00000001100487c7 [0x0000000110048780+0x47]
J 1572 C1 sun.lwawt.macosx.LWCToolkit.invokeAndWait(Ljava/lang/Runnable;Ljava/awt/Component;)V (117 bytes) @ 0x00000001101fd93c [0x00000001101fbf60+0x19dc]
J 1464 C1 sun.lwawt.macosx.CAccessibility.invokeAndWait(Ljava/util/concurrent/Callable;Ljava/awt/Component;)Ljava/lang/Object; (13 bytes) @ 0x000000011015cd7c [0x000000011015cbe0+0x19c]
j  sun.lwawt.macosx.CAccessibility.getAccessibleRole(Ljavax/accessibility/Accessible;Ljava/awt/Component;)Ljava/lang/String;+15
v  ~StubRoutines::call_stub
J 1574  sun.lwawt.macosx.LWCToolkit.doAWTRunLoopImpl(JZZ)V (0 bytes) @ 0x00000001100487c7 [0x0000000110048780+0x47]
J 1572 C1 sun.lwawt.macosx.LWCToolkit.invokeAndWait(Ljava/lang/Runnable;Ljava/awt/Component;)V (117 bytes) @ 0x00000001101fd93c [0x00000001101fbf60+0x19dc]
J 1464 C1 sun.lwawt.macosx.CAccessibility.invokeAndWait(Ljava/util/concurrent/Callable;Ljava/awt/Component;)Ljava/lang/Object; (13 bytes) @ 0x000000011015cd7c [0x000000011015cbe0+0x19c]
j  sun.lwawt.macosx.CAccessibility.getAccessibleRole(Ljavax/accessibility/Accessible;Ljava/awt/Component;)Ljava/lang/String;+15
v  ~StubRoutines::call_stub
J 1574  sun.lwawt.macosx.LWCToolkit.doAWTRunLoopImpl(JZZ)V (0 bytes) @ 0x00000001100487c7 [0x0000000110048780+0x47]
J 1572 C1 sun.lwawt.macosx.LWCToolkit.invokeAndWait(Ljava/lang/Runnable;Ljava/awt/Component;)V (117 bytes) @ 0x00000001101fd93c [0x00000001101fbf60+0x19dc]
J 1464 C1 sun.lwawt.macosx.CAccessibility.invokeAndWait(Ljava/util/concurrent/Callable;Ljava/awt/Component;)Ljava/lang/Object; (13 bytes) @ 0x000000011015cd7c [0x000000011015cbe0+0x19c]
j  sun.lwawt.macosx.CAccessibility.getAccessibleRole(Ljavax/accessibility/Accessible;Ljava/awt/Component;)Ljava/lang/String;+15
v  ~StubRoutines::call_stub
J 1574  sun.lwawt.macosx.LWCToolkit.doAWTRunLoopImpl(JZZ)V (0 bytes) @ 0x00000001100487c7 [0x0000000110048780+0x47]
J 1572 C1 sun.lwawt.macosx.LWCToolkit.invokeAndWait(Ljava/lang/Runnable;Ljava/awt/Component;)V (117 bytes) @ 0x00000001101fd93c [0x00000001101fbf60+0x19dc]
J 1464 C1 sun.lwawt.macosx.CAccessibility.invokeAndWait(Ljava/util/concurrent/Callable;Ljava/awt/Component;)Ljava/lang/Object; (13 bytes) @ 0x000000011015cd7c [0x000000011015cbe0+0x19c]
j  sun.lwawt.macosx.CAccessibility.getAccessibleRole(Ljavax/accessibility/Accessible;Ljava/awt/Component;)Ljava/lang/String;+15
v  ~StubRoutines::call_stub
J 1574  sun.lwawt.macosx.LWCToolkit.doAWTRunLoopImpl(JZZ)V (0 bytes) @ 0x00000001100487c7 [0x0000000110048780+0x47]
J 1572 C1 sun.lwawt.macosx.LWCToolkit.invokeAndWait(Ljava/lang/Runnable;Ljava/awt/Component;)V (117 bytes) @ 0x00000001101fd93c [0x00000001101fbf60+0x19dc]
J 1464 C1 sun.lwawt.macosx.CAccessibility.invokeAndWait(Ljava/util/concurrent/Callable;Ljava/awt/Component;)Ljava/lang/Object; (13 bytes) @ 0x000000011015cd7c [0x000000011015cbe0+0x19c]
j  sun.lwawt.macosx.CAccessibility.getAccessibleRole(Ljavax/accessibility/Accessible;Ljava/awt/Component;)Ljava/lang/String;+15
v  ~StubRoutines::call_stub
J 1574  sun.lwawt.macosx.LWCToolkit.doAWTRunLoopImpl(JZZ)V (0 bytes) @ 0x00000001100487c7 [0x0000000110048780+0x47]
J 1572 C1 sun.lwawt.macosx.LWCToolkit.invokeAndWait(Ljava/lang/Runnable;Ljava/awt/Component;)V (117 bytes) @ 0x00000001101fd93c [0x00000001101fbf60+0x19dc]
J 1464 C1 sun.lwawt.macosx.CAccessibility.invokeAndWait(Ljava/util/concurrent/Callable;Ljava/awt/Component;)Ljava/lang/Object; (13 bytes) @ 0x000000011015cd7c [0x000000011015cbe0+0x19c]
j  sun.lwawt.macosx.CAccessibility.getAccessibleRole(Ljavax/accessibility/Accessible;Ljava/awt/Component;)Ljava/lang/String;+15
v  ~StubRoutines::call_stub
J 1574  sun.lwawt.macosx.LWCToolkit.doAWTRunLoopImpl(JZZ)V (0 bytes) @ 0x00000001100487c7 [0x0000000110048780+0x47]
J 1572 C1 sun.lwawt.macosx.LWCToolkit.invokeAndWait(Ljava/lang/Runnable;Ljava/awt/Component;)V (117 bytes) @ 0x00000001101fd93c [0x00000001101fbf60+0x19dc]
J 1464 C1 sun.lwawt.macosx.CAccessibility.invokeAndWait(Ljava/util/concurrent/Callable;Ljava/awt/Component;)Ljava/lang/Object; (13 bytes) @ 0x000000011015cd7c [0x000000011015cbe0+0x19c]
j  sun.lwawt.macosx.CAccessibility.getAccessibleRole(Ljavax/accessibility/Accessible;Ljava/awt/Component;)Ljava/lang/String;+15
v  ~StubRoutines::call_stub
J 1574  sun.lwawt.macosx.LWCToolkit.doAWTRunLoopImpl(JZZ)V (0 bytes) @ 0x00000001100487c7 [0x0000000110048780+0x47]
J 1572 C1 sun.lwawt.macosx.LWCToolkit.invokeAndWait(Ljava/lang/Runnable;Ljava/awt/Component;)V (117 bytes) @ 0x00000001101fd93c [0x00000001101fbf60+0x19dc]
J 1464 C1 sun.lwawt.macosx.CAccessibility.invokeAndWait(Ljava/util/concurrent/Callable;Ljava/awt/Component;)Ljava/lang/Object; (13 bytes) @ 0x000000011015cd7c [0x000000011015cbe0+0x19c]
j  sun.lwawt.macosx.CAccessibility.getAccessibleRole(Ljavax/accessibility/Accessible;Ljava/awt/Component;)Ljava/lang/String;+15
v  ~StubRoutines::call_stub
J 1574  sun.lwawt.macosx.LWCToolkit.doAWTRunLoopImpl(JZZ)V (0 bytes) @ 0x00000001100487c7 [0x0000000110048780+0x47]
J 1572 C1 sun.lwawt.macosx.LWCToolkit.invokeAndWait(Ljava/lang/Runnable;Ljava/awt/Component;)V (117 bytes) @ 0x00000001101fd93c [0x00000001101fbf60+0x19dc]
J 1464 C1 sun.lwawt.macosx.CAccessibility.invokeAndWait(Ljava/util/concurrent/Callable;Ljava/awt/Component;)Ljava/lang/Object; (13 bytes) @ 0x000000011015cd7c [0x000000011015cbe0+0x19c]
j  sun.lwawt.macosx.CAccessibility.getAccessibleIndexInParent(Ljavax/accessibility/Accessible;Ljava/awt/Component;)I+15
v  ~StubRoutines::call_stub
J 1574  sun.lwawt.macosx.LWCToolkit.doAWTRunLoopImpl(JZZ)V (0 bytes) @ 0x00000001100487c7 [0x0000000110048780+0x47]
J 1572 C1 sun.lwawt.macosx.LWCToolkit.invokeAndWait(Ljava/lang/Runnable;Ljava/awt/Component;)V (117 bytes) @ 0x00000001101fd93c [0x00000001101fbf60+0x19dc]
J 1464 C1 sun.lwawt.macosx.CAccessibility.invokeAndWait(Ljava/util/concurrent/Callable;Ljava/awt/Component;)Ljava/lang/Object; (13 bytes) @ 0x000000011015cd7c [0x000000011015cbe0+0x19c]
j  sun.lwawt.macosx.CAccessibility.getAccessibleRole(Ljavax/accessibility/Accessible;Ljava/awt/Component;)Ljava/lang/String;+15
v  ~StubRoutines::call_stub
J 1574  sun.lwawt.macosx.LWCToolkit.doAWTRunLoopImpl(JZZ)V (0 bytes) @ 0x00000001100487c7 [0x0000000110048780+0x47]
J 1572 C1 sun.lwawt.macosx.LWCToolkit.invokeAndWait(Ljava/lang/Runnable;Ljava/awt/Component;)V (117 bytes) @ 0x00000001101fd93c [0x00000001101fbf60+0x19dc]
J 1464 C1 sun.lwawt.macosx.CAccessibility.invokeAndWait(Ljava/util/concurrent/Callable;Ljava/awt/Component;)Ljava/lang/Object; (13 bytes) @ 0x000000011015cd7c [0x000000011015cbe0+0x19c]
j  sun.lwawt.macosx.CAccessibility.getAccessibleIndexInParent(Ljavax/accessibility/Accessible;Ljava/awt/Component;)I+15
v  ~StubRoutines::call_stub
J 1574  sun.lwawt.macosx.LWCToolkit.doAWTRunLoopImpl(JZZ)V (0 bytes) @ 0x00000001100487c7 [0x0000000110048780+0x47]
J 1572 C1 sun.lwawt.macosx.LWCToolkit.invokeAndWait(Ljava/lang/Runnable;Ljava/awt/Component;)V (117 bytes) @ 0x00000001101fd93c [0x00000001101fbf60+0x19dc]
J 1464 C1 sun.lwawt.macosx.CAccessibility.invokeAndWait(Ljava/util/concurrent/Callable;Ljava/awt/Component;)Ljava/lang/Object; (13 bytes) @ 0x000000011015cd7c [0x000000011015cbe0+0x19c]
j  sun.lwawt.macosx.CAccessibility.getAccessibleValue(Ljavax/accessibility/Accessible;Ljava/awt/Component;)Ljavax/accessibility/AccessibleValue;+15
v  ~StubRoutines::call_stub
J 1574  sun.lwawt.macosx.LWCToolkit.doAWTRunLoopImpl(JZZ)V (0 bytes) @ 0x00000001100487c7 [0x0000000110048780+0x47]
J 1572 C1 sun.lwawt.macosx.LWCToolkit.invokeAndWait(Ljava/lang/Runnable;Ljava/awt/Component;)V (117 bytes) @ 0x00000001101fd93c [0x00000001101fbf60+0x19dc]
J 1464 C1 sun.lwawt.macosx.CAccessibility.invokeAndWait(Ljava/util/concurrent/Callable;Ljava/awt/Component;)Ljava/lang/Object; (13 bytes) @ 0x000000011015cd7c [0x000000011015cbe0+0x19c]
j  sun.lwawt.macosx.CAccessibility.getAccessibleIndexInParent(Ljavax/accessibility/Accessible;Ljava/awt/Component;)I+15
v  ~StubRoutines::call_stub
J 1574  sun.lwawt.macosx.LWCToolkit.doAWTRunLoopImpl(JZZ)V (0 bytes) @ 0x00000001100487c7 [0x0000000110048780+0x47]
J 1572 C1 sun.lwawt.macosx.LWCToolkit.invokeAndWait(Ljava/lang/Runnable;Ljava/awt/Component;)V (117 bytes) @ 0x00000001101fd93c [0x00000001101fbf60+0x19dc]
J 1464 C1 sun.lwawt.macosx.CAccessibility.invokeAndWait(Ljava/util/concurrent/Callable;Ljava/awt/Component;)Ljava/lang/Object; (13 bytes) @ 0x000000011015cd7c [0x000000011015cbe0+0x19c]
j  sun.lwawt.macosx.CAccessibility.getAccessibleRole(Ljavax/accessibility/Accessible;Ljava/awt/Component;)Ljava/lang/String;+15
v  ~StubRoutines::call_stub
J 1574  sun.lwawt.macosx.LWCToolkit.doAWTRunLoopImpl(JZZ)V (0 bytes) @ 0x00000001100487c7 [0x0000000110048780+0x47]
J 1572 C1 sun.lwawt.macosx.LWCToolkit.invokeAndWait(Ljava/lang/Runnable;Ljava/awt/Component;)V (117 bytes) @ 0x00000001101fd93c [0x00000001101fbf60+0x19dc]
J 1464 C1 sun.lwawt.macosx.CAccessibility.invokeAndWait(Ljava/util/concurrent/Callable;Ljava/awt/Component;)Ljava/lang/Object; (13 bytes) @ 0x000000011015cd7c [0x000000011015cbe0+0x19c]
j  sun.lwawt.macosx.CAccessibility.getAccessibleRole(Ljavax/accessibility/Accessible;Ljava/awt/Component;)Ljava/lang/String;+15
v  ~StubRoutines::call_stub
J 1574  sun.lwawt.macosx.LWCToolkit.doAWTRunLoopImpl(JZZ)V (0 bytes) @ 0x00000001100487c7 [0x0000000110048780+0x47]
J 1572 C1 sun.lwawt.macosx.LWCToolkit.invokeAndWait(Ljava/lang/Runnable;Ljava/awt/Component;)V (117 bytes) @ 0x00000001101fd93c [0x00000001101fbf60+0x19dc]
J 1464 C1 sun.lwawt.macosx.CAccessibility.invokeAndWait(Ljava/util/concurrent/Callable;Ljava/awt/Component;)Ljava/lang/Object; (13 bytes) @ 0x000000011015cd7c [0x000000011015cbe0+0x19c]
j  sun.lwawt.macosx.CAccessibility.getAccessibleRole(Ljavax/accessibility/Accessible;Ljava/awt/Component;)Ljava/lang/String;+15
v  ~StubRoutines::call_stub
J 1574  sun.lwawt.macosx.LWCToolkit.doAWTRunLoopImpl(JZZ)V (0 bytes) @ 0x00000001100487c7 [0x0000000110048780+0x47]
J 1572 C1 sun.lwawt.macosx.LWCToolkit.invokeAndWait(Ljava/lang/Runnable;Ljava/awt/Component;)V (117 bytes) @ 0x00000001101fd93c [0x00000001101fbf60+0x19dc]
J 1464 C1 sun.lwawt.macosx.CAccessibility.invokeAndWait(Ljava/util/concurrent/Callable;Ljava/awt/Component;)Ljava/lang/Object; (13 bytes) @ 0x000000011015cd7c [0x000000011015cbe0+0x19c]
j  sun.lwawt.macosx.CAccessibility.getAccessibleRole(Ljavax/accessibility/Accessible;Ljava/awt/Component;)Ljava/lang/String;+15
v  ~StubRoutines::call_stub
J 1574  sun.lwawt.macosx.LWCToolkit.doAWTRunLoopImpl(JZZ)V (0 bytes) @ 0x00000001100487c7 [0x0000000110048780+0x47]
J 1572 C1 sun.lwawt.macosx.LWCToolkit.invokeAndWait(Ljava/lang/Runnable;Ljava/awt/Component;)V (117 bytes) @ 0x00000001101fd93c [0x00000001101fbf60+0x19dc]
J 1464 C1 sun.lwawt.macosx.CAccessibility.invokeAndWait(Ljava/util/concurrent/Callable;Ljava/awt/Component;)Ljava/lang/Object; (13 bytes) @ 0x000000011015cd7c [0x000000011015cbe0+0x19c]
j  sun.lwawt.macosx.CAccessibility.getAccessibleValue(Ljavax/accessibility/Accessible;Ljava/awt/Component;)Ljavax/accessibility/AccessibleValue;+15
v  ~StubRoutines::call_stub
J 1574  sun.lwawt.macosx.LWCToolkit.doAWTRunLoopImpl(JZZ)V (0 bytes) @ 0x00000001100487c7 [0x0000000110048780+0x47]
J 1572 C1 sun.lwawt.macosx.LWCToolkit.invokeAndWait(Ljava/lang/Runnable;Ljava/awt/Component;)V (117 bytes) @ 0x00000001101fd93c [0x00000001101fbf60+0x19dc]
J 1464 C1 sun.lwawt.macosx.CAccessibility.invokeAndWait(Ljava/util/concurrent/Callable;Ljava/awt/Component;)Ljava/lang/Object; (13 bytes) @ 0x000000011015cd7c [0x000000011015cbe0+0x19c]
j  sun.lwawt.macosx.CAccessibility.getAccessibleName(Ljavax/accessibility/Accessible;Ljava/awt/Component;)Ljava/lang/String;+15
v  ~StubRoutines::call_stub
J 1574  sun.lwawt.macosx.LWCToolkit.doAWTRunLoopImpl(JZZ)V (0 bytes) @ 0x00000001100487c7 [0x0000000110048780+0x47]
J 1572 C1 sun.lwawt.macosx.LWCToolkit.invokeAndWait(Ljava/lang/Runnable;Ljava/awt/Component;)V (117 bytes) @ 0x00000001101fd93c [0x00000001101fbf60+0x19dc]
J 1464 C1 sun.lwawt.macosx.CAccessibility.invokeAndWait(Ljava/util/concurrent/Callable;Ljava/awt/Component;)Ljava/lang/Object; (13 bytes) @ 0x000000011015cd7c [0x000000011015cbe0+0x19c]
j  sun.lwawt.macosx.CAccessibility.getAccessibleRole(Ljavax/accessibility/Accessible;Ljava/awt/Component;)Ljava/lang/String;+15
v  ~StubRoutines::call_stub
J 1574  sun.lwawt.macosx.LWCToolkit.doAWTRunLoopImpl(JZZ)V (0 bytes) @ 0x00000001100487c7 [0x0000000110048780+0x47]
J 1572 C1 sun.lwawt.macosx.LWCToolkit.invokeAndWait(Ljava/lang/Runnable;Ljava/awt/Component;)V (117 bytes) @ 0x00000001101fd93c [0x00000001101fbf60+0x19dc]
J 1464 C1 sun.lwawt.macosx.CAccessibility.invokeAndWait(Ljava/util/concurrent/Callable;Ljava/awt/Component;)Ljava/lang/Object; (13 bytes) @ 0x000000011015cd7c [0x000000011015cbe0+0x19c]
j  sun.lwawt.macosx.CAccessibility.getAccessibleIndexInParent(Ljavax/accessibility/Accessible;Ljava/awt/Component;)I+15
v  ~StubRoutines::call_stub
J 1574  sun.lwawt.macosx.LWCToolkit.doAWTRunLoopImpl(JZZ)V (0 bytes) @ 0x00000001100487c7 [0x0000000110048780+0x47]
J 1572 C1 sun.lwawt.macosx.LWCToolkit.invokeAndWait(Ljava/lang/Runnable;Ljava/awt/Component;)V (117 bytes) @ 0x00000001101fd93c [0x00000001101fbf60+0x19dc]
J 1464 C1 sun.lwawt.macosx.CAccessibility.invokeAndWait(Ljava/util/concurrent/Callable;Ljava/awt/Component;)Ljava/lang/Object; (13 bytes) @ 0x000000011015cd7c [0x000000011015cbe0+0x19c]
j  sun.lwawt.macosx.CAccessibility.getAccessibleRole(Ljavax/accessibility/Accessible;Ljava/awt/Component;)Ljava/lang/String;+15
v  ~StubRoutines::call_stub
J 1574  sun.lwawt.macosx.LWCToolkit.doAWTRunLoopImpl(JZZ)V (0 bytes) @ 0x00000001100487c7 [0x0000000110048780+0x47]
J 1572 C1 sun.lwawt.macosx.LWCToolkit.invokeAndWait(Ljava/lang/Runnable;Ljava/awt/Component;)V (117 bytes) @ 0x00000001101fd93c [0x00000001101fbf60+0x19dc]
J 1464 C1 sun.lwawt.macosx.CAccessibility.invokeAndWait(Ljava/util/concurrent/Callable;Ljava/awt/Component;)Ljava/lang/Object; (13 bytes) @ 0x000000011015cd7c [0x000000011015cbe0+0x19c]
j  sun.lwawt.macosx.CAccessibility.getAccessibleRole(Ljavax/accessibility/Accessible;Ljava/awt/Component;)Ljava/lang/String;+15
v  ~StubRoutines::call_stub
J 1574  sun.lwawt.macosx.LWCToolkit.doAWTRunLoopImpl(JZZ)V (0 bytes) @ 0x00000001100487c7 [0x0000000110048780+0x47]
J 1572 C1 sun.lwawt.macosx.LWCToolkit.invokeAndWait(Ljava/lang/Runnable;Ljava/awt/Component;)V (117 bytes) @ 0x00000001101fd93c [0x00000001101fbf60+0x19dc]
J 1464 C1 sun.lwawt.macosx.CAccessibility.invokeAndWait(Ljava/util/concurrent/Callable;Ljava/awt/Component;)Ljava/lang/Object; (13 bytes) @ 0x000000011015cd7c [0x000000011015cbe0+0x19c]
j  sun.lwawt.macosx.CAccessibility.getAccessibleValue(Ljavax/accessibility/Accessible;Ljava/awt/Component;)Ljavax/accessibility/AccessibleValue;+15
v  ~StubRoutines::call_stub
J 1574  sun.lwawt.macosx.LWCToolkit.doAWTRunLoopImpl(JZZ)V (0 bytes) @ 0x00000001100487c7 [0x0000000110048780+0x47]
J 1572 C1 sun.lwawt.macosx.LWCToolkit.invokeAndWait(Ljava/lang/Runnable;Ljava/awt/Component;)V (117 bytes) @ 0x00000001101fd93c [0x00000001101fbf60+0x19dc]
J 1464 C1 sun.lwawt.macosx.CAccessibility.invokeAndWait(Ljava/util/concurrent/Callable;Ljava/awt/Component;)Ljava/lang/Object; (13 bytes) @ 0x000000011015cd7c [0x000000011015cbe0+0x19c]
j  sun.lwawt.macosx.CAccessibility.getAccessibleValue(Ljavax/accessibility/Accessible;Ljava/awt/Component;)Ljavax/accessibility/AccessibleValue;+15
v  ~StubRoutines::call_stub
J 1574  sun.lwawt.macosx.LWCToolkit.doAWTRunLoopImpl(JZZ)V (0 bytes) @ 0x00000001100487c7 [0x0000000110048780+0x47]
J 1572 C1 sun.lwawt.macosx.LWCToolkit.invokeAndWait(Ljava/lang/Runnable;Ljava/awt/Component;)V (117 bytes) @ 0x00000001101fd93c [0x00000001101fbf60+0x19dc]
J 1464 C1 sun.lwawt.macosx.CAccessibility.invokeAndWait(Ljava/util/concurrent/Callable;Ljava/awt/Component;)Ljava/lang/Object; (13 bytes) @ 0x000000011015cd7c [0x000000011015cbe0+0x19c]
j  sun.lwawt.macosx.CAccessibility.getAccessibleRole(Ljavax/accessibility/Accessible;Ljava/awt/Component;)Ljava/lang/String;+15
v  ~StubRoutines::call_stub
J 1574  sun.lwawt.macosx.LWCToolkit.doAWTRunLoopImpl(JZZ)V (0 bytes) @ 0x00000001100487c7 [0x0000000110048780+0x47]
J 1572 C1 sun.lwawt.macosx.LWCToolkit.invokeAndWait(Ljava/lang/Runnable;Ljava/awt/Component;)V (117 bytes) @ 0x00000001101fd93c [0x00000001101fbf60+0x19dc]
J 1464 C1 sun.lwawt.macosx.CAccessibility.invokeAndWait(Ljava/util/concurrent/Callable;Ljava/awt/Component;)Ljava/lang/Object; (13 bytes) @ 0x000000011015cd7c [0x000000011015cbe0+0x19c]
j  sun.lwawt.macosx.CAccessibility.getAccessibleRole(Ljavax/accessibility/Accessible;Ljava/awt/Component;)Ljava/lang/String;+15
v  ~StubRoutines::call_stub
J 1574  sun.lwawt.macosx.LWCToolkit.doAWTRunLoopImpl(JZZ)V (0 bytes) @ 0x00000001100487c7 [0x0000000110048780+0x47]
J 1572 C1 sun.lwawt.macosx.LWCToolkit.invokeAndWait(Ljava/lang/Runnable;Ljava/awt/Component;)V (117 bytes) @ 0x00000001101fd93c [0x00000001101fbf60+0x19dc]
J 1464 C1 sun.lwawt.macosx.CAccessibility.invokeAndWait(Ljava/util/concurrent/Callable;Ljava/awt/Component;)Ljava/lang/Object; (13 bytes) @ 0x000000011015cd7c [0x000000011015cbe0+0x19c]
j  sun.lwawt.macosx.CAccessibility.getAccessibleRole(Ljavax/accessibility/Accessible;Ljava/awt/Component;)Ljava/lang/String;+15
v  ~StubRoutines::call_stub
J 1574  sun.lwawt.macosx.LWCToolkit.doAWTRunLoopImpl(JZZ)V (0 bytes) @ 0x00000001100487c7 [0x0000000110048780+0x47]
J 1572 C1 sun.lwawt.macosx.LWCToolkit.invokeAndWait(Ljava/lang/Runnable;Ljava/awt/Component;)V (117 bytes) @ 0x00000001101fd93c [0x00000001101fbf60+0x19dc]
J 1464 C1 sun.lwawt.macosx.CAccessibility.invokeAndWait(Ljava/util/concurrent/Callable;Ljava/awt/Component;)Ljava/lang/Object; (13 bytes) @ 0x000000011015cd7c [0x000000011015cbe0+0x19c]
j  sun.lwawt.macosx.CAccessibility.getAccessibleRole(Ljavax/accessibility/Accessible;Ljava/awt/Component;)Ljava/lang/String;+15
v  ~StubRoutines::call_stub
J 1574  sun.lwawt.macosx.LWCToolkit.doAWTRunLoopImpl(JZZ)V (0 bytes) @ 0x00000001100487c7 [0x0000000110048780+0x47]
J 1572 C1 sun.lwawt.macosx.LWCToolkit.invokeAndWait(Ljava/lang/Runnable;Ljava/awt/Component;)V (117 bytes) @ 0x00000001101fd93c [0x00000001101fbf60+0x19dc]
J 1464 C1 sun.lwawt.macosx.CAccessibility.invokeAndWait(Ljava/util/concurrent/Callable;Ljava/awt/Component;)Ljava/lang/Object; (13 bytes) @ 0x000000011015cd7c [0x000000011015cbe0+0x19c]
j  sun.lwawt.macosx.CAccessibility.getAccessibleValue(Ljavax/accessibility/Accessible;Ljava/awt/Component;)Ljavax/accessibility/AccessibleValue;+15
v  ~StubRoutines::call_stub
J 1574  sun.lwawt.macosx.LWCToolkit.doAWTRunLoopImpl(JZZ)V (0 bytes) @ 0x00000001100487c7 [0x0000000110048780+0x47]
J 1572 C1 sun.lwawt.macosx.LWCToolkit.invokeAndWait(Ljava/lang/Runnable;Ljava/awt/Component;)V (117 bytes) @ 0x00000001101fd93c [0x00000001101fbf60+0x19dc]
J 1464 C1 sun.lwawt.macosx.CAccessibility.invokeAndWait(Ljava/util/concurrent/Callable;Ljava/awt/Component;)Ljava/lang/Object; (13 bytes) @ 0x000000011015cd7c [0x000000011015cbe0+0x19c]
j  sun.lwawt.macosx.CAccessibility.getAccessibleIndexInParent(Ljavax/accessibility/Accessible;Ljava/awt/Component;)I+15
v  ~StubRoutines::call_stub
J 1574  sun.lwawt.macosx.LWCToolkit.doAWTRunLoopImpl(JZZ)V (0 bytes) @ 0x00000001100487c7 [0x0000000110048780+0x47]
J 1572 C1 sun.lwawt.macosx.LWCToolkit.invokeAndWait(Ljava/lang/Runnable;Ljava/awt/Component;)V (117 bytes) @ 0x00000001101fd93c [0x00000001101fbf60+0x19dc]
J 1464 C1 sun.lwawt.macosx.CAccessibility.invokeAndWait(Ljava/util/concurrent/Callable;Ljava/awt/Component;)Ljava/lang/Object; (13 bytes) @ 0x000000011015cd7c [0x000000011015cbe0+0x19c]
j  sun.lwawt.macosx.CAccessibility.getAccessibleName(Ljavax/accessibility/Accessible;Ljava/awt/Component;)Ljava/lang/String;+15
v  ~StubRoutines::call_stub
J 1574  sun.lwawt.macosx.LWCToolkit.doAWTRunLoopImpl(JZZ)V (0 bytes) @ 0x00000001100487c7 [0x0000000110048780+0x47]
J 1572 C1 sun.lwawt.macosx.LWCToolkit.invokeAndWait(Ljava/lang/Runnable;Ljava/awt/Component;)V (117 bytes) @ 0x00000001101fd93c [0x00000001101fbf60+0x19dc]
J 1464 C1 sun.lwawt.macosx.CAccessibility.invokeAndWait(Ljava/util/concurrent/Callable;Ljava/awt/Component;)Ljava/lang/Object; (13 bytes) @ 0x000000011015cd7c [0x000000011015cbe0+0x19c]
j  sun.lwawt.macosx.CAccessibility.getAccessibleRole(Ljavax/accessibility/Accessible;Ljava/awt/Component;)Ljava/lang/String;+15
v  ~StubRoutines::call_stub
J 1574  sun.lwawt.macosx.LWCToolkit.doAWTRunLoopImpl(JZZ)V (0 bytes) @ 0x00000001100487c7 [0x0000000110048780+0x47]
J 1572 C1 sun.lwawt.macosx.LWCToolkit.invokeAndWait(Ljava/lang/Runnable;Ljava/awt/Component;)V (117 bytes) @ 0x00000001101fd93c [0x00000001101fbf60+0x19dc]
J 1464 C1 sun.lwawt.macosx.CAccessibility.invokeAndWait(Ljava/util/concurrent/Callable;Ljava/awt/Component;)Ljava/lang/Object; (13 bytes) @ 0x000000011015cd7c [0x000000011015cbe0+0x19c]
j  sun.lwawt.macosx.CAccessibility.getAccessibleRole(Ljavax/accessibility/Accessible;Ljava/awt/Component;)Ljava/lang/String;+15
v  ~StubRoutines::call_stub
J 1574  sun.lwawt.macosx.LWCToolkit.doAWTRunLoopImpl(JZZ)V (0 bytes) @ 0x00000001100487c7 [0x0000000110048780+0x47]
J 1572 C1 sun.lwawt.macosx.LWCToolkit.invokeAndWait(Ljava/lang/Runnable;Ljava/awt/Component;)V (117 bytes) @ 0x00000001101fd93c [0x00000001101fbf60+0x19dc]
J 1464 C1 sun.lwawt.macosx.CAccessibility.invokeAndWait(Ljava/util/concurrent/Callable;Ljava/awt/Component;)Ljava/lang/Object; (13 bytes) @ 0x000000011015cd7c [0x000000011015cbe0+0x19c]
j  sun.lwawt.macosx.CAccessibility.getAccessibleName(Ljavax/accessibility/Accessible;Ljava/awt/Component;)Ljava/lang/String;+15
v  ~StubRoutines::call_stub
J 1574  sun.lwawt.macosx.LWCToolkit.doAWTRunLoopImpl(JZZ)V (0 bytes) @ 0x00000001100487c7 [0x0000000110048780+0x47]
J 1572 C1 sun.lwawt.macosx.LWCToolkit.invokeAndWait(Ljava/lang/Runnable;Ljava/awt/Component;)V (117 bytes) @ 0x00000001101fd93c [0x00000001101fbf60+0x19dc]
J 1464 C1 sun.lwawt.macosx.CAccessibility.invokeAndWait(Ljava/util/concurrent/Callable;Ljava/awt/Component;)Ljava/lang/Object; (13 bytes) @ 0x000000011015cd7c [0x000000011015cbe0+0x19c]
j  sun.lwawt.macosx.CAccessibility.getAccessibleValue(Ljavax/accessibility/Accessible;Ljava/awt/Component;)Ljavax/accessibility/AccessibleValue;+15
v  ~StubRoutines::call_stub
J 1574  sun.lwawt.macosx.LWCToolkit.doAWTRunLoopImpl(JZZ)V (0 bytes) @ 0x00000001100487c7 [0x0000000110048780+0x47]
J 1572 C1 sun.lwawt.macosx.LWCToolkit.invokeAndWait(Ljava/lang/Runnable;Ljava/awt/Component;)V (117 bytes) @ 0x00000001101fd93c [0x00000001101fbf60+0x19dc]
J 1464 C1 sun.lwawt.macosx.CAccessibility.invokeAndWait(Ljava/util/concurrent/Callable;Ljava/awt/Component;)Ljava/lang/Object; (13 bytes) @ 0x000000011015cd7c [0x000000011015cbe0+0x19c]
j  sun.lwawt.macosx.CAccessibility.getAccessibleRole(Ljavax/accessibility/Accessible;Ljava/awt/Component;)Ljava/lang/String;+15
v  ~StubRoutines::call_stub
J 1574  sun.lwawt.macosx.LWCToolkit.doAWTRunLoopImpl(JZZ)V (0 bytes) @ 0x00000001100487c7 [0x0000000110048780+0x47]
J 1572 C1 sun.lwawt.macosx.LWCToolkit.invokeAndWait(Ljava/lang/Runnable;Ljava/awt/Component;)V (117 bytes) @ 0x00000001101fd93c [0x00000001101fbf60+0x19dc]
J 1464 C1 sun.lwawt.macosx.CAccessibility.invokeAndWait(Ljava/util/concurrent/Callable;Ljava/awt/Component;)Ljava/lang/Object; (13 bytes) @ 0x000000011015cd7c [0x000000011015cbe0+0x19c]
j  sun.lwawt.macosx.CAccessibility.getAccessibleRole(Ljavax/accessibility/Accessible;Ljava/awt/Component;)Ljava/lang/String;+15
v  ~StubRoutines::call_stub
J 1574  sun.lwawt.macosx.LWCToolkit.doAWTRunLoopImpl(JZZ)V (0 bytes) @ 0x00000001100487c7 [0x0000000110048780+0x47]
J 1572 C1 sun.lwawt.macosx.LWCToolkit.invokeAndWait(Ljava/lang/Runnable;Ljava/awt/Component;)V (117 bytes) @ 0x00000001101fd93c [0x00000001101fbf60+0x19dc]
J 1464 C1 sun.lwawt.macosx.CAccessibility.invokeAndWait(Ljava/util/concurrent/Callable;Ljava/awt/Component;)Ljava/lang/Object; (13 bytes) @ 0x000000011015cd7c [0x000000011015cbe0+0x19c]
j  sun.lwawt.macosx.CAccessibility.getAccessibleRole(Ljavax/accessibility/Accessible;Ljava/awt/Component;)Ljava/lang/String;+15
v  ~StubRoutines::call_stub
J 1574  sun.lwawt.macosx.LWCToolkit.doAWTRunLoopImpl(JZZ)V (0 bytes) @ 0x00000001100487c7 [0x0000000110048780+0x47]
J 1572 C1 sun.lwawt.macosx.LWCToolkit.invokeAndWait(Ljava/lang/Runnable;Ljava/awt/Component;)V (117 bytes) @ 0x00000001101fd93c [0x00000001101fbf60+0x19dc]
J 1464 C1 sun.lwawt.macosx.CAccessibility.invokeAndWait(Ljava/util/concurrent/Callable;Ljava/awt/Component;)Ljava/lang/Object; (13 bytes) @ 0x000000011015cd7c [0x000000011015cbe0+0x19c]
j  sun.lwawt.macosx.CAccessibility.getAccessibleRole(Ljavax/accessibility/Accessible;Ljava/awt/Component;)Ljava/lang/String;+15
v  ~StubRoutines::call_stub
J 1574  sun.lwawt.macosx.LWCToolkit.doAWTRunLoopImpl(JZZ)V (0 bytes) @ 0x00000001100487c7 [0x0000000110048780+0x47]
J 1572 C1 sun.lwawt.macosx.LWCToolkit.invokeAndWait(Ljava/lang/Runnable;Ljava/awt/Component;)V (117 bytes) @ 0x00000001101fd93c [0x00000001101fbf60+0x19dc]
J 1464 C1 sun.lwawt.macosx.CAccessibility.invokeAndWait(Ljava/util/concurrent/Callable;Ljava/awt/Component;)Ljava/lang/Object; (13 bytes) @ 0x000000011015cd7c [0x000000011015cbe0+0x19c]
j  sun.lwawt.macosx.CAccessibility.getAccessibleRole(Ljavax/accessibility/Accessible;Ljava/awt/Component;)Ljava/lang/String;+15
v  ~StubRoutines::call_stub
J 1574  sun.lwawt.macosx.LWCToolkit.doAWTRunLoopImpl(JZZ)V (0 bytes) @ 0x00000001100487c7 [0x0000000110048780+0x47]
J 1572 C1 sun.lwawt.macosx.LWCToolkit.invokeAndWait(Ljava/lang/Runnable;Ljava/awt/Component;)V (117 bytes) @ 0x00000001101fd93c [0x00000001101fbf60+0x19dc]
J 1464 C1 sun.lwawt.macosx.CAccessibility.invokeAndWait(Ljava/util/concurrent/Callable;Ljava/awt/Component;)Ljava/lang/Object; (13 bytes) @ 0x000000011015cd7c [0x000000011015cbe0+0x19c]
j  sun.lwawt.macosx.CAccessibility.getAccessibleRole(Ljavax/accessibility/Accessible;Ljava/awt/Component;)Ljava/lang/String;+15
v  ~StubRoutines::call_stub
J 1574  sun.lwawt.macosx.LWCToolkit.doAWTRunLoopImpl(JZZ)V (0 bytes) @ 0x00000001100487c7 [0x0000000110048780+0x47]
J 1572 C1 sun.lwawt.macosx.LWCToolkit.invokeAndWait(Ljava/lang/Runnable;Ljava/awt/Component;)V (117 bytes) @ 0x00000001101fd93c [0x00000001101fbf60+0x19dc]
J 1464 C1 sun.lwawt.macosx.CAccessibility.invokeAndWait(Ljava/util/concurrent/Callable;Ljava/awt/Component;)Ljava/lang/Object; (13 bytes) @ 0x000000011015cd7c [0x000000011015cbe0+0x19c]
j  sun.lwawt.macosx.CAccessibility.getAccessibleRole(Ljavax/accessibility/Accessible;Ljava/awt/Component;)Ljava/lang/String;+15
v  ~StubRoutines::call_stub
J 1574  sun.lwawt.macosx.LWCToolkit.doAWTRunLoopImpl(JZZ)V (0 bytes) @ 0x00000001100487c7 [0x0000000110048780+0x47]
J 1572 C1 sun.lwawt.macosx.LWCToolkit.invokeAndWait(Ljava/lang/Runnable;Ljava/awt/Component;)V (117 bytes) @ 0x00000001101fd93c [0x00000001101fbf60+0x19dc]
J 1464 C1 sun.lwawt.macosx.CAccessibility.invokeAndWait(Ljava/util/concurrent/Callable;Ljava/awt/Component;)Ljava/lang/Object; (13 bytes) @ 0x000000011015cd7c [0x000000011015cbe0+0x19c]
j  sun.lwawt.macosx.CAccessibility.getAccessibleValue(Ljavax/accessibility/Accessible;Ljava/awt/Component;)Ljavax/accessibility/AccessibleValue;+15
v  ~StubRoutines::call_stub
J 1574  sun.lwawt.macosx.LWCToolkit.doAWTRunLoopImpl(JZZ)V (0 bytes) @ 0x00000001100487c7 [0x0000000110048780+0x47]
J 1572 C1 sun.lwawt.macosx.LWCToolkit.invokeAndWait(Ljava/lang/Runnable;Ljava/awt/Component;)V (117 bytes) @ 0x00000001101fd93c [0x00000001101fbf60+0x19dc]
J 1464 C1 sun.lwawt.macosx.CAccessibility.invokeAndWait(Ljava/util/concurrent/Callable;Ljava/awt/Component;)Ljava/lang/Object; (13 bytes) @ 0x000000011015cd7c [0x000000011015cbe0+0x19c]
j  sun.lwawt.macosx.CAccessibility.getAccessibleValue(Ljavax/accessibility/Accessible;Ljava/awt/Component;)Ljavax/accessibility/AccessibleValue;+15
v  ~StubRoutines::call_stub
J 1574  sun.lwawt.macosx.LWCToolkit.doAWTRunLoopImpl(JZZ)V (0 bytes) @ 0x00000001100487c7 [0x0000000110048780+0x47]
J 1572 C1 sun.lwawt.macosx.LWCToolkit.invokeAndWait(Ljava/lang/Runnable;Ljava/awt/Component;)V (117 bytes) @ 0x00000001101fd93c [0x00000001101fbf60+0x19dc]
J 1464 C1 sun.lwawt.macosx.CAccessibility.invokeAndWait(Ljava/util/concurrent/Callable;Ljava/awt/Component;)Ljava/lang/Object; (13 bytes) @ 0x000000011015cd7c [0x000000011015cbe0+0x19c]
j  sun.lwawt.macosx.CAccessibility.getAccessibleRole(Ljavax/accessibility/Accessible;Ljava/awt/Component;)Ljava/lang/String;+15
v  ~StubRoutines::call_stub
J 1574  sun.lwawt.macosx.LWCToolkit.doAWTRunLoopImpl(JZZ)V (0 bytes) @ 0x00000001100487c7 [0x0000000110048780+0x47]
J 1572 C1 sun.lwawt.macosx.LWCToolkit.invokeAndWait(Ljava/lang/Runnable;Ljava/awt/Component;)V (117 bytes) @ 0x00000001101fd93c [0x00000001101fbf60+0x19dc]
J 1464 C1 sun.lwawt.macosx.CAccessibility.invokeAndWait(Ljava/util/concurrent/Callable;Ljava/awt/Component;)Ljava/lang/Object; (13 bytes) @ 0x000000011015cd7c [0x000000011015cbe0+0x19c]
j  sun.lwawt.macosx.CAccessibility.getAccessibleRole(Ljavax/accessibility/Accessible;Ljava/awt/Component;)Ljava/lang/String;+15
v  ~StubRoutines::call_stub
J 1574  sun.lwawt.macosx.LWCToolkit.doAWTRunLoopImpl(JZZ)V (0 bytes) @ 0x00000001100487c7 [0x0000000110048780+0x47]
J 1572 C1 sun.lwawt.macosx.LWCToolkit.invokeAndWait(Ljava/lang/Runnable;Ljava/awt/Component;)V (117 bytes) @ 0x00000001101fd93c [0x00000001101fbf60+0x19dc]
J 1464 C1 sun.lwawt.macosx.CAccessibility.invokeAndWait(Ljava/util/concurrent/Callable;Ljava/awt/Component;)Ljava/lang/Object; (13 bytes) @ 0x000000011015cd7c [0x000000011015cbe0+0x19c]
j  sun.lwawt.macosx.CAccessibility.getAccessibleRole(Ljavax/accessibility/Accessible;Ljava/awt/Component;)Ljava/lang/String;+15
v  ~StubRoutines::call_stub
J 1574  sun.lwawt.macosx.LWCToolkit.doAWTRunLoopImpl(JZZ)V (0 bytes) @ 0x00000001100487c7 [0x0000000110048780+0x47]
J 1572 C1 sun.lwawt.macosx.LWCToolkit.invokeAndWait(Ljava/lang/Runnable;Ljava/awt/Component;)V (117 bytes) @ 0x00000001101fd93c [0x00000001101fbf60+0x19dc]
J 1464 C1 sun.lwawt.macosx.CAccessibility.invokeAndWait(Ljava/util/concurrent/Callable;Ljava/awt/Component;)Ljava/lang/Object; (13 bytes) @ 0x000000011015cd7c [0x000000011015cbe0+0x19c]
j  sun.lwawt.macosx.CAccessibility.getAccessibleRole(Ljavax/accessibility/Accessible;Ljava/awt/Component;)Ljava/lang/String;+15
v  ~StubRoutines::call_stub
J 1574  sun.lwawt.macosx.LWCToolkit.doAWTRunLoopImpl(JZZ)V (0 bytes) @ 0x00000001100487c7 [0x0000000110048780+0x47]
J 1572 C1 sun.lwawt.macosx.LWCToolkit.invokeAndWait(Ljava/lang/Runnable;Ljava/awt/Component;)V (117 bytes) @ 0x00000001101fd93c [0x00000001101fbf60+0x19dc]
J 1464 C1 sun.lwawt.macosx.CAccessibility.invokeAndWait(Ljava/util/concurrent/Callable;Ljava/awt/Component;)Ljava/lang/Object; (13 bytes) @ 0x000000011015cd7c [0x000000011015cbe0+0x19c]
j  sun.lwawt.macosx.CAccessibility.getAccessibleRole(Ljavax/accessibility/Accessible;Ljava/awt/Component;)Ljava/lang/String;+15
v  ~StubRoutines::call_stub
J 1574  sun.lwawt.macosx.LWCToolkit.doAWTRunLoopImpl(JZZ)V (0 bytes) @ 0x00000001100487c7 [0x0000000110048780+0x47]
J 1572 C1 sun.lwawt.macosx.LWCToolkit.invokeAndWait(Ljava/lang/Runnable;Ljava/awt/Component;)V (117 bytes) @ 0x00000001101fd93c [0x00000001101fbf60+0x19dc]
J 1464 C1 sun.lwawt.macosx.CAccessibility.invokeAndWait(Ljava/util/concurrent/Callable;Ljava/awt/Component;)Ljava/lang/Object; (13 bytes) @ 0x000000011015cd7c [0x000000011015cbe0+0x19c]
j  sun.lwawt.macosx.CAccessibility.getAccessibleValue(Ljavax/accessibility/Accessible;Ljava/awt/Component;)Ljavax/accessibility/AccessibleValue;+15
v  ~StubRoutines::call_stub
J 1574  sun.lwawt.macosx.LWCToolkit.doAWTRunLoopImpl(JZZ)V (0 bytes) @ 0x00000001100487c7 [0x0000000110048780+0x47]
J 1572 C1 sun.lwawt.macosx.LWCToolkit.invokeAndWait(Ljava/lang/Runnable;Ljava/awt/Component;)V (117 bytes) @ 0x00000001101fd93c [0x00000001101fbf60+0x19dc]
J 1464 C1 sun.lwawt.macosx.CAccessibility.invokeAndWait(Ljava/util/concurrent/Callable;Ljava/awt/Component;)Ljava/lang/Object; (13 bytes) @ 0x000000011015cd7c [0x000000011015cbe0+0x19c]
j  sun.lwawt.macosx.CAccessibility.getAccessibleRole(Ljavax/accessibility/Accessible;Ljava/awt/Component;)Ljava/lang/String;+15
v  ~StubRoutines::call_stub
J 1574  sun.lwawt.macosx.LWCToolkit.doAWTRunLoopImpl(JZZ)V (0 bytes) @ 0x00000001100487c7 [0x0000000110048780+0x47]
J 1572 C1 sun.lwawt.macosx.LWCToolkit.invokeAndWait(Ljava/lang/Runnable;Ljava/awt/Component;)V (117 bytes) @ 0x00000001101fd93c [0x00000001101fbf60+0x19dc]
J 1464 C1 sun.lwawt.macosx.CAccessibility.invokeAndWait(Ljava/util/concurrent/Callable;Ljava/awt/Component;)Ljava/lang/Object; (13 bytes) @ 0x000000011015cd7c [0x000000011015cbe0+0x19c]
j  sun.lwawt.macosx.CAccessibility.getAccessibleRole(Ljavax/accessibility/Accessible;Ljava/awt/Component;)Ljava/lang/String;+15
v  ~StubRoutines::call_stub
J 1574  sun.lwawt.macosx.LWCToolkit.doAWTRunLoopImpl(JZZ)V (0 bytes) @ 0x00000001100487c7 [0x0000000110048780+0x47]
J 1572 C1 sun.lwawt.macosx.LWCToolkit.invokeAndWait(Ljava/lang/Runnable;Ljava/awt/Component;)V (117 bytes) @ 0x00000001101fd93c [0x00000001101fbf60+0x19dc]
J 1464 C1 sun.lwawt.macosx.CAccessibility.invokeAndWait(Ljava/util/concurrent/Callable;Ljava/awt/Component;)Ljava/lang/Object; (13 bytes) @ 0x000000011015cd7c [0x000000011015cbe0+0x19c]
j  sun.lwawt.macosx.CAccessibility.getAccessibleValue(Ljavax/accessibility/Accessible;Ljava/awt/Component;)Ljavax/accessibility/AccessibleValue;+15
v  ~StubRoutines::call_stub
J 1574  sun.lwawt.macosx.LWCToolkit.doAWTRunLoopImpl(JZZ)V (0 bytes) @ 0x00000001100487c7 [0x0000000110048780+0x47]
J 1572 C1 sun.lwawt.macosx.LWCToolkit.invokeAndWait(Ljava/lang/Runnable;Ljava/awt/Component;)V (117 bytes) @ 0x00000001101fd93c [0x00000001101fbf60+0x19dc]
J 1464 C1 sun.lwawt.macosx.CAccessibility.invokeAndWait(Ljava/util/concurrent/Callable;Ljava/awt/Component;)Ljava/lang/Object; (13 bytes) @ 0x000000011015cd7c [0x000000011015cbe0+0x19c]
j  sun.lwawt.macosx.CAccessibility.getAccessibleRole(Ljavax/accessibility/Accessible;Ljava/awt/Component;)Ljava/lang/String;+15
v  ~StubRoutines::call_stub
J 1574  sun.lwawt.macosx.LWCToolkit.doAWTRunLoopImpl(JZZ)V (0 bytes) @ 0x00000001100487c7 [0x0000000110048780+0x47]
J 1572 C1 sun.lwawt.macosx.LWCToolkit.invokeAndWait(Ljava/lang/Runnable;Ljava/awt/Component;)V (117 bytes) @ 0x00000001101fd93c [0x00000001101fbf60+0x19dc]
J 1464 C1 sun.lwawt.macosx.CAccessibility.invokeAndWait(Ljava/util/concurrent/Callable;Ljava/awt/Component;)Ljava/lang/Object; (13 bytes) @ 0x000000011015cd7c [0x000000011015cbe0+0x19c]
j  sun.lwawt.macosx.CAccessibility.getAccessibleRole(Ljavax/accessibility/Accessible;Ljava/awt/Component;)Ljava/lang/String;+15
v  ~StubRoutines::call_stub
J 1574  sun.lwawt.macosx.LWCToolkit.doAWTRunLoopImpl(JZZ)V (0 bytes) @ 0x00000001100487c7 [0x0000000110048780+0x47]
J 1572 C1 sun.lwawt.macosx.LWCToolkit.invokeAndWait(Ljava/lang/Runnable;Ljava/awt/Component;)V (117 bytes) @ 0x00000001101fd93c [0x00000001101fbf60+0x19dc]
J 1464 C1 sun.lwawt.macosx.CAccessibility.invokeAndWait(Ljava/util/concurrent/Callable;Ljava/awt/Component;)Ljava/lang/Object; (13 bytes) @ 0x000000011015cd7c [0x000000011015cbe0+0x19c]
j  sun.lwawt.macosx.CAccessibility.getAccessibleIndexInParent(Ljavax/accessibility/Accessible;Ljava/awt/Component;)I+15
v  ~StubRoutines::call_stub
J 1574  sun.lwawt.macosx.LWCToolkit.doAWTRunLoopImpl(JZZ)V (0 bytes) @ 0x00000001100487c7 [0x0000000110048780+0x47]
J 1572 C1 sun.lwawt.macosx.LWCToolkit.invokeAndWait(Ljava/lang/Runnable;Ljava/awt/Component;)V (117 bytes) @ 0x00000001101fd93c [0x00000001101fbf60+0x19dc]
J 1464 C1 sun.lwawt.macosx.CAccessibility.invokeAndWait(Ljava/util/concurrent/Callable;Ljava/awt/Component;)Ljava/lang/Object; (13 bytes) @ 0x000000011015cd7c [0x000000011015cbe0+0x19c]
j  sun.lwawt.macosx.CAccessibility.getAccessibleIndexInParent(Ljavax/accessibility/Accessible;Ljava/awt/Component;)I+15
v  ~StubRoutines::call_stub
J 1574  sun.lwawt.macosx.LWCToolkit.doAWTRunLoopImpl(JZZ)V (0 bytes) @ 0x00000001100487c7 [0x0000000110048780+0x47]
J 1572 C1 sun.lwawt.macosx.LWCToolkit.invokeAndWait(Ljava/lang/Runnable;Ljava/awt/Component;)V (117 bytes) @ 0x00000001101fd93c [0x00000001101fbf60+0x19dc]
J 1464 C1 sun.lwawt.macosx.CAccessibility.invokeAndWait(Ljava/util/concurrent/Callable;Ljava/awt/Component;)Ljava/lang/Object; (13 bytes) @ 0x000000011015cd7c [0x000000011015cbe0+0x19c]
j  sun.lwawt.macosx.CAccessibility.getFocusOwner(Ljava/awt/Component;)Ljavax/accessibility/Accessible;+8
v  ~StubRoutines::call_stub
J 1574  sun.lwawt.macosx.LWCToolkit.doAWTRunLoopImpl(JZZ)V (0 bytes) @ 0x00000001100487c7 [0x0000000110048780+0x47]
J 1572 C1 sun.lwawt.macosx.LWCToolkit.invokeAndWait(Ljava/lang/Runnable;Ljava/awt/Component;)V (117 bytes) @ 0x00000001101fd93c [0x00000001101fbf60+0x19dc]
J 1464 C1 sun.lwawt.macosx.CAccessibility.invokeAndWait(Ljava/util/concurrent/Callable;Ljava/awt/Component;)Ljava/lang/Object; (13 bytes) @ 0x000000011015cd7c [0x000000011015cbe0+0x19c]
j  sun.lwawt.macosx.CAccessibility.getFocusOwner(Ljava/awt/Component;)Ljavax/accessibility/Accessible;+8
v  ~StubRoutines::call_stub
J 1574  sun.lwawt.macosx.LWCToolkit.doAWTRunLoopImpl(JZZ)V (0 bytes) @ 0x00000001100487c7 [0x0000000110048780+0x47]
J 1572 C1 sun.lwawt.macosx.LWCToolkit.invokeAndWait(Ljava/lang/Runnable;Ljava/awt/Component;)V (117 bytes) @ 0x00000001101fd93c [0x00000001101fbf60+0x19dc]
J 1464 C1 sun.lwawt.macosx.CAccessibility.invokeAndWait(Ljava/util/concurrent/Callable;Ljava/awt/Component;)Ljava/lang/Object; (13 bytes) @ 0x000000011015cd7c [0x000000011015cbe0+0x19c]
j  sun.lwawt.macosx.CAccessibility.getAccessibleValue(Ljavax/accessibility/Accessible;Ljava/awt/Component;)Ljavax/accessibility/AccessibleValue;+15
v  ~StubRoutines::call_stub
J 1574  sun.lwawt.macosx.LWCToolkit.doAWTRunLoopImpl(JZZ)V (0 bytes) @ 0x00000001100487c7 [0x0000000110048780+0x47]
J 1572 C1 sun.lwawt.macosx.LWCToolkit.invokeAndWait(Ljava/lang/Runnable;Ljava/awt/Component;)V (117 bytes) @ 0x00000001101fd93c [0x00000001101fbf60+0x19dc]
J 1464 C1 sun.lwawt.macosx.CAccessibility.invokeAndWait(Ljava/util/concurrent/Callable;Ljava/awt/Component;)Ljava/lang/Object; (13 bytes) @ 0x000000011015cd7c [0x000000011015cbe0+0x19c]
j  sun.lwawt.macosx.CAccessibility.getAccessibleValue(Ljavax/accessibility/Accessible;Ljava/awt/Component;)Ljavax/accessibility/AccessibleValue;+15
v  ~StubRoutines::call_stub
J 1574  sun.lwawt.macosx.LWCToolkit.doAWTRunLoopImpl(JZZ)V (0 bytes) @ 0x00000001100487c7 [0x0000000110048780+0x47]
J 1572 C1 sun.lwawt.macosx.LWCToolkit.invokeAndWait(Ljava/lang/Runnable;Ljava/awt/Component;)V (117 bytes) @ 0x00000001101fd93c [0x00000001101fbf60+0x19dc]
J 1464 C1 sun.lwawt.macosx.CAccessibility.invokeAndWait(Ljava/util/concurrent/Callable;Ljava/awt/Component;)Ljava/lang/Object; (13 bytes) @ 0x000000011015cd7c [0x000000011015cbe0+0x19c]
j  sun.lwawt.macosx.CAccessibility.getAccessibleIndexInParent(Ljavax/accessibility/Accessible;Ljava/awt/Component;)I+15
v  ~StubRoutines::call_stub
J 1574  sun.lwawt.macosx.LWCToolkit.doAWTRunLoopImpl(JZZ)V (0 bytes) @ 0x00000001100487c7 [0x0000000110048780+0x47]
J 1572 C1 sun.lwawt.macosx.LWCToolkit.invokeAndWait(Ljava/lang/Runnable;Ljava/awt/Component;)V (117 bytes) @ 0x00000001101fd93c [0x00000001101fbf60+0x19dc]
J 1464 C1 sun.lwawt.macosx.CAccessibility.invokeAndWait(Ljava/util/concurrent/Callable;Ljava/awt/Component;)Ljava/lang/Object; (13 bytes) @ 0x000000011015cd7c [0x000000011015cbe0+0x19c]
j  sun.lwawt.macosx.CAccessibility.getAccessibleIndexInParent(Ljavax/accessibility/Accessible;Ljava/awt/Component;)I+15
v  ~StubRoutines::call_stub
J 1574  sun.lwawt.macosx.LWCToolkit.doAWTRunLoopImpl(JZZ)V (0 bytes) @ 0x00000001100487c7 [0x0000000110048780+0x47]
J 1572 C1 sun.lwawt.macosx.LWCToolkit.invokeAndWait(Ljava/lang/Runnable;Ljava/awt/Component;)V (117 bytes) @ 0x00000001101fd93c [0x00000001101fbf60+0x19dc]
J 1464 C1 sun.lwawt.macosx.CAccessibility.invokeAndWait(Ljava/util/concurrent/Callable;Ljava/awt/Component;)Ljava/lang/Object; (13 bytes) @ 0x000000011015cd7c [0x000000011015cbe0+0x19c]
j  sun.lwawt.macosx.CAccessibility.getFocusOwner(Ljava/awt/Component;)Ljavax/accessibility/Accessible;+8
v  ~StubRoutines::call_stub
J 1574  sun.lwawt.macosx.LWCToolkit.doAWTRunLoopImpl(JZZ)V (0 bytes) @ 0x00000001100487c7 [0x0000000110048780+0x47]
J 1572 C1 sun.lwawt.macosx.LWCToolkit.invokeAndWait(Ljava/lang/Runnable;Ljava/awt/Component;)V (117 bytes) @ 0x00000001101fd93c [0x00000001101fbf60+0x19dc]
J 1464 C1 sun.lwawt.macosx.CAccessibility.invokeAndWait(Ljava/util/concurrent/Callable;Ljava/awt/Component;)Ljava/lang/Object; (13 bytes) @ 0x000000011015cd7c [0x000000011015cbe0+0x19c]
j  sun.lwawt.macosx.CAccessibility.getFocusOwner(Ljava/awt/Component;)Ljavax/accessibility/Accessible;+8
v  ~StubRoutines::call_stub
J 1574  sun.lwawt.macosx.LWCToolkit.doAWTRunLoopImpl(JZZ)V (0 bytes) @ 0x00000001100487c7 [0x0000000110048780+0x47]
J 1572 C1 sun.lwawt.macosx.LWCToolkit.invokeAndWait(Ljava/lang/Runnable;Ljava/awt/Component;)V (117 bytes) @ 0x00000001101fd93c [0x00000001101fbf60+0x19dc]
J 1464 C1 sun.lwawt.macosx.CAccessibility.invokeAndWait(Ljava/util/concurrent/Callable;Ljava/awt/Component;)Ljava/lang/Object; (13 bytes) @ 0x000000011015cd7c [0x000000011015cbe0+0x19c]
j  sun.lwawt.macosx.CAccessibility.getAccessibleRole(Ljavax/accessibility/Accessible;Ljava/awt/Component;)Ljava/lang/String;+15
v  ~StubRoutines::call_stub
J 1574  sun.lwawt.macosx.LWCToolkit.doAWTRunLoopImpl(JZZ)V (0 bytes) @ 0x00000001100487c7 [0x0000000110048780+0x47]
J 1572 C1 sun.lwawt.macosx.LWCToolkit.invokeAndWait(Ljava/lang/Runnable;Ljava/awt/Component;)V (117 bytes) @ 0x00000001101fd93c [0x00000001101fbf60+0x19dc]
J 1464 C1 sun.lwawt.macosx.CAccessibility.invokeAndWait(Ljava/util/concurrent/Callable;Ljava/awt/Component;)Ljava/lang/Object; (13 bytes) @ 0x000000011015cd7c [0x000000011015cbe0+0x19c]
j  sun.lwawt.macosx.CAccessibility.getAccessibleIndexInParent(Ljavax/accessibility/Accessible;Ljava/awt/Component;)I+15
v  ~StubRoutines::call_stub
J 1574  sun.lwawt.macosx.LWCToolkit.doAWTRunLoopImpl(JZZ)V (0 bytes) @ 0x00000001100487c7 [0x0000000110048780+0x47]
J 1572 C1 sun.lwawt.macosx.LWCToolkit.invokeAndWait(Ljava/lang/Runnable;Ljava/awt/Component;)V (117 bytes) @ 0x00000001101fd93c [0x00000001101fbf60+0x19dc]
J 1464 C1 sun.lwawt.macosx.CAccessibility.invokeAndWait(Ljava/util/concurrent/Callable;Ljava/awt/Component;)Ljava/lang/Object; (13 bytes) @ 0x000000011015cd7c [0x000000011015cbe0+0x19c]
j  sun.lwawt.macosx.CAccessibility.getFocusOwner(Ljava/awt/Component;)Ljavax/accessibility/Accessible;+8
v  ~StubRoutines::call_stub
J 1574  sun.lwawt.macosx.LWCToolkit.doAWTRunLoopImpl(JZZ)V (0 bytes) @ 0x00000001100487c7 [0x0000000110048780+0x47]
J 1572 C1 sun.lwawt.macosx.LWCToolkit.invokeAndWait(Ljava/lang/Runnable;Ljava/awt/Component;)V (117 bytes) @ 0x00000001101fd93c [0x00000001101fbf60+0x19dc]
J 1464 C1 sun.lwawt.macosx.CAccessibility.invokeAndWait(Ljava/util/concurrent/Callable;Ljava/awt/Component;)Ljava/lang/Object; (13 bytes) @ 0x000000011015cd7c [0x000000011015cbe0+0x19c]
j  sun.lwawt.macosx.CAccessibility.getFocusOwner(Ljava/awt/Component;)Ljavax/accessibility/Accessible;+8
v  ~StubRoutines::call_stub
J 1574  sun.lwawt.macosx.LWCToolkit.doAWTRunLoopImpl(JZZ)V (0 bytes) @ 0x00000001100487c7 [0x0000000110048780+0x47]
J 1572 C1 sun.lwawt.macosx.LWCToolkit.invokeAndWait(Ljava/lang/Runnable;Ljava/awt/Component;)V (117 bytes) @ 0x00000001101fd93c [0x00000001101fbf60+0x19dc]
J 1464 C1 sun.lwawt.macosx.CAccessibility.invokeAndWait(Ljava/util/concurrent/Callable;Ljava/awt/Component;)Ljava/lang/Object; (13 bytes) @ 0x000000011015cd7c [0x000000011015cbe0+0x19c]
j  sun.lwawt.macosx.CAccessibility.getAccessibleName(Ljavax/accessibility/Accessible;Ljava/awt/Component;)Ljava/lang/String;+15
v  ~StubRoutines::call_stub
J 1574  sun.lwawt.macosx.LWCToolkit.doAWTRunLoopImpl(JZZ)V (0 bytes) @ 0x00000001100487c7 [0x0000000110048780+0x47]
J 1572 C1 sun.lwawt.macosx.LWCToolkit.invokeAndWait(Ljava/lang/Runnable;Ljava/awt/Component;)V (117 bytes) @ 0x00000001101fd93c [0x00000001101fbf60+0x19dc]
J 1464 C1 sun.lwawt.macosx.CAccessibility.invokeAndWait(Ljava/util/concurrent/Callable;Ljava/awt/Component;)Ljava/lang/Object; (13 bytes) @ 0x000000011015cd7c [0x000000011015cbe0+0x19c]
j  sun.lwawt.macosx.CAccessibility.getAccessibleRole(Ljavax/accessibility/Accessible;Ljava/awt/Component;)Ljava/lang/String;+15
v  ~StubRoutines::call_stub
j  sun.lwawt.macosx.LWCToolkit.doAWTRunLoopImpl(JZZ)V+0
J 1466 C1 sun.lwawt.macosx.LWCToolkit.doAWTRunLoop(JZ)V (9 bytes) @ 0x00000001100d345c [0x00000001100d3400+0x5c]
j  sun.lwawt.macosx.LWCToolkit.invokeAndWait(Ljava/lang/Runnable;Ljava/awt/Component;)V+73
J 1464 C1 sun.lwawt.macosx.CAccessibility.invokeAndWait(Ljava/util/concurrent/Callable;Ljava/awt/Component;)Ljava/lang/Object; (13 bytes) @ 0x000000011015cd7c [0x000000011015cbe0+0x19c]
j  sun.lwawt.macosx.CAccessibility.getAccessibleRole(Ljavax/accessibility/Accessible;Ljava/awt/Component;)Ljava/lang/String;+15
v  ~StubRoutines::call_stub
j  sun.lwawt.macosx.LWCToolkit.doAWTRunLoopImpl(JZZ)V+0
J 1466 C1 sun.lwawt.macosx.LWCToolkit.doAWTRunLoop(JZ)V (9 bytes) @ 0x00000001100d345c [0x00000001100d3400+0x5c]
j  sun.lwawt.macosx.LWCToolkit.invokeAndWait(Ljava/lang/Runnable;Ljava/awt/Component;)V+73
J 1464 C1 sun.lwawt.macosx.CAccessibility.invokeAndWait(Ljava/util/concurrent/Callable;Ljava/awt/Component;)Ljava/lang/Object; (13 bytes) @ 0x000000011015cd7c [0x000000011015cbe0+0x19c]
j  sun.lwawt.macosx.CAccessibility.getAccessibleRole(Ljavax/accessibility/Accessible;Ljava/awt/Component;)Ljava/lang/String;+15
v  ~StubRoutines::call_stub
j  sun.lwawt.macosx.LWCToolkit.doAWTRunLoopImpl(JZZ)V+0
J 1466 C1 sun.lwawt.macosx.LWCToolkit.doAWTRunLoop(JZ)V (9 bytes) @ 0x00000001100d345c [0x00000001100d3400+0x5c]
j  sun.lwawt.macosx.LWCToolkit.invokeAndWait(Ljava/lang/Runnable;Ljava/awt/Component;)V+73
J 1464 C1 sun.lwawt.macosx.CAccessibility.invokeAndWait(Ljava/util/concurrent/Callable;Ljava/awt/Component;)Ljava/lang/Object; (13 bytes) @ 0x000000011015cd7c [0x000000011015cbe0+0x19c]
j  sun.lwawt.macosx.CAccessibility.getAccessibleIndexInParent(Ljavax/accessibility/Accessible;Ljava/awt/Component;)I+15
v  ~StubRoutines::call_stub
j  sun.lwawt.macosx.LWCToolkit.doAWTRunLoopImpl(JZZ)V+0
J 1466 C1 sun.lwawt.macosx.LWCToolkit.doAWTRunLoop(JZ)V (9 bytes) @ 0x00000001100d345c [0x00000001100d3400+0x5c]
j  sun.lwawt.macosx.LWCToolkit.invokeAndWait(Ljava/lang/Runnable;Ljava/awt/Component;)V+73
J 1464 C1 sun.lwawt.macosx.CAccessibility.invokeAndWait(Ljava/util/concurrent/Callable;Ljava/awt/Component;)Ljava/lang/Object; (13 bytes) @ 0x000000011015cd7c [0x000000011015cbe0+0x19c]
j  sun.lwawt.macosx.CAccessibility.getAccessibleValue(Ljavax/accessibility/Accessible;Ljava/awt/Component;)Ljavax/accessibility/AccessibleValue;+15
v  ~StubRoutines::call_stub
j  sun.lwawt.macosx.LWCToolkit.doAWTRunLoopImpl(JZZ)V+0
J 1466 C1 sun.lwawt.macosx.LWCToolkit.doAWTRunLoop(JZ)V (9 bytes) @ 0x00000001100d345c [0x00000001100d3400+0x5c]
j  sun.lwawt.macosx.LWCToolkit.invokeAndWait(Ljava/lang/Runnable;Ljava/awt/Component;)V+73
J 1464 C1 sun.lwawt.macosx.CAccessibility.invokeAndWait(Ljava/util/concurrent/Callable;Ljava/awt/Component;)Ljava/lang/Object; (13 bytes) @ 0x000000011015cd7c [0x000000011015cbe0+0x19c]
j  sun.lwawt.macosx.CAccessibility.getAccessibleRole(Ljavax/accessibility/Accessible;Ljava/awt/Component;)Ljava/lang/String;+15
v  ~StubRoutines::call_stub
j  sun.lwawt.macosx.LWCToolkit.doAWTRunLoopImpl(JZZ)V+0
J 1466 C1 sun.lwawt.macosx.LWCToolkit.doAWTRunLoop(JZ)V (9 bytes) @ 0x00000001100d345c [0x00000001100d3400+0x5c]
j  sun.lwawt.macosx.LWCToolkit.invokeAndWait(Ljava/lang/Runnable;Ljava/awt/Component;)V+73
J 1464 C1 sun.lwawt.macosx.CAccessibility.invokeAndWait(Ljava/util/concurrent/Callable;Ljava/awt/Component;)Ljava/lang/Object; (13 bytes) @ 0x000000011015cd7c [0x000000011015cbe0+0x19c]
j  sun.lwawt.macosx.CAccessibility.getAccessibleRole(Ljavax/accessibility/Accessible;Ljava/awt/Component;)Ljava/lang/String;+15
v  ~StubRoutines::call_stub
j  sun.lwawt.macosx.LWCToolkit.doAWTRunLoopImpl(JZZ)V+0
J 1466 C1 sun.lwawt.macosx.LWCToolkit.doAWTRunLoop(JZ)V (9 bytes) @ 0x00000001100d345c [0x00000001100d3400+0x5c]
j  sun.lwawt.macosx.LWCToolkit.invokeAndWait(Ljava/lang/Runnable;Ljava/awt/Component;)V+73
J 1464 C1 sun.lwawt.macosx.CAccessibility.invokeAndWait(Ljava/util/concurrent/Callable;Ljava/awt/Component;)Ljava/lang/Object; (13 bytes) @ 0x000000011015cd7c [0x000000011015cbe0+0x19c]
j  sun.lwawt.macosx.CAccessibility.getAccessibleValue(Ljavax/accessibility/Accessible;Ljava/awt/Component;)Ljavax/accessibility/AccessibleValue;+15
v  ~StubRoutines::call_stub
j  sun.lwawt.macosx.LWCToolkit.doAWTRunLoopImpl(JZZ)V+0
J 1466 C1 sun.lwawt.macosx.LWCToolkit.doAWTRunLoop(JZ)V (9 bytes) @ 0x00000001100d345c [0x00000001100d3400+0x5c]
j  sun.lwawt.macosx.LWCToolkit.invokeAndWait(Ljava/lang/Runnable;Ljava/awt/Component;)V+73
J 1464 C1 sun.lwawt.macosx.CAccessibility.invokeAndWait(Ljava/util/concurrent/Callable;Ljava/awt/Component;)Ljava/lang/Object; (13 bytes) @ 0x000000011015cd7c [0x000000011015cbe0+0x19c]
j  sun.lwawt.macosx.CAccessibility.getAccessibleValue(Ljavax/accessibility/Accessible;Ljava/awt/Component;)Ljavax/accessibility/AccessibleValue;+15
v  ~StubRoutines::call_stub
j  sun.lwawt.macosx.LWCToolkit.doAWTRunLoopImpl(JZZ)V+0
J 1466 C1 sun.lwawt.macosx.LWCToolkit.doAWTRunLoop(JZ)V (9 bytes) @ 0x00000001100d345c [0x00000001100d3400+0x5c]
j  sun.lwawt.macosx.LWCToolkit.invokeAndWait(Ljava/lang/Runnable;Ljava/awt/Component;)V+73
J 1464 C1 sun.lwawt.macosx.CAccessibility.invokeAndWait(Ljava/util/concurrent/Callable;Ljava/awt/Component;)Ljava/lang/Object; (13 bytes) @ 0x000000011015cd7c [0x000000011015cbe0+0x19c]
j  sun.lwawt.macosx.CAccessibility.getAccessibleRole(Ljavax/accessibility/Accessible;Ljava/awt/Component;)Ljava/lang/String;+15
v  ~StubRoutines::call_stub
j  sun.lwawt.macosx.LWCToolkit.doAWTRunLoopImpl(JZZ)V+0
J 1466 C1 sun.lwawt.macosx.LWCToolkit.doAWTRunLoop(JZ)V (9 bytes) @ 0x00000001100d345c [0x00000001100d3400+0x5c]
j  sun.lwawt.macosx.LWCToolkit.invokeAndWait(Ljava/lang/Runnable;Ljava/awt/Component;)V+73
J 1464 C1 sun.lwawt.macosx.CAccessibility.invokeAndWait(Ljava/util/concurrent/Callable;Ljava/awt/Component;)Ljava/lang/Object; (13 bytes) @ 0x000000011015cd7c [0x000000011015cbe0+0x19c]
j  sun.lwawt.macosx.CAccessibility.getAccessibleValue(Ljavax/accessibility/Accessible;Ljava/awt/Component;)Ljavax/accessibility/AccessibleValue;+15
v  ~StubRoutines::call_stub
j  sun.lwawt.macosx.LWCToolkit.doAWTRunLoopImpl(JZZ)V+0
J 1466 C1 sun.lwawt.macosx.LWCToolkit.doAWTRunLoop(JZ)V (9 bytes) @ 0x00000001100d345c [0x00000001100d3400+0x5c]
j  sun.lwawt.macosx.LWCToolkit.invokeAndWait(Ljava/lang/Runnable;Ljava/awt/Component;)V+73
J 1464 C1 sun.lwawt.macosx.CAccessibility.invokeAndWait(Ljava/util/concurrent/Callable;Ljava/awt/Component;)Ljava/lang/Object; (13 bytes) @ 0x000000011015cd7c [0x000000011015cbe0+0x19c]
j  sun.lwawt.macosx.CAccessibility.getAccessibleRole(Ljavax/accessibility/Accessible;Ljava/awt/Component;)Ljava/lang/String;+15
v  ~StubRoutines::call_stub
j  sun.lwawt.macosx.LWCToolkit.doAWTRunLoopImpl(JZZ)V+0
J 1466 C1 sun.lwawt.macosx.LWCToolkit.doAWTRunLoop(JZ)V (9 bytes) @ 0x00000001100d345c [0x00000001100d3400+0x5c]
j  sun.lwawt.macosx.LWCToolkit.invokeAndWait(Ljava/lang/Runnable;Ljava/awt/Component;)V+73
J 1464 C1 sun.lwawt.macosx.CAccessibility.invokeAndWait(Ljava/util/concurrent/Callable;Ljava/awt/Component;)Ljava/lang/Object; (13 bytes) @ 0x000000011015cd7c [0x000000011015cbe0+0x19c]
j  sun.lwawt.macosx.CAccessibility.getAccessibleValue(Ljavax/accessibility/Accessible;Ljava/awt/Component;)Ljavax/accessibility/AccessibleValue;+15
v  ~StubRoutines::call_stub
j  sun.lwawt.macosx.LWCToolkit.doAWTRunLoopImpl(JZZ)V+0
J 1466 C1 sun.lwawt.macosx.LWCToolkit.doAWTRunLoop(JZ)V (9 bytes) @ 0x00000001100d345c [0x00000001100d3400+0x5c]
j  sun.lwawt.macosx.LWCToolkit.invokeAndWait(Ljava/lang/Runnable;Ljava/awt/Component;)V+73
J 1464 C1 sun.lwawt.macosx.CAccessibility.invokeAndWait(Ljava/util/concurrent/Callable;Ljava/awt/Component;)Ljava/lang/Object; (13 bytes) @ 0x000000011015cd7c [0x000000011015cbe0+0x19c]
j  sun.lwawt.macosx.CAccessibility.getAccessibleName(Ljavax/accessibility/Accessible;Ljava/awt/Component;)Ljava/lang/String;+15
v  ~StubRoutines::call_stub
j  sun.lwawt.macosx.LWCToolkit.doAWTRunLoopImpl(JZZ)V+0
J 1466 C1 sun.lwawt.macosx.LWCToolkit.doAWTRunLoop(JZ)V (9 bytes) @ 0x00000001100d345c [0x00000001100d3400+0x5c]
j  sun.lwawt.macosx.LWCToolkit.invokeAndWait(Ljava/lang/Runnable;Ljava/awt/Component;)V+73
J 1464 C1 sun.lwawt.macosx.CAccessibility.invokeAndWait(Ljava/util/concurrent/Callable;Ljava/awt/Component;)Ljava/lang/Object; (13 bytes) @ 0x000000011015cd7c [0x000000011015cbe0+0x19c]
j  sun.lwawt.macosx.CAccessibility.getAccessibleValue(Ljavax/accessibility/Accessible;Ljava/awt/Component;)Ljavax/accessibility/AccessibleValue;+15
v  ~StubRoutines::call_stub
j  sun.lwawt.macosx.LWCToolkit.doAWTRunLoopImpl(JZZ)V+0
J 1466 C1 sun.lwawt.macosx.LWCToolkit.doAWTRunLoop(JZ)V (9 bytes) @ 0x00000001100d345c [0x00000001100d3400+0x5c]
j  sun.lwawt.macosx.LWCToolkit.invokeAndWait(Ljava/lang/Runnable;Ljava/awt/Component;)V+73
J 1464 C1 sun.lwawt.macosx.CAccessibility.invokeAndWait(Ljava/util/concurrent/Callable;Ljava/awt/Component;)Ljava/lang/Object; (13 bytes) @ 0x000000011015cd7c [0x000000011015cbe0+0x19c]
j  sun.lwawt.macosx.CAccessibility.getAccessibleValue(Ljavax/accessibility/Accessible;Ljava/awt/Component;)Ljavax/accessibility/AccessibleValue;+15
v  ~StubRoutines::call_stub
j  sun.lwawt.macosx.LWCToolkit.doAWTRunLoopImpl(JZZ)V+0
J 1466 C1 sun.lwawt.macosx.LWCToolkit.doAWTRunLoop(JZ)V (9 bytes) @ 0x00000001100d345c [0x00000001100d3400+0x5c]
j  sun.lwawt.macosx.LWCToolkit.invokeAndWait(Ljava/lang/Runnable;Ljava/awt/Component;)V+73
J 1464 C1 sun.lwawt.macosx.CAccessibility.invokeAndWait(Ljava/util/concurrent/Callable;Ljava/awt/Component;)Ljava/lang/Object; (13 bytes) @ 0x000000011015cd7c [0x000000011015cbe0+0x19c]
j  sun.lwawt.macosx.CAccessibility.getAccessibleRole(Ljavax/accessibility/Accessible;Ljava/awt/Component;)Ljava/lang/String;+15
v  ~StubRoutines::call_stub
j  sun.lwawt.macosx.LWCToolkit.doAWTRunLoopImpl(JZZ)V+0
J 1466 C1 sun.lwawt.macosx.LWCToolkit.doAWTRunLoop(JZ)V (9 bytes) @ 0x00000001100d345c [0x00000001100d3400+0x5c]
j  sun.lwawt.macosx.LWCToolkit.invokeAndWait(Ljava/lang/Runnable;Ljava/awt/Component;)V+73
J 1464 C1 sun.lwawt.macosx.CAccessibility.invokeAndWait(Ljava/util/concurrent/Callable;Ljava/awt/Component;)Ljava/lang/Object; (13 bytes) @ 0x000000011015cd7c [0x000000011015cbe0+0x19c]
j  sun.lwawt.macosx.CAccessibility.getAccessibleRole(Ljavax/accessibility/Accessible;Ljava/awt/Component;)Ljava/lang/String;+15
v  ~StubRoutines::call_stub
j  sun.lwawt.macosx.LWCToolkit.doAWTRunLoopImpl(JZZ)V+0
J 1466 C1 sun.lwawt.macosx.LWCToolkit.doAWTRunLoop(JZ)V (9 bytes) @ 0x00000001100d345c [0x00000001100d3400+0x5c]
j  sun.lwawt.macosx.LWCToolkit.invokeAndWait(Ljava/lang/Runnable;Ljava/awt/Component;)V+73
J 1464 C1 sun.lwawt.macosx.CAccessibility.invokeAndWait(Ljava/util/concurrent/Callable;Ljava/awt/Component;)Ljava/lang/Object; (13 bytes) @ 0x000000011015cd7c [0x000000011015cbe0+0x19c]
j  sun.lwawt.macosx.CAccessibility.getAccessibleValue(Ljavax/accessibility/Accessible;Ljava/awt/Component;)Ljavax/accessibility/AccessibleValue;+15
v  ~StubRoutines::call_stub
j  sun.lwawt.macosx.LWCToolkit.doAWTRunLoopImpl(JZZ)V+0
J 1466 C1 sun.lwawt.macosx.LWCToolkit.doAWTRunLoop(JZ)V (9 bytes) @ 0x00000001100d345c [0x00000001100d3400+0x5c]
j  sun.lwawt.macosx.LWCToolkit.invokeAndWait(Ljava/lang/Runnable;Ljava/awt/Component;)V+73
J 1464 C1 sun.lwawt.macosx.CAccessibility.invokeAndWait(Ljava/util/concurrent/Callable;Ljava/awt/Component;)Ljava/lang/Object; (13 bytes) @ 0x000000011015cd7c [0x000000011015cbe0+0x19c]
j  sun.lwawt.macosx.CAccessibility.getAccessibleValue(Ljavax/accessibility/Accessible;Ljava/awt/Component;)Ljavax/accessibility/AccessibleValue;+15
v  ~StubRoutines::call_stub
j  sun.lwawt.macosx.LWCToolkit.doAWTRunLoopImpl(JZZ)V+0
J 1466 C1 sun.lwawt.macosx.LWCToolkit.doAWTRunLoop(JZ)V (9 bytes) @ 0x00000001100d345c [0x00000001100d3400+0x5c]
j  sun.lwawt.macosx.LWCToolkit.invokeAndWait(Ljava/lang/Runnable;Ljava/awt/Component;)V+73
J 1464 C1 sun.lwawt.macosx.CAccessibility.invokeAndWait(Ljava/util/concurrent/Callable;Ljava/awt/Component;)Ljava/lang/Object; (13 bytes) @ 0x000000011015cd7c [0x000000011015cbe0+0x19c]
j  sun.lwawt.macosx.CAccessibility.getAccessibleRole(Ljavax/accessibility/Accessible;Ljava/awt/Component;)Ljava/lang/String;+15
v  ~StubRoutines::call_stub
j  sun.lwawt.macosx.LWCToolkit.doAWTRunLoopImpl(JZZ)V+0
J 1466 C1 sun.lwawt.macosx.LWCToolkit.doAWTRunLoop(JZ)V (9 bytes) @ 0x00000001100d345c [0x00000001100d3400+0x5c]
j  sun.lwawt.macosx.LWCToolkit.invokeAndWait(Ljava/lang/Runnable;Ljava/awt/Component;)V+73
J 1464 C1 sun.lwawt.macosx.CAccessibility.invokeAndWait(Ljava/util/concurrent/Callable;Ljava/awt/Component;)Ljava/lang/Object; (13 bytes) @ 0x000000011015cd7c [0x000000011015cbe0+0x19c]
j  sun.lwawt.macosx.CAccessibility.getAccessibleRole(Ljavax/accessibility/Accessible;Ljava/awt/Component;)Ljava/lang/String;+15
v  ~StubRoutines::call_stub
j  sun.lwawt.macosx.LWCToolkit.doAWTRunLoopImpl(JZZ)V+0
J 1466 C1 sun.lwawt.macosx.LWCToolkit.doAWTRunLoop(JZ)V (9 bytes) @ 0x00000001100d345c [0x00000001100d3400+0x5c]
j  sun.lwawt.macosx.LWCToolkit.invokeAndWait(Ljava/lang/Runnable;Ljava/awt/Component;)V+73
J 1464 C1 sun.lwawt.macosx.CAccessibility.invokeAndWait(Ljava/util/concurrent/Callable;Ljava/awt/Component;)Ljava/lang/Object; (13 bytes) @ 0x000000011015cd7c [0x000000011015cbe0+0x19c]
j  sun.lwawt.macosx.CAccessibility.getAccessibleValue(Ljavax/accessibility/Accessible;Ljava/awt/Component;)Ljavax/accessibility/AccessibleValue;+15
v  ~StubRoutines::call_stub
j  sun.lwawt.macosx.LWCToolkit.doAWTRunLoopImpl(JZZ)V+0
J 1466 C1 sun.lwawt.macosx.LWCToolkit.doAWTRunLoop(JZ)V (9 bytes) @ 0x00000001100d345c [0x00000001100d3400+0x5c]
j  sun.lwawt.macosx.LWCToolkit.invokeAndWait(Ljava/lang/Runnable;Ljava/awt/Component;)V+73
J 1464 C1 sun.lwawt.macosx.CAccessibility.invokeAndWait(Ljava/util/concurrent/Callable;Ljava/awt/Component;)Ljava/lang/Object; (13 bytes) @ 0x000000011015cd7c [0x000000011015cbe0+0x19c]
j  sun.lwawt.macosx.CAccessibility.getAccessibleRole(Ljavax/accessibility/Accessible;Ljava/awt/Component;)Ljava/lang/String;+15
v  ~StubRoutines::call_stub
j  sun.lwawt.macosx.LWCToolkit.doAWTRunLoopImpl(JZZ)V+0
J 1466 C1 sun.lwawt.macosx.LWCToolkit.doAWTRunLoop(JZ)V (9 bytes) @ 0x00000001100d345c [0x00000001100d3400+0x5c]
j  sun.lwawt.macosx.LWCToolkit.invokeAndWait(Ljava/lang/Runnable;Ljava/awt/Component;)V+73
J 1464 C1 sun.lwawt.macosx.CAccessibility.invokeAndWait(Ljava/util/concurrent/Callable;Ljava/awt/Component;)Ljava/lang/Object; (13 bytes) @ 0x000000011015cd7c [0x000000011015cbe0+0x19c]
j  sun.lwawt.macosx.CAccessibility.getAccessibleRole(Ljavax/accessibility/Accessible;Ljava/awt/Component;)Ljava/lang/String;+15
v  ~StubRoutines::call_stub
j  sun.lwawt.macosx.LWCToolkit.doAWTRunLoopImpl(JZZ)V+0
J 1466 C1 sun.lwawt.macosx.LWCToolkit.doAWTRunLoop(JZ)V (9 bytes) @ 0x00000001100d345c [0x00000001100d3400+0x5c]
j  sun.lwawt.macosx.LWCToolkit.invokeAndWait(Ljava/lang/Runnable;Ljava/awt/Component;)V+73
J 1464 C1 sun.lwawt.macosx.CAccessibility.invokeAndWait(Ljava/util/concurrent/Callable;Ljava/awt/Component;)Ljava/lang/Object; (13 bytes) @ 0x000000011015cd7c [0x000000011015cbe0+0x19c]
j  sun.lwawt.macosx.CAccessibility.getAccessibleIndexInParent(Ljavax/accessibility/Accessible;Ljava/awt/Component;)I+15
v  ~StubRoutines::call_stub
j  sun.lwawt.macosx.LWCToolkit.doAWTRunLoopImpl(JZZ)V+0
J 1466 C1 sun.lwawt.macosx.LWCToolkit.doAWTRunLoop(JZ)V (9 bytes) @ 0x00000001100d345c [0x00000001100d3400+0x5c]
j  sun.lwawt.macosx.LWCToolkit.invokeAndWait(Ljava/lang/Runnable;Ljava/awt/Component;)V+73
J 1464 C1 sun.lwawt.macosx.CAccessibility.invokeAndWait(Ljava/util/concurrent/Callable;Ljava/awt/Component;)Ljava/lang/Object; (13 bytes) @ 0x000000011015cd7c [0x000000011015cbe0+0x19c]
j  sun.lwawt.macosx.CAccessibility.getAccessibleValue(Ljavax/accessibility/Accessible;Ljava/awt/Component;)Ljavax/accessibility/AccessibleValue;+15
v  ~StubRoutines::call_stub
j  sun.lwawt.macosx.LWCToolkit.doAWTRunLoopImpl(JZZ)V+0
J 1466 C1 sun.lwawt.macosx.LWCToolkit.doAWTRunLoop(JZ)V (9 bytes) @ 0x00000001100d345c [0x00000001100d3400+0x5c]
j  sun.lwawt.macosx.LWCToolkit.invokeAndWait(Ljava/lang/Runnable;Ljava/awt/Component;)V+73
J 1464 C1 sun.lwawt.macosx.CAccessibility.invokeAndWait(Ljava/util/concurrent/Callable;Ljava/awt/Component;)Ljava/lang/Object; (13 bytes) @ 0x000000011015cd7c [0x000000011015cbe0+0x19c]
j  sun.lwawt.macosx.CAccessibility.getAccessibleRole(Ljavax/accessibility/Accessible;Ljava/awt/Component;)Ljava/lang/String;+15
v  ~StubRoutines::call_stub
j  sun.lwawt.macosx.LWCToolkit.doAWTRunLoopImpl(JZZ)V+0
J 1466 C1 sun.lwawt.macosx.LWCToolkit.doAWTRunLoop(JZ)V (9 bytes) @ 0x00000001100d345c [0x00000001100d3400+0x5c]
j  sun.lwawt.macosx.LWCToolkit.invokeAndWait(Ljava/lang/Runnable;Ljava/awt/Component;)V+73
J 1464 C1 sun.lwawt.macosx.CAccessibility.invokeAndWait(Ljava/util/concurrent/Callable;Ljava/awt/Component;)Ljava/lang/Object; (13 bytes) @ 0x000000011015cd7c [0x000000011015cbe0+0x19c]
j  sun.lwawt.macosx.CAccessibility.getAccessibleRole(Ljavax/accessibility/Accessible;Ljava/awt/Component;)Ljava/lang/String;+15
v  ~StubRoutines::call_stub
j  sun.lwawt.macosx.LWCToolkit.doAWTRunLoopImpl(JZZ)V+0
J 1466 C1 sun.lwawt.macosx.LWCToolkit.doAWTRunLoop(JZ)V (9 bytes) @ 0x00000001100d345c [0x00000001100d3400+0x5c]
j  sun.lwawt.macosx.LWCToolkit.invokeAndWait(Ljava/lang/Runnable;Ljava/awt/Component;)V+73
J 1464 C1 sun.lwawt.macosx.CAccessibility.invokeAndWait(Ljava/util/concurrent/Callable;Ljava/awt/Component;)Ljava/lang/Object; (13 bytes) @ 0x000000011015cd7c [0x000000011015cbe0+0x19c]
j  sun.lwawt.macosx.CAccessibility.getFocusOwner(Ljava/awt/Component;)Ljavax/accessibility/Accessible;+8
v  ~StubRoutines::call_stub
j  sun.lwawt.macosx.LWCToolkit.doAWTRunLoopImpl(JZZ)V+0
J 1466 C1 sun.lwawt.macosx.LWCToolkit.doAWTRunLoop(JZ)V (9 bytes) @ 0x00000001100d345c [0x00000001100d3400+0x5c]
j  sun.lwawt.macosx.LWCToolkit.invokeAndWait(Ljava/lang/Runnable;Ljava/awt/Component;)V+73
J 1464 C1 sun.lwawt.macosx.CAccessibility.invokeAndWait(Ljava/util/concurrent/Callable;Ljava/awt/Component;)Ljava/lang/Object; (13 bytes) @ 0x000000011015cd7c [0x000000011015cbe0+0x19c]
j  sun.lwawt.macosx.CAccessibility.getFocusOwner(Ljava/awt/Component;)Ljavax/accessibility/Accessible;+8
v  ~StubRoutines::call_stub
j  sun.lwawt.macosx.LWCToolkit.doAWTRunLoopImpl(JZZ)V+0
J 1466 C1 sun.lwawt.macosx.LWCToolkit.doAWTRunLoop(JZ)V (9 bytes) @ 0x00000001100d345c [0x00000001100d3400+0x5c]
j  sun.lwawt.macosx.LWCToolkit.invokeAndWait(Ljava/lang/Runnable;Ljava/awt/Component;)V+73
J 1464 C1 sun.lwawt.macosx.CAccessibility.invokeAndWait(Ljava/util/concurrent/Callable;Ljava/awt/Component;)Ljava/lang/Object; (13 bytes) @ 0x000000011015cd7c [0x000000011015cbe0+0x19c]
j  sun.lwawt.macosx.CAccessibility.getAccessibleIndexInParent(Ljavax/accessibility/Accessible;Ljava/awt/Component;)I+15
v  ~StubRoutines::call_stub
j  sun.lwawt.macosx.LWCToolkit.doAWTRunLoopImpl(JZZ)V+0
j  sun.lwawt.macosx.LWCToolkit.doAWTRunLoop(JZ)V+5
j  sun.lwawt.macosx.LWCToolkit.invokeAndWait(Ljava/lang/Runnable;Ljava/awt/Component;)V+73
j  sun.lwawt.macosx.LWCToolkit.invokeAndWait(Ljava/util/concurrent/Callable;Ljava/awt/Component;)Ljava/lang/Object;+11
j  sun.lwawt.macosx.CAccessibility.invokeAndWait(Ljava/util/concurrent/Callable;Ljava/awt/Component;)Ljava/lang/Object;+2
j  sun.lwawt.macosx.CAccessibility.getFocusOwner(Ljava/awt/Component;)Ljavax/accessibility/Accessible;+8
v  ~StubRoutines::call_stub
j  sun.lwawt.macosx.LWCToolkit.doAWTRunLoopImpl(JZZ)V+0
j  sun.lwawt.macosx.LWCToolkit.doAWTRunLoop(JZ)V+5
j  sun.lwawt.macosx.LWCToolkit.invokeAndWait(Ljava/lang/Runnable;Ljava/awt/Component;)V+73
j  sun.lwawt.macosx.LWCToolkit.invokeAndWait(Ljava/util/concurrent/Callable;Ljava/awt/Component;)Ljava/lang/Object;+11
j  sun.lwawt.macosx.CAccessibility.invokeAndWait(Ljava/util/concurrent/Callable;Ljava/awt/Component;)Ljava/lang/Object;+2
j  sun.lwawt.macosx.CAccessibility.getAccessibleIndexInParent(Ljavax/accessibility/Accessible;Ljava/awt/Component;)I+15
v  ~StubRoutines::call_stub
j  sun.lwawt.macosx.LWCToolkit.doAWTRunLoopImpl(JZZ)V+0
j  sun.lwawt.macosx.LWCToolkit.doAWTRunLoop(JZ)V+5
j  sun.lwawt.macosx.LWCToolkit.invokeAndWait(Ljava/lang/Runnable;Ljava/awt/Component;)V+73
j  sun.lwawt.macosx.LWCToolkit.invokeAndWait(Ljava/util/concurrent/Callable;Ljava/awt/Component;)Ljava/lang/Object;+11
j  sun.lwawt.macosx.CAccessibility.invokeAndWait(Ljava/util/concurrent/Callable;Ljava/awt/Component;)Ljava/lang/Object;+2
j  sun.lwawt.macosx.CAccessibility.getFocusOwner(Ljava/awt/Component;)Ljavax/accessibility/Accessible;+8
v  ~StubRoutines::call_stub
j  sun.lwawt.macosx.LWCToolkit.doAWTRunLoopImpl(JZZ)V+0
j  sun.lwawt.macosx.LWCToolkit.doAWTRunLoop(JZ)V+5
j  sun.lwawt.macosx.LWCToolkit.invokeAndWait(Ljava/lang/Runnable;Ljava/awt/Component;)V+73
j  sun.lwawt.macosx.LWCToolkit.invokeAndWait(Ljava/util/concurrent/Callable;Ljava/awt/Component;)Ljava/lang/Object;+11
j  sun.lwawt.macosx.CAccessibility.invokeAndWait(Ljava/util/concurrent/Callable;Ljava/awt/Component;)Ljava/lang/Object;+2
j  sun.lwawt.macosx.CAccessibility.getAccessibleRole(Ljavax/accessibility/Accessible;Ljava/awt/Component;)Ljava/lang/String;+15
v  ~StubRoutines::call_stub
j  sun.lwawt.macosx.LWCToolkit.doAWTRunLoopImpl(JZZ)V+0
j  sun.lwawt.macosx.LWCToolkit.doAWTRunLoop(JZ)V+5
j  sun.lwawt.macosx.LWCToolkit.invokeAndWait(Ljava/lang/Runnable;Ljava/awt/Component;)V+73
j  sun.lwawt.macosx.LWCToolkit.invokeAndWait(Ljava/util/concurrent/Callable;Ljava/awt/Component;)Ljava/lang/Object;+11
j  sun.lwawt.macosx.CAccessibility.invokeAndWait(Ljava/util/concurrent/Callable;Ljava/awt/Component;)Ljava/lang/Object;+2
j  sun.lwawt.macosx.CAccessibility.getAccessibleIndexInParent(Ljavax/accessibility/Accessible;Ljava/awt/Component;)I+15
v  ~StubRoutines::call_stub
j  sun.lwawt.macosx.LWCToolkit.doAWTRunLoopImpl(JZZ)V+0
j  sun.lwawt.macosx.LWCToolkit.doAWTRunLoop(JZ)V+5
j  sun.lwawt.macosx.LWCToolkit.invokeAndWait(Ljava/lang/Runnable;Ljava/awt/Component;)V+73
j  sun.lwawt.macosx.LWCToolkit.invokeAndWait(Ljava/util/concurrent/Callable;Ljava/awt/Component;)Ljava/lang/Object;+11
j  sun.lwawt.macosx.CAccessibility.invokeAndWait(Ljava/util/concurrent/Callable;Ljava/awt/Component;)Ljava/lang/Object;+2
j  sun.lwawt.macosx.CAccessibility.getFocusOwner(Ljava/awt/Component;)Ljavax/accessibility/Accessible;+8
v  ~StubRoutines::call_stub
j  sun.lwawt.macosx.LWCToolkit.doAWTRunLoopImpl(JZZ)V+0
j  sun.lwawt.macosx.LWCToolkit.doAWTRunLoop(JZ)V+5
j  sun.lwawt.macosx.LWCToolkit.invokeAndWait(Ljava/lang/Runnable;Ljava/awt/Component;)V+73
j  sun.lwawt.macosx.LWCToolkit.invokeAndWait(Ljava/util/concurrent/Callable;Ljava/awt/Component;)Ljava/lang/Object;+11
j  sun.lwawt.macosx.CAccessibility.invokeAndWait(Ljava/util/concurrent/Callable;Ljava/awt/Component;)Ljava/lang/Object;+2
j  sun.lwawt.macosx.CAccessibility.getAccessibleIndexInParent(Ljavax/accessibility/Accessible;Ljava/awt/Component;)I+15
v  ~StubRoutines::call_stub
j  sun.lwawt.macosx.LWCToolkit.doAWTRunLoopImpl(JZZ)V+0
j  sun.lwawt.macosx.LWCToolkit.doAWTRunLoop(JZ)V+5
j  sun.lwawt.macosx.LWCToolkit.invokeAndWait(Ljava/lang/Runnable;Ljava/awt/Component;)V+73
j  sun.lwawt.macosx.LWCToolkit.invokeAndWait(Ljava/util/concurrent/Callable;Ljava/awt/Component;)Ljava/lang/Object;+11
j  sun.lwawt.macosx.CAccessibility.invokeAndWait(Ljava/util/concurrent/Callable;Ljava/awt/Component;)Ljava/lang/Object;+2
j  sun.lwawt.macosx.CAccessibility.getFocusOwner(Ljava/awt/Component;)Ljavax/accessibility/Accessible;+8
v  ~StubRoutines::call_stub
j  sun.lwawt.macosx.LWCToolkit.doAWTRunLoopImpl(JZZ)V+0
j  sun.lwawt.macosx.LWCToolkit.doAWTRunLoop(JZ)V+5
j  sun.lwawt.macosx.LWCToolkit.invokeAndWait(Ljava/lang/Runnable;Ljava/awt/Component;)V+73
j  sun.lwawt.macosx.LWCToolkit.invokeAndWait(Ljava/util/concurrent/Callable;Ljava/awt/Component;)Ljava/lang/Object;+11
j  sun.lwawt.macosx.CAccessibility.invokeAndWait(Ljava/util/concurrent/Callable;Ljava/awt/Component;)Ljava/lang/Object;+2
j  sun.lwawt.macosx.CAccessibility.getAccessibleRole(Ljavax/accessibility/Accessible;Ljava/awt/Component;)Ljava/lang/String;+15
v  ~StubRoutines::call_stub
j  sun.lwawt.macosx.LWCToolkit.doAWTRunLoopImpl(JZZ)V+0
j  sun.lwawt.macosx.LWCToolkit.doAWTRunLoop(JZ)V+5
j  sun.lwawt.macosx.LWCToolkit.invokeAndWait(Ljava/lang/Runnable;Ljava/awt/Component;)V+73
j  sun.lwawt.macosx.LWCToolkit.invokeAndWait(Ljava/util/concurrent/Callable;Ljava/awt/Component;)Ljava/lang/Object;+11
j  sun.lwawt.macosx.CAccessibility.invokeAndWait(Ljava/util/concurrent/Callable;Ljava/awt/Component;)Ljava/lang/Object;+2
j  sun.lwawt.macosx.CAccessibility.getFocusOwner(Ljava/awt/Component;)Ljavax/accessibility/Accessible;+8
v  ~StubRoutines::call_stub
j  sun.lwawt.macosx.LWCToolkit.doAWTRunLoopImpl(JZZ)V+0
j  sun.lwawt.macosx.LWCToolkit.doAWTRunLoop(JZ)V+5
j  sun.lwawt.macosx.LWCToolkit.invokeAndWait(Ljava/lang/Runnable;Ljava/awt/Component;)V+73
j  sun.lwawt.macosx.LWCToolkit.invokeAndWait(Ljava/util/concurrent/Callable;Ljava/awt/Component;)Ljava/lang/Object;+11
j  sun.lwawt.macosx.CAccessibility.invokeAndWait(Ljava/util/concurrent/Callable;Ljava/awt/Component;)Ljava/lang/Object;+2
j  sun.lwawt.macosx.CAccessibility.getAccessibleRole(Ljavax/accessibility/Accessible;Ljava/awt/Component;)Ljava/lang/String;+15
v  ~StubRoutines::call_stub
j  sun.lwawt.macosx.LWCToolkit.doAWTRunLoopImpl(JZZ)V+0
j  sun.lwawt.macosx.LWCToolkit.doAWTRunLoop(JZ)V+5
j  sun.lwawt.macosx.LWCToolkit.invokeAndWait(Ljava/lang/Runnable;Ljava/awt/Component;)V+73
j  sun.lwawt.macosx.LWCToolkit.invokeAndWait(Ljava/util/concurrent/Callable;Ljava/awt/Component;)Ljava/lang/Object;+11
j  sun.lwawt.macosx.CAccessibility.invokeAndWait(Ljava/util/concurrent/Callable;Ljava/awt/Component;)Ljava/lang/Object;+2
j  sun.lwawt.macosx.CAccessibility.getAccessibleIndexInParent(Ljavax/accessibility/Accessible;Ljava/awt/Component;)I+15
v  ~StubRoutines::call_stub
j  sun.lwawt.macosx.LWCToolkit.doAWTRunLoopImpl(JZZ)V+0
j  sun.lwawt.macosx.LWCToolkit.doAWTRunLoop(JZ)V+5
j  sun.lwawt.macosx.LWCToolkit.invokeAndWait(Ljava/lang/Runnable;Ljava/awt/Component;)V+73
j  sun.lwawt.macosx.LWCToolkit.invokeAndWait(Ljava/util/concurrent/Callable;Ljava/awt/Component;)Ljava/lang/Object;+11
j  sun.lwawt.macosx.CAccessibility.invokeAndWait(Ljava/util/concurrent/Callable;Ljava/awt/Component;)Ljava/lang/Object;+2
j  sun.lwawt.macosx.CAccessibility.getFocusOwner(Ljava/awt/Component;)Ljavax/accessibility/Accessible;+8
v  ~StubRoutines::call_stub
j  sun.lwawt.macosx.LWCToolkit.doAWTRunLoopImpl(JZZ)V+0
j  sun.lwawt.macosx.LWCToolkit.doAWTRunLoop(JZ)V+5
j  sun.lwawt.macosx.LWCToolkit.invokeAndWait(Ljava/lang/Runnable;Ljava/awt/Component;)V+73
j  sun.lwawt.macosx.LWCToolkit.invokeAndWait(Ljava/util/concurrent/Callable;Ljava/awt/Component;)Ljava/lang/Object;+11
j  sun.lwawt.macosx.CAccessibility.invokeAndWait(Ljava/util/concurrent/Callable;Ljava/awt/Component;)Ljava/lang/Object;+2
j  sun.lwawt.macosx.CAccessibility.getAccessibleIndexInParent(Ljavax/accessibility/Accessible;Ljava/awt/Component;)I+15
v  ~StubRoutines::call_stub

---------------  P R O C E S S  ---------------

Java Threads: ( => current thread )
  0x00007ff3e519f000 JavaThread "Thread-160" [_thread_blocked, id=362571, stack(0x0000000310f6a000,0x000000031106a000)]
  0x00007ff3e1a9a000 JavaThread "Thread-159" [_thread_blocked, id=361595, stack(0x0000000310e67000,0x0000000310f67000)]
  0x00007ff3e3787000 JavaThread "Thread-158" [_thread_blocked, id=361023, stack(0x0000000310d64000,0x0000000310e64000)]
  0x00007ff3e2cdd000 JavaThread "Thread-157" [_thread_blocked, id=360547, stack(0x0000000310c61000,0x0000000310d61000)]
  0x00007ff3e2ce7000 JavaThread "Thread-156" [_thread_blocked, id=514163, stack(0x0000000310b5e000,0x0000000310c5e000)]
  0x00007ff3e5a03000 JavaThread "Thread-155" [_thread_blocked, id=359587, stack(0x0000000310a5b000,0x0000000310b5b000)]
  0x00007ff3e2cee000 JavaThread "Thread-154" [_thread_blocked, id=358355, stack(0x0000000310958000,0x0000000310a58000)]
  0x00007ff3e4218000 JavaThread "Thread-153" [_thread_blocked, id=516019, stack(0x0000000310855000,0x0000000310955000)]
  0x00007ff3e5913000 JavaThread "Thread-152" [_thread_blocked, id=357303, stack(0x0000000310752000,0x0000000310852000)]
  0x00007ff3e5191000 JavaThread "Thread-151" [_thread_blocked, id=518219, stack(0x000000031064f000,0x000000031074f000)]
  0x00007ff3e5872000 JavaThread "Thread-150" [_thread_blocked, id=355391, stack(0x000000031054c000,0x000000031064c000)]
  0x00007ff3e341f000 JavaThread "Thread-149" [_thread_blocked, id=518995, stack(0x0000000310449000,0x0000000310549000)]
  0x00007ff3e5863000 JavaThread "Thread-148" [_thread_blocked, id=353331, stack(0x0000000310346000,0x0000000310446000)]
  0x00007ff3e2cd5000 JavaThread "Thread-147" [_thread_blocked, id=521071, stack(0x0000000310243000,0x0000000310343000)]
  0x00007ff3e49ae000 JavaThread "Thread-146" [_thread_blocked, id=521751, stack(0x0000000310140000,0x0000000310240000)]
  0x00007ff3e3720000 JavaThread "Thread-145" [_thread_blocked, id=351011, stack(0x000000031003d000,0x000000031013d000)]
  0x00007ff3e1a98000 JavaThread "Thread-144" [_thread_blocked, id=522611, stack(0x000000030ff3a000,0x000000031003a000)]
  0x00007ff3e1838800 JavaThread "Thread-143" [_thread_blocked, id=523843, stack(0x000000030fe37000,0x000000030ff37000)]
  0x00007ff3e36a5000 JavaThread "Thread-142" [_thread_blocked, id=178403, stack(0x000000030fd34000,0x000000030fe34000)]
  0x00007ff3e510c000 JavaThread "Thread-141" [_thread_blocked, id=185111, stack(0x000000030850b000,0x000000030860b000)]
  0x00007ff3e48c1000 JavaThread "Thread-140" [_thread_blocked, id=307775, stack(0x000000030fc31000,0x000000030fd31000)]
  0x00007ff3e2b60000 JavaThread "Thread-139" [_thread_blocked, id=309847, stack(0x000000030fb2e000,0x000000030fc2e000)]
  0x00007ff3e3a51000 JavaThread "Thread-138" [_thread_blocked, id=310643, stack(0x000000030fa2b000,0x000000030fb2b000)]
  0x00007ff3e48aa000 JavaThread "Thread-137" [_thread_blocked, id=311563, stack(0x000000030f928000,0x000000030fa28000)]
  0x00007ff3e48b9000 JavaThread "Thread-136" [_thread_blocked, id=312151, stack(0x000000030f825000,0x000000030f925000)]
  0x00007ff3e5903000 JavaThread "Thread-135" [_thread_blocked, id=313383, stack(0x000000030f722000,0x000000030f822000)]
  0x00007ff3e4849000 JavaThread "Thread-134" [_thread_blocked, id=302635, stack(0x000000030f61f000,0x000000030f71f000)]
  0x00007ff3e3f90000 JavaThread "Thread-133" [_thread_blocked, id=313907, stack(0x000000030f51c000,0x000000030f61c000)]
  0x00007ff3e196e000 JavaThread "Thread-132" [_thread_blocked, id=301139, stack(0x000000030f419000,0x000000030f519000)]
  0x00007ff3e4145000 JavaThread "Thread-131" [_thread_blocked, id=316003, stack(0x000000030f316000,0x000000030f416000)]
  0x00007ff3e5915000 JavaThread "Thread-130" [_thread_blocked, id=316675, stack(0x000000030f213000,0x000000030f313000)]
  0x00007ff3e4088000 JavaThread "Thread-129" [_thread_blocked, id=317923, stack(0x000000030f110000,0x000000030f210000)]
  0x00007ff3e3497800 JavaThread "Thread-128" [_thread_blocked, id=318543, stack(0x000000030f00d000,0x000000030f10d000)]
  0x00007ff3e28db000 JavaThread "Thread-127" [_thread_blocked, id=319899, stack(0x000000030ef0a000,0x000000030f00a000)]
  0x00007ff3e3202800 JavaThread "Thread-126" [_thread_blocked, id=297895, stack(0x000000030ee07000,0x000000030ef07000)]
  0x00007ff3e3b4a000 JavaThread "Thread-125" [_thread_blocked, id=297035, stack(0x000000030ed04000,0x000000030ee04000)]
  0x00007ff3e4074800 JavaThread "Thread-124" [_thread_blocked, id=322535, stack(0x000000030ec01000,0x000000030ed01000)]
  0x00007ff3e3b46800 JavaThread "Thread-123" [_thread_blocked, id=295555, stack(0x000000030eafe000,0x000000030ebfe000)]
  0x00007ff3e5173000 JavaThread "Thread-122" [_thread_blocked, id=324135, stack(0x000000030e9fb000,0x000000030eafb000)]
  0x00007ff3e3d24800 JavaThread "Thread-121" [_thread_blocked, id=324647, stack(0x000000030e8f8000,0x000000030e9f8000)]
  0x00007ff3e50cd800 JavaThread "Thread-120" [_thread_blocked, id=293595, stack(0x000000030e7f5000,0x000000030e8f5000)]
  0x00007ff3e483e000 JavaThread "Thread-119" [_thread_blocked, id=292411, stack(0x000000030e6f2000,0x000000030e7f2000)]
  0x00007ff3e406e000 JavaThread "Thread-118" [_thread_blocked, id=327659, stack(0x000000030e5ef000,0x000000030e6ef000)]
  0x00007ff3e3dff000 JavaThread "Thread-117" [_thread_blocked, id=328391, stack(0x000000030e4ec000,0x000000030e5ec000)]
  0x00007ff3e3a73000 JavaThread "Thread-116" [_thread_blocked, id=290363, stack(0x000000030e3e9000,0x000000030e4e9000)]
  0x00007ff3e367a800 JavaThread "Thread-115" [_thread_blocked, id=329259, stack(0x000000030e2e6000,0x000000030e3e6000)]
  0x00007ff3e3e36000 JavaThread "Thread-114" [_thread_blocked, id=288031, stack(0x000000030e1e3000,0x000000030e2e3000)]
  0x00007ff3e4056000 JavaThread "Thread-113" [_thread_blocked, id=287643, stack(0x000000030e0e0000,0x000000030e1e0000)]
  0x00007ff3e3d76000 JavaThread "Thread-112" [_thread_blocked, id=331603, stack(0x000000030dfdd000,0x000000030e0dd000)]
  0x00007ff3e5951000 JavaThread "Thread-111" [_thread_blocked, id=286307, stack(0x000000030deda000,0x000000030dfda000)]
  0x00007ff3e3e63000 JavaThread "Thread-110" [_thread_blocked, id=332867, stack(0x000000030ddd7000,0x000000030ded7000)]
  0x00007ff3e2b41000 JavaThread "Thread-109" [_thread_blocked, id=283731, stack(0x000000030dcd4000,0x000000030ddd4000)]
  0x00007ff3e50c5800 JavaThread "Thread-108" [_thread_blocked, id=333355, stack(0x000000030dbd1000,0x000000030dcd1000)]
  0x00007ff3e406a800 JavaThread "Thread-107" [_thread_blocked, id=281615, stack(0x000000030dace000,0x000000030dbce000)]
  0x00007ff3e4842000 JavaThread "Thread-106" [_thread_blocked, id=334687, stack(0x000000030d9cb000,0x000000030dacb000)]
  0x00007ff3e5075000 JavaThread "Thread-105" [_thread_blocked, id=279075, stack(0x000000030d8c8000,0x000000030d9c8000)]
  0x00007ff3e4048000 JavaThread "Thread-104" [_thread_blocked, id=278179, stack(0x000000030d7c5000,0x000000030d8c5000)]
  0x00007ff3e368b000 JavaThread "Thread-103" [_thread_blocked, id=276835, stack(0x000000030d6c2000,0x000000030d7c2000)]
  0x00007ff3e50cc000 JavaThread "Thread-102" [_thread_blocked, id=276399, stack(0x000000030d5bf000,0x000000030d6bf000)]
  0x00007ff3e50f0000 JavaThread "Thread-101" [_thread_blocked, id=276067, stack(0x000000030d4bc000,0x000000030d5bc000)]
  0x00007ff3e49a7800 JavaThread "Thread-100" [_thread_blocked, id=337711, stack(0x000000030d3b9000,0x000000030d4b9000)]
  0x00007ff3e5110000 JavaThread "Thread-99" [_thread_blocked, id=338495, stack(0x000000030d2b6000,0x000000030d3b6000)]
  0x00007ff3e3404000 JavaThread "Thread-98" [_thread_blocked, id=273727, stack(0x000000030d1b3000,0x000000030d2b3000)]
  0x00007ff3e489a800 JavaThread "Thread-97" [_thread_blocked, id=272435, stack(0x000000030d0b0000,0x000000030d1b0000)]
  0x00007ff3e3dcb000 JavaThread "Thread-96" [_thread_blocked, id=271891, stack(0x000000030cfad000,0x000000030d0ad000)]
  0x00007ff3e5945000 JavaThread "Thread-95" [_thread_blocked, id=270851, stack(0x000000030ceaa000,0x000000030cfaa000)]
  0x00007ff3e50ee000 JavaThread "Thread-94" [_thread_blocked, id=269679, stack(0x000000030cda7000,0x000000030cea7000)]
  0x00007ff3e4846000 JavaThread "Thread-93" [_thread_blocked, id=268379, stack(0x000000030cca4000,0x000000030cda4000)]
  0x00007ff3e4975800 JavaThread "Thread-92" [_thread_blocked, id=343711, stack(0x000000030cba1000,0x000000030cca1000)]
  0x00007ff3e4060000 JavaThread "Thread-91" [_thread_blocked, id=266611, stack(0x000000030ca9e000,0x000000030cb9e000)]
  0x00007ff3e49b1800 JavaThread "Thread-90" [_thread_blocked, id=266007, stack(0x000000030c99b000,0x000000030ca9b000)]
  0x00007ff3e3e75000 JavaThread "Thread-89" [_thread_blocked, id=346395, stack(0x000000030c898000,0x000000030c998000)]
  0x00007ff3e28be000 JavaThread "Thread-88" [_thread_blocked, id=265219, stack(0x000000030c795000,0x000000030c895000)]
  0x00007ff3e4052000 JavaThread "Thread-87" [_thread_blocked, id=264511, stack(0x000000030c692000,0x000000030c792000)]
  0x00007ff3e5043000 JavaThread "Thread-86" [_thread_blocked, id=263731, stack(0x000000030c58f000,0x000000030c68f000)]
  0x00007ff3e18d0800 JavaThread "Thread-85" [_thread_blocked, id=262535, stack(0x000000030c48c000,0x000000030c58c000)]
  0x00007ff3e5952000 JavaThread "Thread-84" [_thread_blocked, id=216187, stack(0x000000030c389000,0x000000030c489000)]
  0x00007ff3e41e1800 JavaThread "Thread-83" [_thread_blocked, id=216855, stack(0x000000030c286000,0x000000030c386000)]
  0x00007ff3e3ebe000 JavaThread "Thread-82" [_thread_blocked, id=217387, stack(0x000000030c183000,0x000000030c283000)]
  0x00007ff3e586b000 JavaThread "Thread-81" [_thread_blocked, id=218419, stack(0x000000030c080000,0x000000030c180000)]
  0x00007ff3e5078800 JavaThread "Thread-80" [_thread_blocked, id=219435, stack(0x000000030bf7d000,0x000000030c07d000)]
  0x00007ff3e3b1a000 JavaThread "Thread-79" [_thread_blocked, id=212195, stack(0x000000030be7a000,0x000000030bf7a000)]
  0x00007ff3e3529000 JavaThread "Thread-78" [_thread_blocked, id=210979, stack(0x000000030bd77000,0x000000030be77000)]
  0x00007ff3e485d000 JavaThread "Thread-77" [_thread_blocked, id=209987, stack(0x000000030bc74000,0x000000030bd74000)]
  0x00007ff3e58fd000 JavaThread "Thread-76" [_thread_blocked, id=222283, stack(0x000000030bb71000,0x000000030bc71000)]
  0x00007ff3e3d94000 JavaThread "Thread-75" [_thread_blocked, id=208471, stack(0x000000030ba6e000,0x000000030bb6e000)]
  0x00007ff3e3e7a000 JavaThread "Thread-74" [_thread_blocked, id=224091, stack(0x000000030b96b000,0x000000030ba6b000)]
  0x00007ff3e309d000 JavaThread "Thread-73" [_thread_blocked, id=225339, stack(0x000000030b868000,0x000000030b968000)]
  0x00007ff3e3e59800 JavaThread "Thread-72" [_thread_blocked, id=225819, stack(0x000000030b765000,0x000000030b865000)]
  0x00007ff3e3d9f000 JavaThread "Thread-71" [_thread_blocked, id=226835, stack(0x000000030b662000,0x000000030b762000)]
  0x00007ff3e5816000 JavaThread "Thread-70" [_thread_blocked, id=204827, stack(0x000000030b55f000,0x000000030b65f000)]
  0x00007ff3e510e000 JavaThread "Thread-69" [_thread_blocked, id=203583, stack(0x000000030b45c000,0x000000030b55c000)]
  0x00007ff3e488a000 JavaThread "Thread-68" [_thread_blocked, id=228731, stack(0x000000030b359000,0x000000030b459000)]
  0x00007ff3e50f5000 JavaThread "Thread-67" [_thread_blocked, id=202579, stack(0x000000030b256000,0x000000030b356000)]
  0x00007ff3e41cd000 JavaThread "Thread-66" [_thread_blocked, id=202167, stack(0x000000030b153000,0x000000030b253000)]
  0x00007ff3e589d800 JavaThread "Thread-65" [_thread_blocked, id=231391, stack(0x000000030b050000,0x000000030b150000)]
  0x00007ff3e50aa000 JavaThread "Thread-64" [_thread_blocked, id=200995, stack(0x000000030af4d000,0x000000030b04d000)]
  0x00007ff3e5900000 JavaThread "Thread-63" [_thread_blocked, id=233039, stack(0x000000030ae4a000,0x000000030af4a000)]
  0x00007ff3e4039000 JavaThread "Thread-62" [_thread_blocked, id=156443, stack(0x000000030ad47000,0x000000030ae47000)]
  0x00007ff3e593c000 JavaThread "Thread-61" [_thread_blocked, id=186271, stack(0x000000030ac44000,0x000000030ad44000)]
  0x00007ff3e59ac000 JavaThread "Thread-60" [_thread_blocked, id=195875, stack(0x000000030ab41000,0x000000030ac41000)]
  0x00007ff3e30e0000 JavaThread "Thread-59" [_thread_blocked, id=141823, stack(0x000000030aa3e000,0x000000030ab3e000)]
  0x00007ff3e41d3000 JavaThread "Thread-58" [_thread_blocked, id=125695, stack(0x000000030a93b000,0x000000030aa3b000)]
  0x00007ff3e307e800 JavaThread "Thread-57" [_thread_blocked, id=148411, stack(0x000000030a838000,0x000000030a938000)]
  0x00007ff3e3cfa000 JavaThread "Thread-56" [_thread_blocked, id=144019, stack(0x000000030a735000,0x000000030a835000)]
  0x00007ff3e36b0000 JavaThread "Thread-55" [_thread_blocked, id=140443, stack(0x000000030a632000,0x000000030a732000)]
  0x00007ff3e5050000 JavaThread "Thread-54" [_thread_blocked, id=145587, stack(0x000000030a52f000,0x000000030a62f000)]
  0x00007ff3e5106000 JavaThread "Thread-53" [_thread_blocked, id=185479, stack(0x000000030a42c000,0x000000030a52c000)]
  0x00007ff3e58a3000 JavaThread "Thread-52" [_thread_blocked, id=153623, stack(0x000000030a329000,0x000000030a429000)]
  0x00007ff3e482a000 JavaThread "Thread-51" [_thread_blocked, id=249063, stack(0x000000030a226000,0x000000030a326000)]
  0x00007ff3e39f0800 JavaThread "Thread-50" [_thread_blocked, id=260779, stack(0x000000030a123000,0x000000030a223000)]
  0x00007ff3e5931800 JavaThread "Thread-49" [_thread_blocked, id=258531, stack(0x000000030a020000,0x000000030a120000)]
  0x00007ff3e58a4000 JavaThread "Thread-48" [_thread_blocked, id=179615, stack(0x0000000309f1d000,0x000000030a01d000)]
  0x00007ff3e4032800 JavaThread "Thread-47" [_thread_blocked, id=128539, stack(0x0000000309e1a000,0x0000000309f1a000)]
  0x00007ff3e5103800 JavaThread "Thread-46" [_thread_blocked, id=155227, stack(0x0000000308fe3000,0x00000003090e3000)]
  0x00007ff3e4863000 JavaThread "Thread-45" [_thread_blocked, id=157139, stack(0x00000003081c1000,0x00000003082c1000)]
  0x00007ff3e589f000 JavaThread "Thread-44" [_thread_blocked, id=150163, stack(0x0000000307eab000,0x0000000307fab000)]
  0x00007ff3e3493000 JavaThread "Thread-43" [_thread_blocked, id=253867, stack(0x0000000305a7f000,0x0000000305b7f000)]
  0x00007ff3e5817000 JavaThread "Thread-42" [_thread_blocked, id=184607, stack(0x00000003080be000,0x00000003081be000)]
  0x00007ff3e482b000 JavaThread "Thread-41" [_thread_blocked, id=127295, stack(0x0000000309d17000,0x0000000309e17000)]
  0x00007ff3e59a6800 JavaThread "Thread-40" [_thread_blocked, id=143523, stack(0x0000000309c14000,0x0000000309d14000)]
  0x00007ff3e41a1800 JavaThread "Thread-39" [_thread_blocked, id=67707, stack(0x0000000309b11000,0x0000000309c11000)]
  0x00007ff3e3f2f800 JavaThread "Thread-38" [_thread_blocked, id=242779, stack(0x00000003086a3000,0x00000003087a3000)]
  0x00007ff3e3aa8800 JavaThread "Thread-37" [_thread_blocked, id=155883, stack(0x0000000307fbb000,0x00000003080bb000)]
  0x00007ff3e401b800 JavaThread "Thread-36" [_thread_blocked, id=87907, stack(0x00000003082eb000,0x00000003083eb000)]
  0x00007ff3e4830800 JavaThread "Thread-35" [_thread_blocked, id=199075, stack(0x0000000309a0e000,0x0000000309b0e000)]
  0x00007ff3e306e800 JavaThread "Thread-34" [_thread_blocked, id=234543, stack(0x000000030990b000,0x0000000309a0b000)]
  0x00007ff3e58af000 JavaThread "Thread-33" [_thread_blocked, id=235783, stack(0x0000000309808000,0x0000000309908000)]
  0x00007ff3e481a000 JavaThread "Thread-32" [_thread_blocked, id=236891, stack(0x0000000309705000,0x0000000309805000)]
  0x00007ff3e58b2000 JavaThread "Thread-31" [_thread_blocked, id=237935, stack(0x0000000309602000,0x0000000309702000)]
  0x00007ff3e3ab5000 JavaThread "Thread-30" [_thread_blocked, id=144675, stack(0x00000003094ff000,0x00000003095ff000)]
  0x00007ff3e3f2c000 JavaThread "Thread-29" [_thread_blocked, id=141507, stack(0x00000003093fc000,0x00000003094fc000)]
  0x00007ff3e50a0000 JavaThread "Thread-28" [_thread_blocked, id=255755, stack(0x00000003087b3000,0x00000003088b3000)]
  0x00007ff3e3840800 JavaThread "Thread-27" [_thread_blocked, id=242451, stack(0x00000003092f9000,0x00000003093f9000)]
  0x00007ff3e50a3800 JavaThread "Thread-26" [_thread_blocked, id=256691, stack(0x00000003091f6000,0x00000003092f6000)]
  0x00007ff3e4885000 JavaThread "Thread-25" [_thread_blocked, id=189507, stack(0x00000003090f3000,0x00000003091f3000)]
  0x00007ff3e4045800 JavaThread "Thread-24" [_thread_blocked, id=186491, stack(0x0000000308dd2000,0x0000000308ed2000)]
  0x00007ff3e4020000 JavaThread "Thread-23" [_thread_blocked, id=244763, stack(0x0000000308ccf000,0x0000000308dcf000)]
  0x00007ff3e507b000 JavaThread "Thread-22" [_thread_blocked, id=193451, stack(0x0000000308bcc000,0x0000000308ccc000)]
  0x00007ff3e3b15000 JavaThread "Thread-21" [_thread_blocked, id=194235, stack(0x0000000308ac9000,0x0000000308bc9000)]
  0x00007ff3e3a87800 JavaThread "Thread-20" [_thread_blocked, id=178171, stack(0x00000003089c6000,0x0000000308ac6000)]
  0x00007ff3e3ab2800 JavaThread "Thread-19" [_thread_blocked, id=145267, stack(0x00000003088c3000,0x00000003089c3000)]
  0x00007ff3e1ab4000 JavaThread "Thread-18" [_thread_blocked, id=172851, stack(0x0000000307c97000,0x0000000307d97000)]
  0x00007ff3e584a000 JavaThread "Thread-17" [_thread_blocked, id=132155, stack(0x0000000307b94000,0x0000000307c94000)]
  0x00007ff3e2859000 JavaThread "Thread-16" [_thread_blocked, id=111371, stack(0x0000000307a91000,0x0000000307b91000)]
  0x00007ff3e3316000 JavaThread "Thread-15" [_thread_blocked, id=113499, stack(0x000000030798e000,0x0000000307a8e000)]
  0x00007ff3e5811800 JavaThread "Thread-14" [_thread_blocked, id=114675, stack(0x000000030788b000,0x000000030798b000)]
  0x00007ff3e3af5000 JavaThread "Thread-13" [_thread_blocked, id=108131, stack(0x0000000307788000,0x0000000307888000)]
  0x00007ff3e4833800 JavaThread "Thread-12" [_thread_blocked, id=115663, stack(0x0000000307685000,0x0000000307785000)]
  0x00007ff3e39bc000 JavaThread "Thread-11" [_thread_blocked, id=106195, stack(0x0000000307582000,0x0000000307682000)]
  0x00007ff3e4832000 JavaThread "Thread-10" [_thread_blocked, id=116875, stack(0x000000030747f000,0x000000030757f000)]
  0x00007ff3e4017000 JavaThread "Thread-9" [_thread_blocked, id=104123, stack(0x000000030737c000,0x000000030747c000)]
  0x00007ff3e3136000 JavaThread "Thread-8" [_thread_blocked, id=117519, stack(0x0000000307279000,0x0000000307379000)]
  0x00007ff3e3af0800 JavaThread "Thread-7" [_thread_blocked, id=102515, stack(0x0000000307176000,0x0000000307276000)]
  0x00007ff3e39bd000 JavaThread "Thread-6" [_thread_blocked, id=97335, stack(0x0000000307073000,0x0000000307173000)]
  0x00007ff3e4028800 JavaThread "Thread-5" [_thread_blocked, id=120427, stack(0x0000000306f70000,0x0000000307070000)]
  0x00007ff3e3856800 JavaThread "Thread-4" [_thread_blocked, id=121219, stack(0x0000000306e6d000,0x0000000306f6d000)]
  0x00007ff3e1935000 JavaThread "Thread-3" [_thread_blocked, id=122151, stack(0x0000000306d6a000,0x0000000306e6a000)]
  0x00007ff3e3199800 JavaThread "Thread-2" [_thread_blocked, id=99475, stack(0x0000000306c67000,0x0000000306d67000)]
  0x00007ff3e2815000 JavaThread "Thread-1" [_thread_blocked, id=90835, stack(0x0000000306a53000,0x0000000306b53000)]
  0x00007ff3e314a000 JavaThread "DestroyJavaVM" [_thread_blocked, id=10499, stack(0x0000000304e5b000,0x0000000304f5b000)]
  0x00007ff3e3995000 JavaThread "Thread-0" [_thread_in_native, id=128795, stack(0x00000003068c7000,0x00000003069c7000)]
  0x00007ff3e29b8800 JavaThread "AWT-EventQueue-0" [_thread_blocked, id=91151, stack(0x000000030673d000,0x000000030683d000)]
  0x00007ff3e311b000 JavaThread "Java2D Disposer" daemon [_thread_blocked, id=71891, stack(0x000000030663a000,0x000000030673a000)]
  0x00007ff3e187d000 JavaThread "Java2D Queue Flusher" daemon [_thread_in_native, id=68411, stack(0x0000000306537000,0x0000000306637000)]
  0x00007ff3e2988800 JavaThread "AWT-Shutdown" [_thread_blocked, id=62983, stack(0x00000003063ae000,0x00000003064ae000)]
=>0x00007ff3e185f000 JavaThread "AppKit Thread" daemon [_thread_in_native, id=259, stack(0x00000003045d7000,0x0000000304dd7000)]
  0x00007ff3e3072000 JavaThread "Service Thread" daemon [_thread_blocked, id=31495, stack(0x000000030609e000,0x000000030619e000)]
  0x00007ff3e282e000 JavaThread "C1 CompilerThread3" daemon [_thread_blocked, id=23299, stack(0x0000000305f9b000,0x000000030609b000)]
  0x00007ff3e2814000 JavaThread "C2 CompilerThread2" daemon [_thread_blocked, id=32259, stack(0x0000000305e98000,0x0000000305f98000)]
  0x00007ff3e2813800 JavaThread "C2 CompilerThread1" daemon [_thread_blocked, id=32515, stack(0x0000000305d95000,0x0000000305e95000)]
  0x00007ff3e180e000 JavaThread "C2 CompilerThread0" daemon [_thread_blocked, id=22275, stack(0x0000000305c92000,0x0000000305d92000)]
  0x00007ff3e1821800 JavaThread "Signal Dispatcher" daemon [_thread_blocked, id=21763, stack(0x0000000305b8f000,0x0000000305c8f000)]
  0x00007ff3e5013000 JavaThread "Finalizer" daemon [_thread_blocked, id=21003, stack(0x000000030597c000,0x0000000305a7c000)]
  0x00007ff3e3022000 JavaThread "Reference Handler" daemon [_thread_blocked, id=16751, stack(0x0000000305879000,0x0000000305979000)]

Other Threads:
  0x00007ff3e480d000 VMThread [stack: 0x0000000305776000,0x0000000305876000] [id=12291]
  0x00007ff3e307b000 WatcherThread [stack: 0x00000003061a1000,0x00000003062a1000] [id=24071]

VM state:not at safepoint (normal execution)

VM Mutex/Monitor currently owned by a thread: None

Heap:
 PSYoungGen      total 25088K, used 17621K [0x0000000795580000, 0x0000000797000000, 0x00000007c0000000)
  eden space 24064K, 71% used [0x0000000795580000,0x00000007966356a0,0x0000000796d00000)
  from space 1024K, 50% used [0x0000000796f00000,0x0000000796f80000,0x0000000797000000)
  to   space 1536K, 0% used [0x0000000796d00000,0x0000000796d00000,0x0000000796e80000)
 ParOldGen       total 87552K, used 22054K [0x0000000740000000, 0x0000000745580000, 0x0000000795580000)
  object space 87552K, 25% used [0x0000000740000000,0x0000000741589890,0x0000000745580000)
 Metaspace       used 10310K, capacity 10530K, committed 10752K, reserved 1058816K
  class space    used 1178K, capacity 1257K, committed 1280K, reserved 1048576K

Card table byte_map: [0x000000010d3c0000,0x000000010d7c1000] byte_map_base: 0x00000001099c0000

Marking Bits: (ParMarkBitMap*) 0x000000010e849bd0
 Begin Bits: [0x000000011edd7000, 0x0000000120dd7000)
 End Bits:   [0x0000000120dd7000, 0x0000000122dd7000)

Polling page: 0x0000000108caf000

CodeCache: size=245760Kb used=5899Kb max_used=5910Kb free=239860Kb
 bounds [0x000000010fdd7000, 0x00000001103b7000, 0x000000011edd7000]
 total_blobs=2187 nmethods=1719 adapters=382
 compilation: enabled

Compilation events (10 events):
Event: 163.970 Thread 0x00007ff3e282e000 2013       3       sun.util.locale.LocaleObjectCache::cleanStaleEntries (33 bytes)
Event: 163.972 Thread 0x00007ff3e282e000 nmethod 2013 0x00000001103a0e90 code [0x00000001103a1040, 0x00000001103a1738]
Event: 168.203 Thread 0x00007ff3e282e000 2014       1       sun.awt.NullComponentPeer::beginLayout (1 bytes)
Event: 168.204 Thread 0x00007ff3e282e000 nmethod 2014 0x000000011039d950 code [0x000000011039daa0, 0x000000011039dbb0]
Event: 168.204 Thread 0x00007ff3e282e000 2015       1       sun.awt.NullComponentPeer::endLayout (1 bytes)
Event: 168.204 Thread 0x00007ff3e282e000 nmethod 2015 0x000000011039d690 code [0x000000011039d7e0, 0x000000011039d8f0]
Event: 169.805 Thread 0x00007ff3e282e000 2016   !   3       java.util.concurrent.locks.AbstractQueuedSynchronizer::fullyRelease (54 bytes)
Event: 169.806 Thread 0x00007ff3e282e000 nmethod 2016 0x00000001103a0410 code [0x00000001103a05c0, 0x00000001103a0ba8]
Event: 169.855 Thread 0x00007ff3e180e000 2017       4       java.lang.Object::wait (6 bytes)
Event: 169.857 Thread 0x00007ff3e180e000 nmethod 2017 0x000000010ff93e50 code [0x000000010ff93fa0, 0x000000010ff94028]

GC Heap History (10 events):
Event: 160.525 GC heap before
{Heap before GC invocations=44 (full 0):
 PSYoungGen      total 25088K, used 24608K [0x0000000795580000, 0x0000000797100000, 0x00000007c0000000)
  eden space 24064K, 100% used [0x0000000795580000,0x0000000796d00000,0x0000000796d00000)
  from space 1024K, 53% used [0x0000000796d00000,0x0000000796d88000,0x0000000796e00000)
  to   space 2048K, 0% used [0x0000000796f00000,0x0000000796f00000,0x0000000797100000)
 ParOldGen       total 87552K, used 20838K [0x0000000740000000, 0x0000000745580000, 0x0000000795580000)
  object space 87552K, 23% used [0x0000000740000000,0x0000000741459890,0x0000000745580000)
 Metaspace       used 10307K, capacity 10530K, committed 10752K, reserved 1058816K
  class space    used 1178K, capacity 1257K, committed 1280K, reserved 1048576K
Event: 160.530 GC heap after
Heap after GC invocations=44 (full 0):
 PSYoungGen      total 26112K, used 544K [0x0000000795580000, 0x0000000797100000, 0x00000007c0000000)
  eden space 24064K, 0% used [0x0000000795580000,0x0000000795580000,0x0000000796d00000)
  from space 2048K, 26% used [0x0000000796f00000,0x0000000796f88000,0x0000000797100000)
  to   space 2048K, 0% used [0x0000000796d00000,0x0000000796d00000,0x0000000796f00000)
 ParOldGen       total 87552K, used 21102K [0x0000000740000000, 0x0000000745580000, 0x0000000795580000)
  object space 87552K, 24% used [0x0000000740000000,0x000000074149b890,0x0000000745580000)
 Metaspace       used 10307K, capacity 10530K, committed 10752K, reserved 1058816K
  class space    used 1178K, capacity 1257K, committed 1280K, reserved 1048576K
}
Event: 163.336 GC heap before
{Heap before GC invocations=45 (full 0):
 PSYoungGen      total 26112K, used 24608K [0x0000000795580000, 0x0000000797100000, 0x00000007c0000000)
  eden space 24064K, 100% used [0x0000000795580000,0x0000000796d00000,0x0000000796d00000)
  from space 2048K, 26% used [0x0000000796f00000,0x0000000796f88000,0x0000000797100000)
  to   space 2048K, 0% used [0x0000000796d00000,0x0000000796d00000,0x0000000796f00000)
 ParOldGen       total 87552K, used 21102K [0x0000000740000000, 0x0000000745580000, 0x0000000795580000)
  object space 87552K, 24% used [0x0000000740000000,0x000000074149b890,0x0000000745580000)
 Metaspace       used 10307K, capacity 10530K, committed 10752K, reserved 1058816K
  class space    used 1178K, capacity 1257K, committed 1280K, reserved 1048576K
Event: 163.348 GC heap after
Heap after GC invocations=45 (full 0):
 PSYoungGen      total 26112K, used 384K [0x0000000795580000, 0x0000000797100000, 0x00000007c0000000)
  eden space 24064K, 0% used [0x0000000795580000,0x0000000795580000,0x0000000796d00000)
  from space 2048K, 18% used [0x0000000796d00000,0x0000000796d60000,0x0000000796f00000)
  to   space 2048K, 0% used [0x0000000796f00000,0x0000000796f00000,0x0000000797100000)
 ParOldGen       total 87552K, used 21358K [0x0000000740000000, 0x0000000745580000, 0x0000000795580000)
  object space 87552K, 24% used [0x0000000740000000,0x00000007414db890,0x0000000745580000)
 Metaspace       used 10307K, capacity 10530K, committed 10752K, reserved 1058816K
  class space    used 1178K, capacity 1257K, committed 1280K, reserved 1048576K
}
Event: 166.230 GC heap before
{Heap before GC invocations=46 (full 0):
 PSYoungGen      total 26112K, used 24448K [0x0000000795580000, 0x0000000797100000, 0x00000007c0000000)
  eden space 24064K, 100% used [0x0000000795580000,0x0000000796d00000,0x0000000796d00000)
  from space 2048K, 18% used [0x0000000796d00000,0x0000000796d60000,0x0000000796f00000)
  to   space 2048K, 0% used [0x0000000796f00000,0x0000000796f00000,0x0000000797100000)
 ParOldGen       total 87552K, used 21358K [0x0000000740000000, 0x0000000745580000, 0x0000000795580000)
  object space 87552K, 24% used [0x0000000740000000,0x00000007414db890,0x0000000745580000)
 Metaspace       used 10310K, capacity 10530K, committed 10752K, reserved 1058816K
  class space    used 1178K, capacity 1257K, committed 1280K, reserved 1048576K
Event: 166.233 GC heap after
Heap after GC invocations=46 (full 0):
 PSYoungGen      total 26112K, used 512K [0x0000000795580000, 0x0000000797100000, 0x00000007c0000000)
  eden space 24064K, 0% used [0x0000000795580000,0x0000000795580000,0x0000000796d00000)
  from space 2048K, 25% used [0x0000000796f00000,0x0000000796f80000,0x0000000797100000)
  to   space 2048K, 0% used [0x0000000796d00000,0x0000000796d00000,0x0000000796f00000)
 ParOldGen       total 87552K, used 21510K [0x0000000740000000, 0x0000000745580000, 0x0000000795580000)
  object space 87552K, 24% used [0x0000000740000000,0x0000000741501890,0x0000000745580000)
 Metaspace       used 10310K, capacity 10530K, committed 10752K, reserved 1058816K
  class space    used 1178K, capacity 1257K, committed 1280K, reserved 1048576K
}
Event: 169.250 GC heap before
{Heap before GC invocations=47 (full 0):
 PSYoungGen      total 26112K, used 24576K [0x0000000795580000, 0x0000000797100000, 0x00000007c0000000)
  eden space 24064K, 100% used [0x0000000795580000,0x0000000796d00000,0x0000000796d00000)
  from space 2048K, 25% used [0x0000000796f00000,0x0000000796f80000,0x0000000797100000)
  to   space 2048K, 0% used [0x0000000796d00000,0x0000000796d00000,0x0000000796f00000)
 ParOldGen       total 87552K, used 21510K [0x0000000740000000, 0x0000000745580000, 0x0000000795580000)
  object space 87552K, 24% used [0x0000000740000000,0x0000000741501890,0x0000000745580000)
 Metaspace       used 10310K, capacity 10530K, committed 10752K, reserved 1058816K
  class space    used 1178K, capacity 1257K, committed 1280K, reserved 1048576K
Event: 169.255 GC heap after
Heap after GC invocations=47 (full 0):
 PSYoungGen      total 26112K, used 512K [0x0000000795580000, 0x0000000797100000, 0x00000007c0000000)
  eden space 24064K, 0% used [0x0000000795580000,0x0000000795580000,0x0000000796d00000)
  from space 2048K, 25% used [0x0000000796d00000,0x0000000796d80000,0x0000000796f00000)
  to   space 2048K, 0% used [0x0000000796f00000,0x0000000796f00000,0x0000000797100000)
 ParOldGen       total 87552K, used 21790K [0x0000000740000000, 0x0000000745580000, 0x0000000795580000)
  object space 87552K, 24% used [0x0000000740000000,0x0000000741547890,0x0000000745580000)
 Metaspace       used 10310K, capacity 10530K, committed 10752K, reserved 1058816K
  class space    used 1178K, capacity 1257K, committed 1280K, reserved 1048576K
}
Event: 172.221 GC heap before
{Heap before GC invocations=48 (full 0):
 PSYoungGen      total 26112K, used 24576K [0x0000000795580000, 0x0000000797100000, 0x00000007c0000000)
  eden space 24064K, 100% used [0x0000000795580000,0x0000000796d00000,0x0000000796d00000)
  from space 2048K, 25% used [0x0000000796d00000,0x0000000796d80000,0x0000000796f00000)
  to   space 2048K, 0% used [0x0000000796f00000,0x0000000796f00000,0x0000000797100000)
 ParOldGen       total 87552K, used 21790K [0x0000000740000000, 0x0000000745580000, 0x0000000795580000)
  object space 87552K, 24% used [0x0000000740000000,0x0000000741547890,0x0000000745580000)
 Metaspace       used 10310K, capacity 10530K, committed 10752K, reserved 1058816K
  class space    used 1178K, capacity 1257K, committed 1280K, reserved 1048576K
Event: 172.225 GC heap after
Heap after GC invocations=48 (full 0):
 PSYoungGen      total 25088K, used 512K [0x0000000795580000, 0x0000000797000000, 0x00000007c0000000)
  eden space 24064K, 0% used [0x0000000795580000,0x0000000795580000,0x0000000796d00000)
  from space 1024K, 50% used [0x0000000796f00000,0x0000000796f80000,0x0000000797000000)
  to   space 1536K, 0% used [0x0000000796d00000,0x0000000796d00000,0x0000000796e80000)
 ParOldGen       total 87552K, used 22054K [0x0000000740000000, 0x0000000745580000, 0x0000000795580000)
  object space 87552K, 25% used [0x0000000740000000,0x0000000741589890,0x0000000745580000)
 Metaspace       used 10310K, capacity 10530K, committed 10752K, reserved 1058816K
  class space    used 1178K, capacity 1257K, committed 1280K, reserved 1048576K
}

Deoptimization events (10 events):
Event: 9.788 Thread 0x00007ff3e2815000 Uncommon trap: reason=unstable_if action=reinterpret pc=0x000000010fff76f4 method=Breakout.Gamerunner2.handleBrickCollisions()V @ 25
Event: 9.790 Thread 0x00007ff3e4028800 Uncommon trap: reason=unstable_if action=reinterpret pc=0x00000001100856e0 method=java.util.Random.next(I)I @ 35
Event: 10.102 Thread 0x00007ff3e3995000 Uncommon trap: reason=unstable_if action=reinterpret pc=0x00000001100bc304 method=java.lang.ref.SoftReference.get()Ljava/lang/Object; @ 17
Event: 10.135 Thread 0x00007ff3e4833800 Uncommon trap: reason=unstable_if action=reinterpret pc=0x000000011015faa4 method=sun.java2d.pipe.RenderQueue.ensureCapacity(I)V @ 8
Event: 10.569 Thread 0x00007ff3e3136000 Uncommon trap: reason=unstable_if action=reinterpret pc=0x000000011010838c method=sun.java2d.pipe.RenderQueue.ensureCapacity(I)V @ 8
Event: 10.779 Thread 0x00007ff3e3199800 Uncommon trap: reason=unstable_if action=reinterpret pc=0x0000000110217794 method=Breakout.Gamerunner2.handlePowerUps()V @ 42
Event: 10.852 Thread 0x00007ff3e3af0800 Uncommon trap: reason=unstable_if action=reinterpret pc=0x00000001100ff4f4 method=sun.java2d.pipe.RenderQueue.ensureCapacity(I)V @ 8
Event: 11.648 Thread 0x00007ff3e2815000 Uncommon trap: reason=unstable_if action=reinterpret pc=0x000000010ffc7608 method=Breakout.Gamerunner2.handlePaddleCollision()V @ 17
Event: 11.832 Thread 0x00007ff3e3199800 Uncommon trap: reason=unstable_if action=reinterpret pc=0x000000011021e3d8 method=Breakout.Gamerunner2.handlePaddleCollision()V @ 17
Event: 32.098 Thread 0x00007ff3e3995000 Uncommon trap: reason=predicate action=maybe_recompile pc=0x000000011015225c method=game.GDV5.run()V @ 37

Internal exceptions (10 events):
Event: 0.436 Thread 0x00007ff3e2809800 Exception <a 'java/security/PrivilegedActionException'> (0x000000079560e660) thrown at [/Users/java_re/workspace/8-2-build-macosx-x86_64/jdk8u92/6642/hotspot/src/share/vm/prims/jvm.cpp, line 1386]
Event: 0.436 Thread 0x00007ff3e2809800 Exception <a 'java/security/PrivilegedActionException'> (0x000000079560e870) thrown at [/Users/java_re/workspace/8-2-build-macosx-x86_64/jdk8u92/6642/hotspot/src/share/vm/prims/jvm.cpp, line 1386]
Event: 0.561 Thread 0x00007ff3e2809800 Exception <a 'java/lang/NoSuchFieldError': method resolution failed> (0x0000000795782b70) thrown at [/Users/java_re/workspace/8-2-build-macosx-x86_64/jdk8u92/6642/hotspot/src/share/vm/prims/methodHandles.cpp, line 1146]
Event: 0.568 Thread 0x00007ff3e2809800 Exception <a 'java/lang/NoSuchFieldError': method resolution failed> (0x0000000795790340) thrown at [/Users/java_re/workspace/8-2-build-macosx-x86_64/jdk8u92/6642/hotspot/src/share/vm/prims/methodHandles.cpp, line 1146]
Event: 2.083 Thread 0x00007ff3e2809800 Exception <a 'java/io/FileNotFoundException'> (0x000000079580d5f0) thrown at [/Users/java_re/workspace/8-2-build-macosx-x86_64/jdk8u92/6642/hotspot/src/share/vm/prims/jni.cpp, line 709]
Event: 2.083 Thread 0x00007ff3e2809800 Exception <a 'java/io/FileNotFoundException'> (0x000000079580e160) thrown at [/Users/java_re/workspace/8-2-build-macosx-x86_64/jdk8u92/6642/hotspot/src/share/vm/prims/jni.cpp, line 709]
Event: 2.277 Thread 0x00007ff3e185f000 Implicit null exception at 0x000000010ff4d9dc to 0x000000010ff4dbc1
Event: 6.308 Thread 0x00007ff3e3995000 Implicit null exception at 0x0000000110095e98 to 0x0000000110095eea
Event: 6.350 Thread 0x00007ff3e185f000 Implicit null exception at 0x0000000110086933 to 0x0000000110087629
Event: 6.372 Thread 0x00007ff3e29b8800 Implicit null exception at 0x00000001100b59cd to 0x00000001100b5ba5

Events (10 events):
Event: 166.233 Executing VM operation: ParallelGCFailedAllocation done
Event: 166.920 Thread 0x00007ff3e2ce7000 Thread added: 0x00007ff3e2ce7000
Event: 168.559 Thread 0x00007ff3e2cdd000 Thread added: 0x00007ff3e2cdd000
Event: 169.246 Executing VM operation: ParallelGCFailedAllocation
Event: 169.255 Executing VM operation: ParallelGCFailedAllocation done
Event: 169.853 Thread 0x00007ff3e3787000 Thread added: 0x00007ff3e3787000
Event: 171.481 Thread 0x00007ff3e1a9a000 Thread added: 0x00007ff3e1a9a000
Event: 172.219 Executing VM operation: ParallelGCFailedAllocation
Event: 172.225 Executing VM operation: ParallelGCFailedAllocation done
Event: 173.153 Thread 0x00007ff3e519f000 Thread added: 0x00007ff3e519f000


Dynamic libraries:
0x0000000003c48000 	/System/Library/Frameworks/Cocoa.framework/Versions/A/Cocoa
0x0000000003c48000 	/System/Library/Frameworks/AppKit.framework/Versions/C/AppKit
0x0000000003c48000 	/System/Library/Frameworks/CoreData.framework/Versions/A/CoreData
0x0000000003c48000 	/System/Library/Frameworks/Foundation.framework/Versions/C/Foundation
0x0000000003c48000 	/usr/lib/libSystem.B.dylib
0x0000000003c48000 	/System/Library/PrivateFrameworks/UIFoundation.framework/Versions/A/UIFoundation
0x0000000003c48000 	/System/Library/PrivateFrameworks/CollectionViewCore.framework/Versions/A/CollectionViewCore
0x0000000003c48000 	/System/Library/PrivateFrameworks/XCTTargetBootstrap.framework/Versions/A/XCTTargetBootstrap
0x0000000003c48000 	/System/Library/PrivateFrameworks/InternationalSupport.framework/Versions/A/InternationalSupport
0x0000000003c48000 	/System/Library/PrivateFrameworks/UserActivity.framework/Versions/A/UserActivity
0x0000000003c48000 	/System/Library/PrivateFrameworks/BaseBoard.framework/Versions/A/BaseBoard
0x0000000003c48000 	/System/Library/PrivateFrameworks/FrontBoard.framework/Versions/A/FrontBoard
0x0000000003c48000 	/System/Library/PrivateFrameworks/FrontBoardServices.framework/Versions/A/FrontBoardServices
0x0000000003c48000 	/usr/lib/libRosetta.dylib
0x0000000003c48000 	/System/Library/PrivateFrameworks/UIIntelligenceSupport.framework/Versions/A/UIIntelligenceSupport
0x0000000003c48000 	/System/Library/Frameworks/SwiftUICore.framework/Versions/A/SwiftUICore
0x0000000003c48000 	/System/Library/PrivateFrameworks/WritingTools.framework/Versions/A/WritingTools
0x0000000003c48000 	/System/Library/PrivateFrameworks/WindowManagement.framework/Versions/A/WindowManagement
0x0000000003c48000 	/System/Library/Frameworks/SystemConfiguration.framework/Versions/A/SystemConfiguration
0x0000000003c48000 	/usr/lib/libspindump.dylib
0x0000000003c48000 	/System/Library/Frameworks/UniformTypeIdentifiers.framework/Versions/A/UniformTypeIdentifiers
0x0000000003c48000 	/usr/lib/libbsm.0.dylib
0x0000000003c48000 	/usr/lib/libapp_launch_measurement.dylib
0x0000000003c48000 	/System/Library/PrivateFrameworks/CoreAnalytics.framework/Versions/A/CoreAnalytics
0x0000000003c48000 	/System/Library/PrivateFrameworks/CoreAutoLayout.framework/Versions/A/CoreAutoLayout
0x0000000003c48000 	/System/Library/Frameworks/Metal.framework/Versions/A/Metal
0x0000000003c48000 	/usr/lib/liblangid.dylib
0x0000000003c48000 	/System/Library/PrivateFrameworks/CoreSVG.framework/Versions/A/CoreSVG
0x0000000003c48000 	/System/Library/PrivateFrameworks/SkyLight.framework/Versions/A/SkyLight
0x0000000003c48000 	/System/Library/PrivateFrameworks/FocusEngine.framework/Versions/A/FocusEngine
0x0000000003c48000 	/System/Library/Frameworks/CoreGraphics.framework/Versions/A/CoreGraphics
0x0000000003c48000 	/System/Library/PrivateFrameworks/DesignLibrary.framework/Versions/A/DesignLibrary
0x0000000003c48000 	/System/Library/Frameworks/Accelerate.framework/Versions/A/Accelerate
0x0000000003c48000 	/System/Library/PrivateFrameworks/IconServices.framework/Versions/A/IconServices
0x0000000003c48000 	/System/Library/Frameworks/IOSurface.framework/Versions/A/IOSurface
0x0000000003c48000 	/usr/lib/libDiagnosticMessagesClient.dylib
0x0000000003c48000 	/usr/lib/libz.1.dylib
0x0000000003c48000 	/System/Library/Frameworks/ApplicationServices.framework/Versions/A/ApplicationServices
0x0000000003c48000 	/System/Library/PrivateFrameworks/DFRFoundation.framework/Versions/A/DFRFoundation
0x0000000003c48000 	/usr/lib/libicucore.A.dylib
0x0000000003c48000 	/System/Library/Frameworks/AudioToolbox.framework/Versions/A/AudioToolbox
0x0000000003c48000 	/System/Library/PrivateFrameworks/DataDetectorsCore.framework/Versions/A/DataDetectorsCore
0x0000000003c48000 	/System/Library/PrivateFrameworks/UpdateCycle.framework/Versions/A/UpdateCycle
0x0000000003c48000 	/System/Library/PrivateFrameworks/TextInput.framework/Versions/A/TextInput
0x0000000003c48000 	/usr/lib/libMobileGestalt.dylib
0x0000000003c48000 	/System/Library/Frameworks/Carbon.framework/Versions/A/Frameworks/HIToolbox.framework/Versions/A/HIToolbox
0x0000000003c48000 	/System/Library/Frameworks/QuartzCore.framework/Versions/A/QuartzCore
0x0000000003c48000 	/System/Library/Frameworks/Security.framework/Versions/A/Security
0x0000000003c48000 	/System/Library/Frameworks/Carbon.framework/Versions/A/Frameworks/SpeechRecognition.framework/Versions/A/SpeechRecognition
0x0000000003c48000 	/System/Library/PrivateFrameworks/CoreUI.framework/Versions/A/CoreUI
0x0000000003c48000 	/System/Library/Frameworks/CoreAudio.framework/Versions/A/CoreAudio
0x0000000003c48000 	/System/Library/Frameworks/DiskArbitration.framework/Versions/A/DiskArbitration
0x0000000003c48000 	/System/Library/PrivateFrameworks/MultitouchSupport.framework/Versions/A/MultitouchSupport
0x0000000003c48000 	/usr/lib/libenergytrace.dylib
0x0000000003c48000 	/System/Library/PrivateFrameworks/RenderBox.framework/Versions/A/RenderBox
0x0000000003c48000 	/System/Library/Frameworks/IOKit.framework/Versions/A/IOKit
0x0000000003c48000 	/System/Library/Frameworks/CoreServices.framework/Versions/A/CoreServices
0x0000000003c48000 	/System/Library/PrivateFrameworks/PerformanceAnalysis.framework/Versions/A/PerformanceAnalysis
0x0000000003c48000 	/System/Library/Frameworks/OpenGL.framework/Versions/A/OpenGL
0x0000000003c48000 	/usr/lib/libxml2.2.dylib
0x0000000003c48000 	/System/Library/PrivateFrameworks/MobileKeyBag.framework/Versions/A/MobileKeyBag
0x0000000003c48000 	/usr/lib/libobjc.A.dylib
0x0000000003c48000 	/usr/lib/libc++.1.dylib
0x0000000003c48000 	/System/Library/Frameworks/Accessibility.framework/Versions/A/Accessibility
0x0000000003c48000 	/System/Library/Frameworks/ColorSync.framework/Versions/A/ColorSync
0x0000000003c48000 	/System/Library/Frameworks/CoreFoundation.framework/Versions/A/CoreFoundation
0x0000000003c48000 	/System/Library/Frameworks/CoreImage.framework/Versions/A/CoreImage
0x0000000003c48000 	/System/Library/Frameworks/CoreText.framework/Versions/A/CoreText
0x0000000003c48000 	/System/Library/Frameworks/CoreTransferable.framework/Versions/A/CoreTransferable
0x0000000003c48000 	/System/Library/Frameworks/DataDetection.framework/Versions/A/DataDetection
0x0000000003c48000 	/System/Library/Frameworks/DeveloperToolsSupport.framework/Versions/A/DeveloperToolsSupport
0x0000000003c48000 	/System/Library/Frameworks/ImageIO.framework/Versions/A/ImageIO
0x0000000003c48000 	/System/Library/Frameworks/Symbols.framework/Versions/A/Symbols
0x0000000003c48000 	/System/Library/PrivateFrameworks/AttributeGraph.framework/Versions/A/AttributeGraph
0x0000000003c48000 	/System/Library/PrivateFrameworks/BoardServices.framework/Versions/A/BoardServices
0x0000000003c48000 	/System/Library/PrivateFrameworks/FeatureFlags.framework/Versions/A/FeatureFlags
0x0000000003c48000 	/System/Library/PrivateFrameworks/Gestures.framework/Versions/A/Gestures
0x0000000003c48000 	/System/Library/PrivateFrameworks/SoftLinking.framework/Versions/A/SoftLinking
0x0000000003c48000 	/usr/lib/swift/libswiftAccelerate.dylib
0x0000000003c48000 	/usr/lib/swift/libswiftCore.dylib
0x0000000003c48000 	/usr/lib/swift/libswiftCoreFoundation.dylib
0x0000000003c48000 	/usr/lib/swift/libswiftCoreImage.dylib
0x0000000003c48000 	/usr/lib/swift/libswiftDispatch.dylib
0x0000000003c48000 	/usr/lib/swift/libswiftIOKit.dylib
0x0000000003c48000 	/usr/lib/swift/libswiftMetal.dylib
0x0000000003c48000 	/usr/lib/swift/libswiftOSLog.dylib
0x0000000003c48000 	/usr/lib/swift/libswiftObjectiveC.dylib
0x0000000003c48000 	/usr/lib/swift/libswiftObservation.dylib
0x0000000003c48000 	/usr/lib/swift/libswiftQuartzCore.dylib
0x0000000003c48000 	/usr/lib/swift/libswiftSynchronization.dylib
0x0000000003c48000 	/usr/lib/swift/libswiftUniformTypeIdentifiers.dylib
0x0000000003c48000 	/usr/lib/swift/libswiftXPC.dylib
0x0000000003c48000 	/usr/lib/swift/libswift_Builtin_float.dylib
0x0000000003c48000 	/usr/lib/swift/libswift_Concurrency.dylib
0x0000000003c48000 	/usr/lib/swift/libswiftos.dylib
0x0000000003c48000 	/usr/lib/swift/libswiftsimd.dylib
0x0000000003c48000 	/usr/lib/libcompression.dylib
0x0000000003c48000 	/System/Library/PrivateFrameworks/TextureIO.framework/Versions/A/TextureIO
0x0000000003c48000 	/System/Library/Frameworks/ApplicationServices.framework/Versions/A/Frameworks/HIServices.framework/Versions/A/HIServices
0x0000000003c48000 	/usr/lib/libate.dylib
0x0000000003c48000 	/usr/lib/system/libcache.dylib
0x0000000003c48000 	/usr/lib/system/libcommonCrypto.dylib
0x0000000003c48000 	/usr/lib/system/libcompiler_rt.dylib
0x0000000003c48000 	/usr/lib/system/libcopyfile.dylib
0x0000000003c48000 	/usr/lib/system/libcorecrypto.dylib
0x0000000003c48000 	/usr/lib/system/libdispatch.dylib
0x0000000003c48000 	/usr/lib/system/libdyld.dylib
0x0000000003c48000 	/usr/lib/system/libkeymgr.dylib
0x0000000003c48000 	/usr/lib/system/libmacho.dylib
0x0000000003c48000 	/usr/lib/system/libquarantine.dylib
0x0000000003c48000 	/usr/lib/system/libremovefile.dylib
0x0000000003c48000 	/usr/lib/system/libsystem_asl.dylib
0x0000000003c48000 	/usr/lib/system/libsystem_blocks.dylib
0x0000000003c48000 	/usr/lib/system/libsystem_c.dylib
0x0000000003c48000 	/usr/lib/system/libsystem_collections.dylib
0x0000000003c48000 	/usr/lib/system/libsystem_configuration.dylib
0x0000000003c48000 	/usr/lib/system/libsystem_containermanager.dylib
0x0000000003c48000 	/usr/lib/system/libsystem_coreservices.dylib
0x0000000003c48000 	/usr/lib/system/libsystem_darwin.dylib
0x0000000003c48000 	/usr/lib/system/libsystem_darwindirectory.dylib
0x0000000003c48000 	/usr/lib/system/libsystem_dnssd.dylib
0x0000000003c48000 	/usr/lib/system/libsystem_eligibility.dylib
0x0000000003c48000 	/usr/lib/system/libsystem_featureflags.dylib
0x0000000003c48000 	/usr/lib/system/libsystem_info.dylib
0x0000000003c48000 	/usr/lib/system/libsystem_m.dylib
0x0000000003c48000 	/usr/lib/system/libsystem_malloc.dylib
0x0000000003c48000 	/usr/lib/system/libsystem_networkextension.dylib
0x0000000003c48000 	/usr/lib/system/libsystem_notify.dylib
0x0000000003c48000 	/usr/lib/system/libsystem_sandbox.dylib
0x0000000003c48000 	/usr/lib/system/libsystem_sanitizers.dylib
0x0000000003c48000 	/usr/lib/system/libsystem_secinit.dylib
0x0000000003c48000 	/usr/lib/system/libsystem_kernel.dylib
0x0000000003c48000 	/usr/lib/system/libsystem_platform.dylib
0x0000000003c48000 	/usr/lib/system/libsystem_pthread.dylib
0x0000000003c48000 	/usr/lib/system/libsystem_symptoms.dylib
0x0000000003c48000 	/usr/lib/system/libsystem_trace.dylib
0x0000000003c48000 	/usr/lib/system/libsystem_trial.dylib
0x0000000003c48000 	/usr/lib/system/libunwind.dylib
0x0000000003c48000 	/usr/lib/system/libxpc.dylib
0x0000000003c48000 	/usr/lib/libc++abi.dylib
0x0000000003c48000 	/usr/lib/libswiftPrespecialized.dylib
0x0000000003c48000 	/usr/lib/libfakelink.dylib
0x0000000003c48000 	/System/Library/Frameworks/CFNetwork.framework/Versions/A/CFNetwork
0x0000000003c48000 	/usr/lib/libarchive.2.dylib
0x0000000003c48000 	/System/Library/Frameworks/Combine.framework/Versions/A/Combine
0x0000000003c48000 	/System/Library/PrivateFrameworks/CollectionsInternal.framework/Versions/A/CollectionsInternal
0x0000000003c48000 	/System/Library/PrivateFrameworks/ReflectionInternal.framework/Versions/A/ReflectionInternal
0x0000000003c48000 	/System/Library/PrivateFrameworks/RuntimeInternal.framework/Versions/A/RuntimeInternal
0x0000000003c48000 	/usr/lib/swift/libswiftDarwin.dylib
0x0000000003c48000 	/usr/lib/swift/libswiftSystem.dylib
0x0000000003c48000 	/usr/lib/swift/libswift_DarwinFoundation1.dylib
0x0000000003c48000 	/usr/lib/swift/libswift_StringProcessing.dylib
0x0000000003c48000 	/System/Library/PrivateFrameworks/CoreServicesInternal.framework/Versions/A/CoreServicesInternal
0x0000000003c48000 	/usr/lib/liboah.dylib
0x0000000003c48000 	/System/Library/PrivateFrameworks/DiskImages.framework/Versions/A/DiskImages
0x0000000003c48000 	/System/Library/Frameworks/NetFS.framework/Versions/A/NetFS
0x0000000003c48000 	/System/Library/Frameworks/CoreServices.framework/Versions/A/Frameworks/FSEvents.framework/Versions/A/FSEvents
0x0000000003c48000 	/System/Library/Frameworks/CoreServices.framework/Versions/A/Frameworks/CarbonCore.framework/Versions/A/CarbonCore
0x0000000003c48000 	/System/Library/Frameworks/CoreServices.framework/Versions/A/Frameworks/Metadata.framework/Versions/A/Metadata
0x0000000003c48000 	/System/Library/Frameworks/CoreServices.framework/Versions/A/Frameworks/OSServices.framework/Versions/A/OSServices
0x0000000003c48000 	/System/Library/Frameworks/CoreServices.framework/Versions/A/Frameworks/SearchKit.framework/Versions/A/SearchKit
0x0000000003c48000 	/System/Library/Frameworks/CoreServices.framework/Versions/A/Frameworks/AE.framework/Versions/A/AE
0x0000000003c48000 	/System/Library/Frameworks/CoreServices.framework/Versions/A/Frameworks/LaunchServices.framework/Versions/A/LaunchServices
0x0000000003c48000 	/System/Library/Frameworks/CoreServices.framework/Versions/A/Frameworks/DictionaryServices.framework/Versions/A/DictionaryServices
0x0000000003c48000 	/System/Library/Frameworks/CoreServices.framework/Versions/A/Frameworks/SharedFileList.framework/Versions/A/SharedFileList
0x0000000003c48000 	/usr/lib/libapple_nghttp2.dylib
0x0000000003c48000 	/usr/lib/libsqlite3.dylib
0x0000000003c48000 	/System/Library/Frameworks/Accounts.framework/Versions/A/Accounts
0x0000000003c48000 	/System/Library/PrivateFrameworks/AppSupport.framework/Versions/A/AppSupport
0x0000000003c48000 	/System/Library/Frameworks/GSS.framework/Versions/A/GSS
0x0000000003c48000 	/System/Library/PrivateFrameworks/RunningBoardServices.framework/Versions/A/RunningBoardServices
0x0000000003c48000 	/System/Library/PrivateFrameworks/StreamingZip.framework/Versions/A/StreamingZip
0x0000000003c48000 	/System/Library/Frameworks/Network.framework/Versions/A/Network
0x0000000003c48000 	/usr/lib/system/libkxld.dylib
0x0000000003c48000 	/System/Library/PrivateFrameworks/AppleKeyStore.framework/Versions/A/AppleKeyStore
0x0000000003c48000 	/usr/lib/libCoreEntitlements.dylib
0x0000000003c48000 	/System/Library/PrivateFrameworks/MessageSecurity.framework/Versions/A/MessageSecurity
0x0000000003c48000 	/System/Library/PrivateFrameworks/ProtocolBuffer.framework/Versions/A/ProtocolBuffer
0x0000000003c48000 	/System/Library/PrivateFrameworks/CloudServices.framework/Versions/A/CloudServices
0x0000000003c48000 	/System/Library/PrivateFrameworks/SymptomDiagnosticReporter.framework/Versions/A/SymptomDiagnosticReporter
0x0000000003c48000 	/System/Library/PrivateFrameworks/CrashReporterSupport.framework/Versions/A/CrashReporterSupport
0x0000000003c48000 	/System/Library/PrivateFrameworks/AppleFSCompression.framework/Versions/A/AppleFSCompression
0x0000000003c48000 	/usr/lib/libcoretls.dylib
0x0000000003c48000 	/usr/lib/libcoretls_cfhelpers.dylib
0x0000000003c48000 	/usr/lib/libpam.2.dylib
0x0000000003c48000 	/usr/lib/libxar.1.dylib
0x0000000003c48000 	/System/Library/PrivateFrameworks/APFS.framework/Versions/A/APFS
0x0000000003c48000 	/System/Library/PrivateFrameworks/SwiftASN1Internal.framework/Versions/A/SwiftASN1Internal
0x0000000003c48000 	/usr/lib/libutil.dylib
0x0000000003c48000 	/System/Library/PrivateFrameworks/AppleSystemInfo.framework/Versions/A/AppleSystemInfo
0x0000000003c48000 	/System/Library/PrivateFrameworks/IOMobileFramebuffer.framework/Versions/A/IOMobileFramebuffer
0x0000000003c48000 	/System/Library/PrivateFrameworks/LoggingSupport.framework/Versions/A/LoggingSupport
0x0000000003c48000 	/System/Library/PrivateFrameworks/MobileAsset.framework/Versions/A/MobileAsset
0x0000000003c48000 	/System/Library/PrivateFrameworks/PowerLog.framework/Versions/A/PowerLog
0x0000000003c48000 	/System/Library/Frameworks/SwiftData.framework/Versions/A/SwiftData
0x0000000003c48000 	/System/Library/PrivateFrameworks/UserManagement.framework/Versions/A/UserManagement
0x0000000003c48000 	/usr/lib/libboringssl.dylib
0x0000000003c48000 	/usr/lib/libdns_services.dylib
0x0000000003c48000 	/usr/lib/libquic.dylib
0x0000000003c48000 	/usr/lib/libusrtcp.dylib
0x0000000003c48000 	/System/Library/PrivateFrameworks/AtomicsInternal.framework/Versions/A/AtomicsInternal
0x0000000003c48000 	/System/Library/PrivateFrameworks/InternalSwiftProtobuf.framework/Versions/A/InternalSwiftProtobuf
0x0000000003c48000 	/usr/lib/swift/libswiftDistributed.dylib
0x0000000003c48000 	/System/Library/PrivateFrameworks/AggregateDictionary.framework/Versions/A/AggregateDictionary
0x0000000003c48000 	/System/Library/PrivateFrameworks/BiomeLibrary.framework/Versions/A/BiomeLibrary
0x0000000003c48000 	/System/Library/PrivateFrameworks/BiomeStreams.framework/Versions/A/BiomeStreams
0x0000000003c48000 	/System/Library/PrivateFrameworks/BiomeFoundation.framework/Versions/A/BiomeFoundation
0x0000000003c48000 	/System/Library/PrivateFrameworks/BiomePubSub.framework/Versions/A/BiomePubSub
0x0000000003c48000 	/System/Library/PrivateFrameworks/ProactiveSupport.framework/Versions/A/ProactiveSupport
0x0000000003c48000 	/usr/lib/liblzma.5.dylib
0x0000000003c48000 	/System/Library/PrivateFrameworks/InternationalTextSearch.framework/Versions/A/InternationalTextSearch
0x0000000003c48000 	/System/Library/PrivateFrameworks/SoftwareUpdateCoreSupport.framework/Versions/A/SoftwareUpdateCoreSupport
0x0000000003c48000 	/System/Library/PrivateFrameworks/SoftwareUpdateCoreConnect.framework/Versions/A/SoftwareUpdateCoreConnect
0x0000000003c48000 	/System/Library/PrivateFrameworks/RemoteServiceDiscovery.framework/Versions/A/RemoteServiceDiscovery
0x0000000003c48000 	/System/Library/PrivateFrameworks/MSUDataAccessor.framework/Versions/A/MSUDataAccessor
0x0000000003c48000 	/usr/lib/libbootpolicy.dylib
0x0000000003c48000 	/System/Library/PrivateFrameworks/RemoteXPC.framework/Versions/A/RemoteXPC
0x0000000003c48000 	/usr/lib/libFDR.dylib
0x0000000003c48000 	/usr/lib/libamsupport.dylib
0x0000000003c48000 	/System/Library/PrivateFrameworks/AppleDeviceQuerySupport.framework/Versions/A/AppleDeviceQuerySupport
0x0000000003c48000 	/usr/lib/libpartition2_dynamic.dylib
0x0000000003c48000 	/System/Library/PrivateFrameworks/AppleSauce.framework/Versions/A/AppleSauce
0x0000000003c48000 	/usr/lib/libAppleArchive.dylib
0x0000000003c48000 	/usr/lib/libbz2.1.0.dylib
0x0000000003c48000 	/System/Library/Frameworks/Accelerate.framework/Versions/A/Frameworks/vImage.framework/Versions/A/vImage
0x0000000003c48000 	/System/Library/Frameworks/Accelerate.framework/Versions/A/Frameworks/vecLib.framework/Versions/A/vecLib
0x0000000003c48000 	/System/Library/Frameworks/Accelerate.framework/Versions/A/Frameworks/vecLib.framework/Versions/A/libvMisc.dylib
0x0000000003c48000 	/System/Library/Frameworks/Accelerate.framework/Versions/A/Frameworks/vecLib.framework/Versions/A/libBLAS.dylib
0x0000000003c48000 	/System/Library/Frameworks/CoreVideo.framework/Versions/A/CoreVideo
0x0000000003c48000 	/System/Library/Frameworks/ApplicationServices.framework/Versions/A/Frameworks/ATS.framework/Versions/A/ATS
0x0000000003c48000 	/System/Library/Frameworks/ApplicationServices.framework/Versions/A/Frameworks/PrintCore.framework/Versions/A/PrintCore
0x0000000003c48000 	/System/Library/Frameworks/ApplicationServices.framework/Versions/A/Frameworks/QD.framework/Versions/A/QD
0x0000000003c48000 	/System/Library/Frameworks/ApplicationServices.framework/Versions/A/Frameworks/ColorSyncLegacy.framework/Versions/A/ColorSyncLegacy
0x0000000003c48000 	/System/Library/Frameworks/ApplicationServices.framework/Versions/A/Frameworks/SpeechSynthesis.framework/Versions/A/SpeechSynthesis
0x0000000003c48000 	/System/Library/PrivateFrameworks/FontServices.framework/libFontParser.dylib
0x0000000003c48000 	/System/Library/PrivateFrameworks/BackBoardServices.framework/Versions/A/BackBoardServices
0x0000000003c48000 	/System/Library/PrivateFrameworks/BackBoardHIDEventFoundation.framework/Versions/A/BackBoardHIDEventFoundation
0x0000000003c48000 	/System/Library/Frameworks/CoreDisplay.framework/Versions/A/CoreDisplay
0x0000000003c48000 	/System/Library/Frameworks/VideoToolbox.framework/Versions/A/VideoToolbox
0x0000000003c48000 	/System/Library/Frameworks/MetalPerformanceShaders.framework/Versions/A/MetalPerformanceShaders
0x0000000003c48000 	/System/Library/PrivateFrameworks/ProDisplayLibrary.framework/Versions/A/ProDisplayLibrary
0x0000000003c48000 	/System/Library/PrivateFrameworks/IOSurfaceAccelerator.framework/Versions/A/IOSurfaceAccelerator
0x0000000003c48000 	/System/Library/PrivateFrameworks/IOAccelerator.framework/Versions/A/IOAccelerator
0x0000000003c48000 	/System/Library/Frameworks/CoreMedia.framework/Versions/A/CoreMedia
0x0000000003c48000 	/System/Library/PrivateFrameworks/TCC.framework/Versions/A/TCC
0x0000000003c48000 	/System/Library/PrivateFrameworks/WatchdogClient.framework/Versions/A/WatchdogClient
0x0000000003c48000 	/System/Library/PrivateFrameworks/BiomeStorage.framework/Versions/A/BiomeStorage
0x0000000003c48000 	/System/Library/PrivateFrameworks/IntelligencePlatformLibrary.framework/Versions/A/IntelligencePlatformLibrary
0x0000000003c48000 	/System/Library/PrivateFrameworks/PoirotSchematizer.framework/Versions/A/PoirotSchematizer
0x0000000003c48000 	/System/Library/PrivateFrameworks/BiomeSync.framework/Versions/A/BiomeSync
0x0000000003c48000 	/System/Library/PrivateFrameworks/BiomeDSL.framework/Versions/A/BiomeDSL
0x0000000003c48000 	/System/Library/PrivateFrameworks/PoirotUDFs.framework/Versions/A/PoirotUDFs
0x0000000003c48000 	/System/Library/PrivateFrameworks/PoirotSQLite.framework/Versions/A/PoirotSQLite
0x0000000003c48000 	/System/Library/PrivateFrameworks/CoreTime.framework/Versions/A/CoreTime
0x0000000003c48000 	/usr/lib/libiconv.2.dylib
0x0000000003c48000 	/usr/lib/libcharset.1.dylib
0x0000000003c48000 	/usr/lib/swift/libswift_RegexParser.dylib
0x0000000003c48000 	/System/Library/PrivateFrameworks/CascadeSets.framework/Versions/A/CascadeSets
0x0000000003c48000 	/System/Library/PrivateFrameworks/CorePhoneNumbers.framework/Versions/A/CorePhoneNumbers
0x0000000003c48000 	/System/Library/PrivateFrameworks/AppleJPEG.framework/Versions/A/AppleJPEG
0x0000000003c48000 	/usr/lib/libexpat.1.dylib
0x0000000003c48000 	/System/Library/Frameworks/ImageIO.framework/Versions/A/Resources/libPng.dylib
0x0000000003c48000 	/System/Library/Frameworks/ImageIO.framework/Versions/A/Resources/libTIFF.dylib
0x0000000003c48000 	/System/Library/Frameworks/ImageIO.framework/Versions/A/Resources/libGIF.dylib
0x0000000003c48000 	/System/Library/Frameworks/ImageIO.framework/Versions/A/Resources/libJP2.dylib
0x0000000003c48000 	/System/Library/Frameworks/ImageIO.framework/Versions/A/Resources/libJPEG.dylib
0x0000000003c48000 	/System/Library/Frameworks/ImageIO.framework/Versions/A/Resources/libRadiance.dylib
0x0000000003c48000 	/System/Library/PrivateFrameworks/GPUCompiler.framework/Versions/32023/Libraries/libllvm-flatbuffers.dylib
0x0000000003c48000 	/System/Library/PrivateFrameworks/FramePacing.framework/Versions/A/FramePacing
0x0000000003c48000 	/System/Library/Frameworks/OpenGL.framework/Versions/A/Libraries/libCoreFSCache.dylib
0x0000000003c48000 	/System/Library/PrivateFrameworks/GPUCompiler.framework/Versions/32023/Libraries/libGPUCompilerUtils.dylib
0x0000000003c48000 	/System/Library/PrivateFrameworks/GraphicsServices.framework/Versions/A/GraphicsServices
0x0000000003c48000 	/System/Library/PrivateFrameworks/Symbolication.framework/Versions/A/Symbolication
0x0000000003c48000 	/System/Library/PrivateFrameworks/PhotosensitivityProcessing.framework/Versions/A/PhotosensitivityProcessing
0x0000000003c48000 	/System/Library/Frameworks/OpenCL.framework/Versions/A/OpenCL
0x0000000003c48000 	/System/Library/PrivateFrameworks/GraphVisualizer.framework/Versions/A/GraphVisualizer
0x0000000003c48000 	/System/Library/Frameworks/OpenGL.framework/Versions/A/Libraries/libGLU.dylib
0x0000000003c48000 	/System/Library/Frameworks/OpenGL.framework/Versions/A/Libraries/libGFXShared.dylib
0x0000000003c48000 	/System/Library/Frameworks/OpenGL.framework/Versions/A/Libraries/libGL.dylib
0x0000000003c48000 	/System/Library/Frameworks/OpenGL.framework/Versions/A/Libraries/libGLImage.dylib
0x0000000003c48000 	/System/Library/Frameworks/OpenGL.framework/Versions/A/Libraries/libCVMSPluginSupport.dylib
0x0000000003c48000 	/System/Library/Frameworks/OpenGL.framework/Versions/A/Libraries/libCoreVMClient.dylib
0x0000000003c48000 	/System/Library/PrivateFrameworks/FontServices.framework/Versions/A/FontServices
0x0000000003c48000 	/System/Library/PrivateFrameworks/OTSVG.framework/Versions/A/OTSVG
0x0000000003c48000 	/System/Library/Frameworks/ApplicationServices.framework/Versions/A/Frameworks/ATS.framework/Versions/A/Resources/libFontRegistry.dylib
0x0000000003c48000 	/usr/lib/libhvf.dylib
0x0000000003c48000 	/System/Library/PrivateFrameworks/ParsingInternal.framework/Versions/A/ParsingInternal
0x0000000003c48000 	/usr/lib/swift/libswiftRegexBuilder.dylib
0x0000000003c48000 	/System/Library/PrivateFrameworks/FontServices.framework/libXTFontStaticRegistryData.dylib
0x0000000003c48000 	/System/Library/Frameworks/MetalPerformanceShaders.framework/Versions/A/Frameworks/MPSCore.framework/Versions/A/MPSCore
0x0000000003c48000 	/System/Library/Frameworks/MetalPerformanceShaders.framework/Versions/A/Frameworks/MPSImage.framework/Versions/A/MPSImage
0x0000000003c48000 	/System/Library/Frameworks/MetalPerformanceShaders.framework/Versions/A/Frameworks/MPSNeuralNetwork.framework/Versions/A/MPSNeuralNetwork
0x0000000003c48000 	/System/Library/Frameworks/MetalPerformanceShaders.framework/Versions/A/Frameworks/MPSMatrix.framework/Versions/A/MPSMatrix
0x0000000003c48000 	/System/Library/Frameworks/MetalPerformanceShaders.framework/Versions/A/Frameworks/MPSRayIntersector.framework/Versions/A/MPSRayIntersector
0x0000000003c48000 	/System/Library/Frameworks/MetalPerformanceShaders.framework/Versions/A/Frameworks/MPSNDArray.framework/Versions/A/MPSNDArray
0x0000000003c48000 	/System/Library/Frameworks/MetalPerformanceShaders.framework/Versions/A/Frameworks/MPSFunctions.framework/Versions/A/MPSFunctions
0x0000000003c48000 	/System/Library/Frameworks/MetalPerformanceShaders.framework/Versions/A/Frameworks/MPSBenchmarkLoop.framework/Versions/A/MPSBenchmarkLoop
0x0000000003c48000 	/System/Library/PrivateFrameworks/MetalTools.framework/Versions/A/MetalTools
0x0000000003c48000 	/System/Library/PrivateFrameworks/IOAccelMemoryInfo.framework/Versions/A/IOAccelMemoryInfo
0x0000000003c48000 	/System/Library/PrivateFrameworks/kperf.framework/Versions/A/kperf
0x0000000003c48000 	/System/Library/PrivateFrameworks/GPURawCounter.framework/Versions/A/GPURawCounter
0x0000000003c48000 	/System/Library/PrivateFrameworks/CoreSymbolication.framework/Versions/A/CoreSymbolication
0x0000000003c48000 	/System/Library/PrivateFrameworks/MallocStackLogging.framework/Versions/A/MallocStackLogging
0x0000000003c48000 	/System/Library/PrivateFrameworks/DebugSymbols.framework/Versions/A/DebugSymbols
0x0000000003c48000 	/System/Library/PrivateFrameworks/OSAnalytics.framework/Versions/A/OSAnalytics
0x0000000003c48000 	/System/Library/PrivateFrameworks/DeviceRecovery.framework/Versions/A/DeviceRecovery
0x0000000003c48000 	/System/Library/Frameworks/ExtensionFoundation.framework/Versions/A/ExtensionFoundation
0x0000000003c48000 	/System/Library/PrivateFrameworks/AppServerSupport.framework/Versions/A/AppServerSupport
0x0000000003c48000 	/System/Library/PrivateFrameworks/PlugInKit.framework/Versions/A/PlugInKit
0x0000000003c48000 	/System/Library/PrivateFrameworks/AssertionServices.framework/Versions/A/AssertionServices
0x0000000003c48000 	/System/Library/PrivateFrameworks/IconFoundation.framework/Versions/A/IconFoundation
0x0000000003c48000 	/System/Library/PrivateFrameworks/IconRendering.framework/Versions/A/IconRendering
0x0000000003c48000 	/System/Library/PrivateFrameworks/SFSymbols.framework/Versions/A/SFSymbols
0x0000000003c48000 	/System/Library/PrivateFrameworks/AudioToolboxCore.framework/Versions/A/AudioToolboxCore
0x0000000003c48000 	/System/Library/PrivateFrameworks/AudioSession.framework/Versions/A/AudioSession
0x0000000003c48000 	/System/Library/Frameworks/CoreMIDI.framework/Versions/A/CoreMIDI
0x0000000003c48000 	/usr/lib/libAudioStatistics.dylib
0x0000000003c48000 	/System/Library/PrivateFrameworks/caulk.framework/Versions/A/caulk
0x0000000003c48000 	/usr/lib/libAudioToolboxUtility.dylib
0x0000000003c48000 	/usr/lib/swift/libswiftCoreAudio.dylib
0x0000000003c48000 	/usr/lib/swift/libswiftCoreMIDI.dylib
0x0000000003c48000 	/System/Library/PrivateFrameworks/perfdata.framework/Versions/A/perfdata
0x0000000003c48000 	/System/Library/PrivateFrameworks/SystemPolicy.framework/Versions/A/SystemPolicy
0x0000000003c48000 	/usr/lib/libSMC.dylib
0x0000000003c48000 	/usr/lib/libperfcheck.dylib
0x0000000003c48000 	/System/Library/PrivateFrameworks/AudioAnalytics.framework/Versions/A/AudioAnalytics
0x0000000003c48000 	/usr/lib/swift/libswift_DarwinFoundation2.dylib
0x0000000003c48000 	/usr/lib/swift/libswift_DarwinFoundation3.dylib
0x0000000003c48000 	/System/Library/Frameworks/OSLog.framework/Versions/A/OSLog
0x0000000003c48000 	/usr/lib/libmis.dylib
0x0000000003c48000 	/System/Library/PrivateFrameworks/MediaExperience.framework/Versions/A/MediaExperience
0x0000000003c48000 	/System/Library/PrivateFrameworks/AudioSession.framework/libSessionUtility.dylib
0x0000000003c48000 	/System/Library/PrivateFrameworks/CMCaptureCore.framework/Versions/A/CMCaptureCore
0x0000000003c48000 	/System/Library/Frameworks/CoreBluetooth.framework/Versions/A/CoreBluetooth
0x0000000003c48000 	/System/Library/PrivateFrameworks/CoreUtils.framework/Versions/A/CoreUtils
0x0000000003c48000 	/System/Library/PrivateFrameworks/HID.framework/Versions/A/HID
0x0000000003c48000 	/System/Library/PrivateFrameworks/CoreUtilsExtras.framework/Versions/A/CoreUtilsExtras
0x0000000003c48000 	/System/Library/PrivateFrameworks/IO80211.framework/Versions/A/IO80211
0x0000000003c48000 	/System/Library/PrivateFrameworks/AuthKit.framework/Versions/A/AuthKit
0x0000000003c48000 	/System/Library/Frameworks/IOBluetooth.framework/Versions/A/IOBluetooth
0x0000000003c48000 	/usr/lib/libIOReport.dylib
0x0000000003c48000 	/System/Library/Frameworks/SecurityFoundation.framework/Versions/A/SecurityFoundation
0x0000000003c48000 	/System/Library/PrivateFrameworks/Lexicon.framework/Versions/A/Lexicon
0x0000000003c48000 	/usr/lib/libgermantok.dylib
0x0000000003c48000 	/System/Library/PrivateFrameworks/LinguisticData.framework/Versions/A/LinguisticData
0x0000000003c48000 	/System/Library/PrivateFrameworks/MultiverseSupport.framework/Versions/A/MultiverseSupport
0x0000000003c48000 	/System/Library/PrivateFrameworks/DiskManagement.framework/Versions/A/DiskManagement
0x0000000003c48000 	/System/Library/PrivateFrameworks/AppleIDAuthSupport.framework/Versions/A/AppleIDAuthSupport
0x0000000003c48000 	/System/Library/PrivateFrameworks/AAAFoundation.framework/Versions/A/AAAFoundation
0x0000000003c48000 	/System/Library/PrivateFrameworks/KeychainCircle.framework/Versions/A/KeychainCircle
0x0000000003c48000 	/System/Library/PrivateFrameworks/URLFormatting.framework/Versions/A/URLFormatting
0x0000000003c48000 	/usr/lib/libcsfde.dylib
0x0000000003c48000 	/usr/lib/libCoreStorage.dylib
0x0000000003c48000 	/System/Library/PrivateFrameworks/MediaKit.framework/Versions/A/MediaKit
0x0000000003c48000 	/System/Library/Frameworks/DiscRecording.framework/Versions/A/DiscRecording
0x0000000003c48000 	/System/Library/PrivateFrameworks/ProtectedCloudStorage.framework/Versions/A/ProtectedCloudStorage
0x0000000003c48000 	/System/Library/PrivateFrameworks/EFILogin.framework/Versions/A/EFILogin
0x0000000003c48000 	/usr/lib/libheimdal-asn1.dylib
0x0000000003c48000 	/System/Library/PrivateFrameworks/OctagonTrust.framework/Versions/A/OctagonTrust
0x0000000003c48000 	/System/Library/Frameworks/AudioUnit.framework/Versions/A/AudioUnit
0x0000000003c48000 	/System/Library/Frameworks/OpenDirectory.framework/Versions/A/OpenDirectory
0x0000000003c48000 	/System/Library/Frameworks/OpenDirectory.framework/Versions/A/Frameworks/CFOpenDirectory.framework/Versions/A/CFOpenDirectory
0x0000000003c48000 	/System/Library/Frameworks/AVFAudio.framework/Versions/A/AVFAudio
0x0000000003c48000 	/usr/lib/libAccessibility.dylib
0x0000000003c48000 	/System/Library/PrivateFrameworks/IsolatedCoreAudioClient.framework/Versions/A/IsolatedCoreAudioClient
0x0000000003c48000 	/usr/lib/swift/libswiftCoreMedia.dylib
0x0000000003c48000 	/System/Library/PrivateFrameworks/Tightbeam.framework/Versions/A/Tightbeam
0x0000000003c48000 	/System/Library/PrivateFrameworks/CoreAudioOrchestration.framework/Versions/A/CoreAudioOrchestration
0x0000000003c48000 	/System/Library/PrivateFrameworks/AFKUser.framework/Versions/A/AFKUser
0x0000000003c48000 	/System/Library/Frameworks/MediaAccessibility.framework/Versions/A/MediaAccessibility
0x0000000003c48000 	/System/Library/PrivateFrameworks/VideoToolboxParavirtualizationSupport.framework/Versions/A/VideoToolboxParavirtualizationSupport
0x0000000003c48000 	/System/Library/PrivateFrameworks/AppleVA.framework/Versions/A/AppleVA
0x0000000003c48000 	/System/Library/PrivateFrameworks/GPUWrangler.framework/Versions/A/GPUWrangler
0x0000000003c48000 	/System/Library/PrivateFrameworks/IOPresentment.framework/Versions/A/IOPresentment
0x0000000003c48000 	/System/Library/PrivateFrameworks/DSExternalDisplay.framework/Versions/A/DSExternalDisplay
0x0000000003c48000 	/System/Library/PrivateFrameworks/ArgumentParserInternal.framework/Versions/A/ArgumentParserInternal
0x0000000003c48000 	/System/Library/PrivateFrameworks/AppleMobileFileIntegrity.framework/Versions/A/AppleMobileFileIntegrity
0x0000000003c48000 	/usr/lib/libTLE.dylib
0x0000000003c48000 	/System/Library/PrivateFrameworks/ConfigProfileHelper.framework/Versions/A/ConfigProfileHelper
0x0000000003c48000 	/usr/lib/libedit.3.dylib
0x0000000003c48000 	/System/Library/PrivateFrameworks/MIL.framework/Versions/A/MIL
0x0000000003c48000 	/usr/lib/libncurses.5.4.dylib
0x0000000003c48000 	/System/Library/PrivateFrameworks/CoreEmoji.framework/Versions/A/CoreEmoji
0x0000000003c48000 	/usr/lib/libCRFSuite.dylib
0x0000000003c48000 	/System/Library/PrivateFrameworks/CoreNLP.framework/Versions/A/CoreNLP
0x0000000003c48000 	/usr/lib/libmecab.dylib
0x0000000003c48000 	/usr/lib/libThaiTokenizer.dylib
0x0000000003c48000 	/System/Library/PrivateFrameworks/HIDDisplay.framework/Versions/A/HIDDisplay
0x0000000003c48000 	/System/Library/Frameworks/ApplicationServices.framework/Versions/A/Frameworks/ATSUI.framework/Versions/A/ATSUI
0x0000000003c48000 	/usr/lib/libcups.2.dylib
0x0000000003c48000 	/System/Library/Frameworks/Kerberos.framework/Versions/A/Kerberos
0x0000000003c48000 	/usr/lib/libresolv.9.dylib
0x0000000003c48000 	/System/Library/PrivateFrameworks/Heimdal.framework/Versions/A/Heimdal
0x0000000003c48000 	/System/Library/Frameworks/Kerberos.framework/Versions/A/Libraries/libHeimdalProxy.dylib
0x0000000003c48000 	/System/Library/PrivateFrameworks/CommonAuth.framework/Versions/A/CommonAuth
0x0000000003c48000 	/System/Library/PrivateFrameworks/AXCoreUtilities.framework/Versions/A/AXCoreUtilities
0x0000000003c48000 	/usr/lib/libAXSafeCategoryBundle.dylib
0x0000000003c48000 	/System/Library/Frameworks/Accelerate.framework/Versions/A/Frameworks/vecLib.framework/Versions/A/libvDSP.dylib
0x0000000003c48000 	/System/Library/Frameworks/Accelerate.framework/Versions/A/Frameworks/vecLib.framework/Versions/A/libLAPACK.dylib
0x0000000003c48000 	/System/Library/Frameworks/Accelerate.framework/Versions/A/Frameworks/vecLib.framework/Versions/A/libLinearAlgebra.dylib
0x0000000003c48000 	/System/Library/Frameworks/Accelerate.framework/Versions/A/Frameworks/vecLib.framework/Versions/A/libSparseBLAS.dylib
0x0000000003c48000 	/System/Library/Frameworks/Accelerate.framework/Versions/A/Frameworks/vecLib.framework/Versions/A/libQuadrature.dylib
0x0000000003c48000 	/System/Library/Frameworks/Accelerate.framework/Versions/A/Frameworks/vecLib.framework/Versions/A/libBNNS.dylib
0x0000000003c48000 	/System/Library/Frameworks/Accelerate.framework/Versions/A/Frameworks/vecLib.framework/Versions/A/libSparse.dylib
0x0000000003c48000 	/System/Library/PrivateFrameworks/NetAuth.framework/Versions/A/NetAuth
0x0000000003c48000 	/System/Library/PrivateFrameworks/login.framework/Versions/A/Frameworks/loginsupport.framework/Versions/A/loginsupport
0x0000000003c48000 	/usr/lib/libCheckFix.dylib
0x0000000003c48000 	/System/Library/PrivateFrameworks/MetadataUtilities.framework/Versions/A/MetadataUtilities
0x0000000003c48000 	/System/Library/PrivateFrameworks/InstalledContentLibrary.framework/Versions/A/InstalledContentLibrary
0x0000000003c48000 	/System/Library/PrivateFrameworks/CoreServicesStore.framework/Versions/A/CoreServicesStore
0x0000000003c48000 	/System/Library/PrivateFrameworks/MobileSystemServices.framework/Versions/A/MobileSystemServices
0x0000000003c48000 	/usr/lib/libxslt.1.dylib
0x0000000003c48000 	/System/Library/PrivateFrameworks/BackgroundTaskManagement.framework/Versions/A/BackgroundTaskManagement
0x0000000003c48000 	/usr/lib/libcurl.4.dylib
0x0000000003c48000 	/usr/lib/libcrypto.46.dylib
0x0000000003c48000 	/usr/lib/libssl.48.dylib
0x0000000003c48000 	/System/Library/Frameworks/LDAP.framework/Versions/A/LDAP
0x0000000003c48000 	/System/Library/PrivateFrameworks/TrustEvaluationAgent.framework/Versions/A/TrustEvaluationAgent
0x0000000003c48000 	/usr/lib/libsasl2.2.dylib
0x0000000003c48000 	/usr/lib/swift/libswiftCoreGraphics.dylib
0x0000000003c48000 	/usr/lib/swift/libswiftFoundation.dylib
0x0000000003c48000 	/usr/lib/swift/libswiftSwiftOnoneSupport.dylib
0x0000000003c48000 	/usr/lib/swift/libswiftsys_time.dylib
0x0000000003c48000 	/System/Library/PrivateFrameworks/CoreMaterial.framework/Versions/A/CoreMaterial
0x0000000003c48000 	/usr/lib/swift/libswiftSpatial.dylib
0x0000000003c48000 	/usr/lib/libSpatial.dylib
0x0000000003c48000 	/System/Library/SubFrameworks/UIUtilities.framework/Versions/A/UIUtilities
0x000000010df61000 	/Library/Java/JavaVirtualMachines/jdk1.8.0_92.jdk/Contents/Home/jre/lib/server/libjvm.dylib
0x0000000003c48000 	/usr/lib/libstdc++.6.dylib
0x0000000108cbc000 	/Library/Java/JavaVirtualMachines/jdk1.8.0_92.jdk/Contents/Home/jre/lib/libverify.dylib
0x0000000108d10000 	/Library/Java/JavaVirtualMachines/jdk1.8.0_92.jdk/Contents/Home/jre/lib/libjava.dylib
0x0000000108ce4000 	/Library/Java/JavaVirtualMachines/jdk1.8.0_92.jdk/Contents/Home/jre/lib/libzip.dylib
0x0000000003c48000 	/System/Library/Frameworks/JavaRuntimeSupport.framework/Versions/A/JavaRuntimeSupport
0x0000000003c48000 	/System/Library/Frameworks/Carbon.framework/Versions/A/Carbon
0x0000000003c48000 	/System/Library/Frameworks/Carbon.framework/Versions/A/Frameworks/CommonPanels.framework/Versions/A/CommonPanels
0x0000000003c48000 	/System/Library/Frameworks/Carbon.framework/Versions/A/Frameworks/Help.framework/Versions/A/Help
0x0000000003c48000 	/System/Library/Frameworks/Carbon.framework/Versions/A/Frameworks/ImageCapture.framework/Versions/A/ImageCapture
0x0000000003c48000 	/System/Library/Frameworks/Carbon.framework/Versions/A/Frameworks/OpenScripting.framework/Versions/A/OpenScripting
0x0000000003c48000 	/System/Library/Frameworks/Carbon.framework/Versions/A/Frameworks/Ink.framework/Versions/A/Ink
0x0000000003c48000 	/System/Library/Frameworks/Carbon.framework/Versions/A/Frameworks/SecurityHI.framework/Versions/A/SecurityHI
0x0000000125718000 	/Library/Java/JavaVirtualMachines/jdk1.8.0_92.jdk/Contents/Home/jre/lib/libawt.dylib
0x0000000125936000 	/Library/Java/JavaVirtualMachines/jdk1.8.0_92.jdk/Contents/Home/jre/lib/libmlib_image.dylib
0x0000000003c48000 	/System/Library/Frameworks/JavaNativeFoundation.framework/Versions/A/JavaNativeFoundation
0x0000000125ac4000 	/Library/Java/JavaVirtualMachines/jdk1.8.0_92.jdk/Contents/Home/jre/lib/libawt_lwawt.dylib
0x00000001256b7000 	/Library/Java/JavaVirtualMachines/jdk1.8.0_92.jdk/Contents/Home/jre/lib/libosxapp.dylib
0x0000000003c48000 	/System/Library/Frameworks/ExceptionHandling.framework/Versions/A/ExceptionHandling
0x0000000003c48000 	/System/Library/Frameworks/AppIntents.framework/Versions/A/AppIntents
0x0000000003c48000 	/System/Library/Frameworks/RelevanceKit.framework/Versions/A/RelevanceKit
0x0000000003c48000 	/System/Library/Frameworks/CoreSpotlight.framework/Versions/A/CoreSpotlight
0x0000000003c48000 	/System/Library/PrivateFrameworks/LinkServices.framework/Versions/A/LinkServices
0x0000000003c48000 	/System/Library/PrivateFrameworks/DoNotDisturb.framework/Versions/A/DoNotDisturb
0x0000000003c48000 	/System/Library/PrivateFrameworks/LinkMetadata.framework/Versions/A/LinkMetadata
0x0000000003c48000 	/usr/lib/swift/libswiftIntents.dylib
0x0000000003c48000 	/System/Library/PrivateFrameworks/IntentsCore.framework/Versions/A/IntentsCore
0x0000000003c48000 	/System/Library/PrivateFrameworks/AvailabilityKit.framework/Versions/A/AvailabilityKit
0x0000000003c48000 	/System/Library/PrivateFrameworks/AppIntentSchemas.framework/Versions/A/AppIntentSchemas
0x0000000003c48000 	/System/Library/PrivateFrameworks/GRDBInternal.framework/Versions/A/GRDBInternal
0x0000000003c48000 	/System/Library/PrivateFrameworks/StatusKit.framework/Versions/A/StatusKit
0x0000000003c48000 	/System/Library/PrivateFrameworks/GenerationalStorage.framework/Versions/A/GenerationalStorage
0x0000000003c48000 	/System/Library/Frameworks/FileProvider.framework/Versions/A/FileProvider
0x0000000003c48000 	/System/Library/PrivateFrameworks/DesktopServicesPriv.framework/Versions/A/DesktopServicesPriv
0x0000000003c48000 	/System/Library/PrivateFrameworks/FTServices.framework/Versions/A/FTServices
0x0000000003c48000 	/System/Library/PrivateFrameworks/CoreWiFi.framework/Versions/A/CoreWiFi
0x0000000003c48000 	/System/Library/Frameworks/CoreLocation.framework/Versions/A/CoreLocation
0x0000000003c48000 	/System/Library/Frameworks/Intents.framework/Versions/A/Intents
0x0000000003c48000 	/System/Library/Frameworks/_LocationEssentials.framework/Versions/A/_LocationEssentials
0x0000000003c48000 	/System/Library/Frameworks/UserNotifications.framework/Versions/A/UserNotifications
0x0000000003c48000 	/System/Library/PrivateFrameworks/Sharing.framework/Versions/A/Sharing
0x0000000003c48000 	/System/Library/PrivateFrameworks/Apple80211.framework/Versions/A/Apple80211
0x0000000003c48000 	/System/Library/Frameworks/CoreWLAN.framework/Versions/A/CoreWLAN
0x0000000003c48000 	/usr/lib/swift/libswiftCoreLocation.dylib
0x0000000003c48000 	/System/Library/PrivateFrameworks/WiFiPeerToPeer.framework/Versions/A/WiFiPeerToPeer
0x0000000003c48000 	/usr/lib/libmrc.dylib
0x0000000003c48000 	/System/Library/PrivateFrameworks/IPConfiguration.framework/Versions/A/IPConfiguration
0x0000000003c48000 	/System/Library/PrivateFrameworks/Netrb.framework/Versions/A/Netrb
0x0000000003c48000 	/System/Library/PrivateFrameworks/GeoServices.framework/Versions/A/GeoServices
0x0000000003c48000 	/System/Library/PrivateFrameworks/LocationSupport.framework/Versions/A/LocationSupport
0x0000000003c48000 	/System/Library/PrivateFrameworks/GeoServicesCore.framework/Versions/A/GeoServicesCore
0x0000000003c48000 	/System/Library/PrivateFrameworks/PhoneNumbers.framework/Versions/A/PhoneNumbers
0x0000000003c48000 	/System/Library/PrivateFrameworks/LocationLogEncryption.framework/Versions/A/LocationLogEncryption
0x0000000003c48000 	/System/Library/PrivateFrameworks/IDS.framework/Versions/A/IDS
0x0000000003c48000 	/System/Library/Frameworks/CryptoKit.framework/Versions/A/CryptoKit
0x0000000003c48000 	/System/Library/PrivateFrameworks/CryptoKitCBridging.framework/Versions/A/CryptoKitCBridging
0x0000000003c48000 	/System/Library/Frameworks/CryptoTokenKit.framework/Versions/A/CryptoTokenKit
0x0000000003c48000 	/System/Library/Frameworks/LocalAuthentication.framework/Versions/A/LocalAuthentication
0x0000000003c48000 	/System/Library/PrivateFrameworks/LocalAuthenticationCore.framework/Versions/A/LocalAuthenticationCore
0x0000000003c48000 	/System/Library/PrivateFrameworks/LocalAuthenticationCredentialServices.framework/Versions/A/LocalAuthenticationCredentialServices
0x0000000003c48000 	/System/Library/Frameworks/LocalAuthentication.framework/Support/SharedUtils.framework/Versions/A/SharedUtils
0x0000000003c48000 	/System/Library/PrivateFrameworks/IMFoundation.framework/Versions/A/IMFoundation
0x0000000003c48000 	/System/Library/PrivateFrameworks/Marco.framework/Versions/A/Marco
0x0000000003c48000 	/System/Library/PrivateFrameworks/IDSFoundation.framework/Versions/A/IDSFoundation
0x0000000003c48000 	/System/Library/PrivateFrameworks/CommonUtilities.framework/Versions/A/CommonUtilities
0x0000000003c48000 	/System/Library/PrivateFrameworks/Engram.framework/Versions/A/Engram
0x0000000003c48000 	/usr/lib/swift/libswiftCompression.dylib
0x0000000003c48000 	/usr/lib/libtidy.A.dylib
0x0000000003c48000 	/System/Library/PrivateFrameworks/Bom.framework/Versions/A/Bom
0x0000000003c48000 	/usr/lib/libParallelCompression.dylib
0x0000000003c48000 	/System/Library/PrivateFrameworks/FTAWD.framework/Versions/A/FTAWD
0x0000000003c48000 	/usr/lib/libsandbox.1.dylib
0x0000000003c48000 	/usr/lib/libMatch.1.dylib
0x0000000003c48000 	/System/Library/PrivateFrameworks/IntentsFoundation.framework/Versions/A/IntentsFoundation
0x0000000003c48000 	/System/Library/PrivateFrameworks/ViewBridge.framework/Versions/A/ViewBridge
0x0000000003c48000 	/System/Library/Frameworks/_AppIntents_AppKit.framework/Versions/A/_AppIntents_AppKit
0x0000000130722000 	/usr/lib/libobjc-trampolines.dylib
0x0000000003c48000 	/System/Library/CoreServices/RawCamera.bundle/Contents/MacOS/RawCamera
0x0000000003c48000 	/System/Library/Frameworks/MediaToolbox.framework/Versions/A/MediaToolbox
0x0000000003c48000 	/System/Library/PrivateFrameworks/CoreAVCHD.framework/Versions/A/CoreAVCHD
0x0000000003c48000 	/System/Library/PrivateFrameworks/Mangrove.framework/Versions/A/Mangrove
0x0000000003c48000 	/System/Library/PrivateFrameworks/CMPhoto.framework/Versions/A/CMPhoto
0x0000000003c48000 	/System/Library/Frameworks/CoreTelephony.framework/Versions/A/CoreTelephony
0x0000000003c48000 	/System/Library/PrivateFrameworks/AppleVPA.framework/Versions/A/AppleVPA
0x0000000003c48000 	/System/Library/PrivateFrameworks/CoreAUC.framework/Versions/A/CoreAUC
0x0000000003c48000 	/System/Library/PrivateFrameworks/AppleJPEGXL.framework/Versions/A/AppleJPEGXL
0x0000000003c48000 	/usr/lib/libTelephonyUtilDynamic.dylib
0x0000000003c48000 	/System/Library/Frameworks/Accelerate.framework/Versions/A/Frameworks/vImage.framework/Versions/A/Libraries/libCGInterfaces.dylib
0x0000000003c48000 	/usr/lib/libAccessibilityBaseImplementations.dylib
0x0000000003c48000 	/System/Library/PrivateFrameworks/WritingToolsUI.framework/Versions/A/WritingToolsUI
0x0000000003c48000 	/System/Library/PrivateFrameworks/GenerativeAssistantSettings.framework/Versions/A/GenerativeAssistantSettings
0x0000000003c48000 	/System/Library/PrivateFrameworks/TextComposer.framework/Versions/A/TextComposer
0x0000000003c48000 	/System/Library/PrivateFrameworks/GenerativeAssistantCommon.framework/Versions/A/GenerativeAssistantCommon
0x0000000003c48000 	/System/Library/Frameworks/SwiftUI.framework/Versions/A/SwiftUI
0x0000000003c48000 	/System/Library/Frameworks/_AuthenticationServices_SwiftUI.framework/Versions/A/_AuthenticationServices_SwiftUI
0x0000000003c48000 	/System/Library/PrivateFrameworks/Anvil.framework/Versions/A/Anvil
0x0000000003c48000 	/System/Library/PrivateFrameworks/AppStoreDaemon.framework/Versions/A/AppStoreDaemon
0x0000000003c48000 	/System/Library/PrivateFrameworks/AppleMediaServices.framework/Versions/A/AppleMediaServices
0x0000000003c48000 	/System/Library/PrivateFrameworks/GenerativePartnerServiceUI.framework/Versions/A/GenerativePartnerServiceUI
0x0000000003c48000 	/System/Library/PrivateFrameworks/JetEngine.framework/Versions/A/JetEngine
0x0000000003c48000 	/System/Library/PrivateFrameworks/TextAnimationSupport.framework/Versions/A/TextAnimationSupport
0x0000000003c48000 	/System/Library/PrivateFrameworks/RecapPerformanceTesting.framework/Versions/A/RecapPerformanceTesting
0x0000000003c48000 	/System/Library/PrivateFrameworks/SignpostCollection.framework/Versions/A/SignpostCollection
0x0000000003c48000 	/System/Library/PrivateFrameworks/AuthenticationServicesCore.framework/Versions/A/AuthenticationServicesCore
0x0000000003c48000 	/System/Library/Frameworks/AuthenticationServices.framework/Versions/A/AuthenticationServices
0x0000000003c48000 	/System/Library/PrivateFrameworks/SharedWebCredentials.framework/Versions/A/SharedWebCredentials
0x0000000003c48000 	/System/Library/PrivateFrameworks/SafariCore.framework/Versions/A/SafariCore
0x0000000003c48000 	/System/Library/PrivateFrameworks/SafariFoundation.framework/Versions/A/SafariFoundation
0x0000000003c48000 	/System/Library/Frameworks/Contacts.framework/Versions/A/Contacts
0x0000000003c48000 	/System/Library/PrivateFrameworks/CBORLibrary.framework/Versions/A/CBORLibrary
0x0000000003c48000 	/System/Library/PrivateFrameworks/Chirp.framework/Versions/A/Chirp
0x0000000003c48000 	/System/Library/PrivateFrameworks/CloudSubscriptionFeatures.framework/Versions/A/CloudSubscriptionFeatures
0x0000000003c48000 	/System/Library/PrivateFrameworks/ContactsFoundation.framework/Versions/A/ContactsFoundation
0x0000000003c48000 	/System/Library/PrivateFrameworks/RemoteManagement.framework/Versions/A/RemoteManagement
0x0000000003c48000 	/System/Library/PrivateFrameworks/RemoteManagementModel.framework/Versions/A/RemoteManagementModel
0x0000000003c48000 	/System/Library/PrivateFrameworks/RemoteManagementStore.framework/Versions/A/RemoteManagementStore
0x0000000003c48000 	/usr/lib/libxcselect.dylib
0x0000000003c48000 	/System/Library/PrivateFrameworks/DifferentialPrivacy.framework/Versions/A/DifferentialPrivacy
0x0000000003c48000 	/System/Library/PrivateFrameworks/ManagedSettingsObjC.framework/Versions/A/ManagedSettingsObjC
0x0000000003c48000 	/System/Library/PrivateFrameworks/LockdownMode.framework/Versions/A/LockdownMode
0x0000000003c48000 	/System/Library/PrivateFrameworks/VDAF.framework/Versions/A/VDAF
0x0000000003c48000 	/System/Library/PrivateFrameworks/ContactsPersistence.framework/Versions/A/ContactsPersistence
0x0000000003c48000 	/System/Library/PrivateFrameworks/AppleLDAP.framework/Versions/A/AppleLDAP
0x0000000003c48000 	/System/Library/Frameworks/ClassKit.framework/Versions/A/ClassKit
0x0000000003c48000 	/System/Library/PrivateFrameworks/CoreSuggestions.framework/Versions/A/CoreSuggestions
0x0000000003c48000 	/System/Library/PrivateFrameworks/vCard.framework/Versions/A/vCard
0x0000000003c48000 	/System/Library/PrivateFrameworks/ContactsMetrics.framework/Versions/A/ContactsMetrics
0x0000000003c48000 	/System/Library/PrivateFrameworks/login.framework/Versions/A/login
0x0000000003c48000 	/System/Library/PrivateFrameworks/ManagedOrganizationContacts.framework/Versions/A/ManagedOrganizationContacts
0x0000000003c48000 	/System/Library/PrivateFrameworks/CloudDocs.framework/Versions/A/CloudDocs
0x0000000003c48000 	/System/Library/PrivateFrameworks/ProactiveEventTracker.framework/Versions/A/ProactiveEventTracker
0x0000000003c48000 	/System/Library/PrivateFrameworks/CoreFollowUp.framework/Versions/A/CoreFollowUp
0x0000000003c48000 	/System/Library/PrivateFrameworks/ConfigurationProfiles.framework/Versions/A/ConfigurationProfiles
0x0000000003c48000 	/System/Library/PrivateFrameworks/DMCUtilities.framework/Versions/A/DMCUtilities
0x0000000003c48000 	/System/Library/PrivateFrameworks/MDMClientLibrary.framework/Versions/A/MDMClientLibrary
0x0000000003c48000 	/System/Library/PrivateFrameworks/RemoteManagementProtocol.framework/Versions/A/RemoteManagementProtocol
0x0000000003c48000 	/usr/lib/libEndpointSecuritySystem.dylib
0x0000000003c48000 	/System/Library/PrivateFrameworks/SystemAdministration.framework/Versions/A/SystemAdministration
0x0000000003c48000 	/System/Library/PrivateFrameworks/PowerlogControl.framework/Versions/A/PowerlogControl
0x0000000003c48000 	/System/Library/Frameworks/ServiceManagement.framework/Versions/A/ServiceManagement
0x0000000003c48000 	/usr/lib/libUniversalAccess.dylib
0x0000000003c48000 	/System/Library/PrivateFrameworks/FamilyControls.framework/Versions/A/FamilyControls
0x0000000003c48000 	/System/Library/Frameworks/DirectoryService.framework/Versions/A/DirectoryService
0x0000000003c48000 	/System/Library/PrivateFrameworks/LoginUIKit.framework/Versions/A/Frameworks/LoginUICore.framework/Versions/A/LoginUICore
0x0000000003c48000 	/usr/lib/libodfde.dylib
0x0000000003c48000 	/System/Library/PrivateFrameworks/UniversalAccess.framework/Versions/A/Libraries/libUAPreferences.dylib
0x0000000003c48000 	/System/Library/PrivateFrameworks/CommerceKit.framework/Versions/A/Frameworks/CommerceCore.framework/Versions/A/CommerceCore
0x0000000003c48000 	/System/Library/PrivateFrameworks/DEPClientLibrary.framework/Versions/A/DEPClientLibrary
0x0000000003c48000 	/System/Library/PrivateFrameworks/DMCEnrollmentLibrary.framework/Versions/A/DMCEnrollmentLibrary
0x0000000003c48000 	/System/Library/PrivateFrameworks/SetupAssistantFramework.framework/Versions/A/SetupAssistantFramework
0x0000000003c48000 	/System/Library/PrivateFrameworks/AuthKitUI.framework/Versions/A/AuthKitUI
0x0000000003c48000 	/System/Library/PrivateFrameworks/AppSSO.framework/Versions/A/AppSSO
0x0000000003c48000 	/System/Library/PrivateFrameworks/LocalAuthenticationUI.framework/Versions/A/LocalAuthenticationUI
0x0000000003c48000 	/System/Library/PrivateFrameworks/PlatformSSO.framework/Versions/A/PlatformSSO
0x0000000003c48000 	/System/Library/PrivateFrameworks/AOSUI.framework/Versions/A/AOSUI
0x0000000003c48000 	/System/Library/Frameworks/ContactsUI.framework/Versions/A/ContactsUI
0x0000000003c48000 	/System/Library/PrivateFrameworks/FamilyCircle.framework/Versions/A/FamilyCircle
0x0000000003c48000 	/System/Library/Frameworks/LinkPresentation.framework/Versions/A/LinkPresentation
0x0000000003c48000 	/System/Library/Frameworks/LocalAuthenticationEmbeddedUI.framework/Versions/A/LocalAuthenticationEmbeddedUI
0x0000000003c48000 	/System/Library/PrivateFrameworks/PlatformSSOCore.framework/Versions/A/PlatformSSOCore
0x0000000003c48000 	/System/Library/PrivateFrameworks/IASUtilities.framework/Versions/A/IASUtilities
0x0000000003c48000 	/System/Library/PrivateFrameworks/IASUtilitiesCore.framework/Versions/A/IASUtilitiesCore
0x0000000003c48000 	/System/Library/PrivateFrameworks/OnBoardingKit.framework/Versions/A/OnBoardingKit
0x0000000003c48000 	/System/Library/PrivateFrameworks/RemoteUI.framework/Versions/A/RemoteUI
0x0000000003c48000 	/System/Library/Frameworks/WebKit.framework/Versions/A/WebKit
0x0000000003c48000 	/System/Library/Frameworks/JavaScriptCore.framework/Versions/A/JavaScriptCore
0x0000000003c48000 	/System/Library/PrivateFrameworks/LiftUI.framework/Versions/A/LiftUI
0x0000000003c48000 	/System/Library/PrivateFrameworks/Settings.framework/Versions/A/Settings
0x0000000003c48000 	/System/Library/PrivateFrameworks/_IconServices_SwiftUI.framework/Versions/A/_IconServices_SwiftUI
0x0000000003c48000 	/System/Library/Frameworks/BrowserEngineCore.framework/Versions/A/BrowserEngineCore
0x0000000003c48000 	/System/Library/Frameworks/WebKit.framework/Versions/A/Frameworks/WebKitLegacy.framework/Versions/A/WebKitLegacy
0x0000000003c48000 	/System/Library/PrivateFrameworks/CorePrediction.framework/Versions/A/CorePrediction
0x0000000003c48000 	/System/Library/Frameworks/WebKit.framework/Versions/A/Frameworks/WebCore.framework/Versions/A/Frameworks/libwebrtc.dylib
0x0000000003c48000 	/System/Library/PrivateFrameworks/SafariSafeBrowsing.framework/Versions/A/SafariSafeBrowsing
0x0000000003c48000 	/System/Library/Frameworks/SecurityInterface.framework/Versions/A/SecurityInterface
0x0000000003c48000 	/System/Library/PrivateFrameworks/WebInspectorUI.framework/Versions/A/WebInspectorUI
0x0000000003c48000 	/System/Library/Frameworks/WebKit.framework/Versions/A/Frameworks/WebCore.framework/Versions/A/WebCore
0x0000000003c48000 	/System/Library/Frameworks/WebKit.framework/Versions/A/Frameworks/WebCore.framework/Versions/A/Frameworks/libANGLE-shared.dylib
0x0000000003c48000 	/System/Library/PrivateFrameworks/WebGPU.framework/Versions/A/WebGPU
0x0000000003c48000 	/System/Library/Frameworks/SceneKit.framework/Versions/A/SceneKit
0x0000000003c48000 	/System/Library/Frameworks/ModelIO.framework/Versions/A/ModelIO
0x0000000003c48000 	/System/Library/Frameworks/MetalKit.framework/Versions/A/MetalKit
0x0000000003c48000 	/System/Library/Frameworks/GLKit.framework/Versions/A/GLKit
0x0000000003c48000 	/usr/lib/usd/libusd_ms.dylib
0x0000000003c48000 	/System/Library/PrivateFrameworks/USDLib_FormatLoaderProxy.framework/Versions/A/USDLib_FormatLoaderProxy
0x0000000003c48000 	/usr/lib/swift/libswift_errno.dylib
0x0000000003c48000 	/System/Library/PrivateFrameworks/CoreOptimization.framework/Versions/A/CoreOptimization
0x0000000003c48000 	/System/Library/Frameworks/ExtensionKit.framework/Versions/A/ExtensionKit
0x0000000003c48000 	/System/Library/PrivateFrameworks/CloudSettings.framework/Versions/A/CloudSettings
0x0000000003c48000 	/System/Library/Frameworks/EventKit.framework/Versions/A/EventKit
0x0000000003c48000 	/System/Library/PrivateFrameworks/SearchFoundation.framework/Versions/A/SearchFoundation
0x0000000003c48000 	/System/Library/PrivateFrameworks/Email.framework/Versions/A/Email
0x0000000003c48000 	/System/Library/PrivateFrameworks/CoreRoutine.framework/Versions/A/CoreRoutine
0x0000000003c48000 	/System/Library/PrivateFrameworks/VoiceShortcutClient.framework/Versions/A/VoiceShortcutClient
0x0000000003c48000 	/System/Library/PrivateFrameworks/Categories.framework/Versions/A/Categories
0x0000000003c48000 	/System/Library/PrivateFrameworks/ChronoServices.framework/Versions/A/ChronoServices
0x0000000003c48000 	/System/Library/PrivateFrameworks/CalendarDatabase.framework/Versions/A/CalendarDatabase
0x0000000003c48000 	/System/Library/PrivateFrameworks/CalendarDaemon.framework/Versions/A/CalendarDaemon
0x0000000003c48000 	/System/Library/PrivateFrameworks/CalendarFoundation.framework/Versions/A/CalendarFoundation
0x0000000003c48000 	/System/Library/PrivateFrameworks/iCalendar.framework/Versions/A/iCalendar
0x0000000003c48000 	/System/Library/PrivateFrameworks/DataAccessExpress.framework/Versions/A/DataAccessExpress
0x0000000003c48000 	/System/Library/PrivateFrameworks/ContactsAutocomplete.framework/Versions/A/ContactsAutocomplete
0x0000000003c48000 	/usr/lib/swift/libswiftVideoToolbox.dylib
0x0000000003c48000 	/System/Library/PrivateFrameworks/FTClientServices.framework/Versions/A/FTClientServices
0x0000000003c48000 	/usr/lib/swift/libswiftCoreMediaIO.dylib
0x0000000003c48000 	/System/Library/PrivateFrameworks/CoreDAV.framework/Versions/A/CoreDAV
0x0000000003c48000 	/System/Library/PrivateFrameworks/CalDAV.framework/Versions/A/CalDAV
0x0000000003c48000 	/System/Library/PrivateFrameworks/TelephonyUtilities.framework/Versions/A/TelephonyUtilities
0x0000000003c48000 	/System/Library/Frameworks/LiveCommunicationKit.framework/Versions/A/LiveCommunicationKit
0x0000000003c48000 	/System/Library/PrivateFrameworks/CommunicationTrust.framework/Versions/A/CommunicationTrust
0x0000000003c48000 	/System/Library/Frameworks/CallKit.framework/Versions/A/CallKit
0x0000000003c48000 	/System/Library/PrivateFrameworks/CommunicationsFilter.framework/Versions/A/CommunicationsFilter
0x0000000003c48000 	/System/Library/PrivateFrameworks/IMTransferServices.framework/Versions/A/IMTransferServices
0x0000000003c48000 	/System/Library/PrivateFrameworks/IncomingCallFilter.framework/Versions/A/IncomingCallFilter
0x0000000003c48000 	/System/Library/PrivateFrameworks/NeighborhoodActivityConduit.framework/Versions/A/NeighborhoodActivityConduit
0x0000000003c48000 	/System/Library/PrivateFrameworks/CallHistory.framework/Versions/A/CallHistory
0x0000000003c48000 	/usr/lib/libBASupport.dylib
0x0000000003c48000 	/System/Library/PrivateFrameworks/CallsUtilities.framework/Versions/A/CallsUtilities
0x0000000003c48000 	/System/Library/PrivateFrameworks/CallsXPC.framework/Versions/A/CallsXPC
0x0000000003c48000 	/usr/lib/swift/libswiftCallKit.dylib
0x0000000003c48000 	/System/Library/PrivateFrameworks/CallsPersistence.framework/Versions/A/CallsPersistence
0x0000000003c48000 	/System/Library/Frameworks/SensitiveContentAnalysis.framework/Versions/A/SensitiveContentAnalysis
0x0000000003c48000 	/System/Library/PrivateFrameworks/PeopleSuggester.framework/Versions/A/PeopleSuggester
0x0000000003c48000 	/System/Library/PrivateFrameworks/SpotlightReceiver.framework/Versions/A/SpotlightReceiver
0x0000000003c48000 	/System/Library/PrivateFrameworks/_AppIntentsServices_AppIntents.framework/Versions/A/_AppIntentsServices_AppIntents
0x0000000003c48000 	/System/Library/PrivateFrameworks/AppIntentsServices.framework/Versions/A/AppIntentsServices
0x0000000003c48000 	/System/Library/PrivateFrameworks/CoreRecents.framework/Versions/A/CoreRecents
0x0000000003c48000 	/System/Library/Frameworks/GeoToolbox.framework/Versions/A/GeoToolbox
0x0000000003c48000 	/System/Library/Frameworks/_GeoToolbox_AppIntents.framework/Versions/A/_GeoToolbox_AppIntents
0x0000000003c48000 	/System/Library/PrivateFrameworks/DiagnosticRequest.framework/Versions/A/DiagnosticRequest
0x0000000003c48000 	/System/Library/PrivateFrameworks/XPCDistributed.framework/Versions/A/XPCDistributed
0x0000000003c48000 	/System/Library/PrivateFrameworks/RegulatoryDomain.framework/Versions/A/RegulatoryDomain
0x0000000003c48000 	/usr/lib/libCTGreenTeaLogger.dylib
0x0000000003c48000 	/System/Library/PrivateFrameworks/LocalStatusKit.framework/Versions/A/LocalStatusKit
0x0000000003c48000 	/System/Library/PrivateFrameworks/CoreParsec.framework/Versions/A/CoreParsec
0x0000000003c48000 	/System/Library/PrivateFrameworks/EmailAddressing.framework/Versions/A/EmailAddressing
0x0000000003c48000 	/System/Library/PrivateFrameworks/EmailCore.framework/Versions/A/EmailCore
0x0000000003c48000 	/System/Library/PrivateFrameworks/EmailFoundation.framework/Versions/A/EmailFoundation
0x0000000003c48000 	/System/Library/PrivateFrameworks/PegasusAPI.framework/Versions/A/PegasusAPI
0x0000000003c48000 	/System/Library/PrivateFrameworks/PegasusConfiguration.framework/Versions/A/PegasusConfiguration
0x0000000003c48000 	/System/Library/PrivateFrameworks/ToolKit.framework/Versions/A/ToolKit
0x0000000003c48000 	/System/Library/PrivateFrameworks/ReplicatorEngine.framework/Versions/A/ReplicatorEngine
0x0000000003c48000 	/System/Library/PrivateFrameworks/ReplicatorServices.framework/Versions/A/ReplicatorServices
0x0000000003c48000 	/System/Library/PrivateFrameworks/SystemWake.framework/Versions/A/SystemWake
0x0000000003c48000 	/System/Library/PrivateFrameworks/ContextKit.framework/Versions/A/ContextKit
0x0000000003c48000 	/System/Library/PrivateFrameworks/ContextKitCore.framework/Versions/A/ContextKitCore
0x0000000003c48000 	/System/Library/Frameworks/LocalAuthentication.framework/Support/DaemonUtils.framework/Versions/A/DaemonUtils
0x0000000003c48000 	/System/Library/PrivateFrameworks/LocalAuthenticationCoreUI.framework/Versions/A/LocalAuthenticationCoreUI
0x0000000003c48000 	/System/Library/PrivateFrameworks/BridgeXPC.framework/Versions/A/BridgeXPC
0x0000000003c48000 	/System/Library/PrivateFrameworks/CoreKDL.framework/Versions/A/CoreKDL
0x0000000003c48000 	/System/Library/PrivateFrameworks/EmbeddedOSSupportHost.framework/Versions/A/EmbeddedOSSupportHost
0x0000000003c48000 	/System/Library/PrivateFrameworks/LoginUIKit.framework/Versions/A/LoginUIKit
0x0000000003c48000 	/System/Library/PrivateFrameworks/StorageKit.framework/Versions/A/StorageKit
0x0000000003c48000 	/System/Library/Frameworks/DeviceCheck.framework/Versions/A/DeviceCheck
0x0000000003c48000 	/System/Library/PrivateFrameworks/CoreWLANKit.framework/Versions/A/CoreWLANKit
0x0000000003c48000 	/System/Library/PrivateFrameworks/Wallpaper.framework/Versions/A/Wallpaper
0x0000000003c48000 	/usr/lib/swift/libswiftGLKit.dylib
0x0000000003c48000 	/usr/lib/swift/libswiftMetalKit.dylib
0x0000000003c48000 	/usr/lib/swift/libswiftModelIO.dylib
0x0000000003c48000 	/usr/lib/swift/libswiftSceneKit.dylib
0x0000000003c48000 	/System/Library/Frameworks/FSKit.framework/Versions/A/FSKit
0x0000000003c48000 	/System/Library/PrivateFrameworks/DiskImages2.framework/Versions/A/DiskImages2
0x0000000003c48000 	/System/Library/PrivateFrameworks/LiveFS.framework/Versions/A/LiveFS
0x0000000003c48000 	/System/Library/PrivateFrameworks/DynamicDesktop.framework/Versions/A/DynamicDesktop
0x0000000003c48000 	/System/Library/PrivateFrameworks/WallpaperFoundation.framework/Versions/A/WallpaperFoundation
0x0000000003c48000 	/System/Library/PrivateFrameworks/WallpaperTypes.framework/Versions/A/WallpaperTypes
0x0000000003c48000 	/System/Library/PrivateFrameworks/SystemDesktopAppearance.framework/Versions/A/SystemDesktopAppearance
0x0000000003c48000 	/System/Library/PrivateFrameworks/icloudMCCKit.framework/Versions/A/icloudMCCKit
0x0000000003c48000 	/System/Library/PrivateFrameworks/AppleAccountUI.framework/Versions/A/AppleAccountUI
0x0000000003c48000 	/System/Library/PrivateFrameworks/PreferencePanesSupport.framework/Versions/A/PreferencePanesSupport
0x0000000003c48000 	/System/Library/PrivateFrameworks/FindMyDeviceUI.framework/Versions/A/FindMyDeviceUI
0x0000000003c48000 	/System/Library/PrivateFrameworks/iCloudQuotaUI.framework/Versions/A/iCloudQuotaUI
0x0000000003c48000 	/System/Library/PrivateFrameworks/CoreCDPUI.framework/Versions/A/CoreCDPUI
0x0000000003c48000 	/System/Library/PrivateFrameworks/CoreFollowUpUI.framework/Versions/A/CoreFollowUpUI
0x0000000003c48000 	/System/Library/PrivateFrameworks/IMCore.framework/Versions/A/IMCore
0x0000000003c48000 	/System/Library/PrivateFrameworks/CoreCDP.framework/Versions/A/CoreCDP
0x0000000003c48000 	/System/Library/PrivateFrameworks/AskPermission.framework/Versions/A/AskPermission
0x0000000003c48000 	/System/Library/Frameworks/Quartz.framework/Versions/A/Quartz
0x0000000003c48000 	/System/Library/PrivateFrameworks/CloudPhotoServicesConfiguration.framework/Versions/A/CloudPhotoServicesConfiguration
0x0000000003c48000 	/System/Library/PrivateFrameworks/CommerceKit.framework/Versions/A/CommerceKit
0x0000000003c48000 	/System/Library/PrivateFrameworks/FindMyMac.framework/Versions/A/FindMyMac
0x0000000003c48000 	/System/Library/Frameworks/PreferencePanes.framework/Versions/A/PreferencePanes
0x0000000003c48000 	/System/Library/Frameworks/AddressBook.framework/Versions/A/AddressBook
0x0000000003c48000 	/System/Library/PrivateFrameworks/AOSAccounts.framework/Versions/A/AOSAccounts
0x0000000003c48000 	/System/Library/PrivateFrameworks/AppleSRP.framework/Versions/A/AppleSRP
0x0000000003c48000 	/System/Library/Frameworks/SafariServices.framework/Versions/A/SafariServices
0x0000000003c48000 	/System/Library/PrivateFrameworks/NetFSServer.framework/Versions/A/NetFSServer
0x0000000003c48000 	/System/Library/Frameworks/PDFKit.framework/Versions/A/PDFKit
0x0000000003c48000 	/System/Library/Frameworks/TabularData.framework/Versions/A/TabularData
0x0000000003c48000 	/usr/lib/swift/libswiftPassKit.dylib
0x0000000003c48000 	/System/Library/Frameworks/PassKit.framework/Versions/A/PassKit
0x0000000003c48000 	/System/Library/PrivateFrameworks/PassKitCore.framework/Versions/A/PassKitCore
0x0000000003c48000 	/System/Library/PrivateFrameworks/PassKitMacHelperTemp.framework/Versions/A/PassKitMacHelperTemp
0x0000000003c48000 	/System/Library/PrivateFrameworks/OSEligibility.framework/Versions/A/OSEligibility
0x0000000003c48000 	/usr/lib/libAppleSSE.dylib
0x0000000003c48000 	/System/Library/PrivateFrameworks/BiometricKit.framework/Versions/A/BiometricKit
0x0000000003c48000 	/System/Library/PrivateFrameworks/SEService.framework/Versions/A/SEService
0x0000000003c48000 	/System/Library/Frameworks/FinanceKit.framework/Versions/A/FinanceKit
0x0000000003c48000 	/System/Library/PrivateFrameworks/NearField.framework/Versions/A/NearField
0x0000000003c48000 	/usr/lib/libSESShared.dylib
0x0000000003c48000 	/System/Library/PrivateFrameworks/STSXPCHelperClient.framework/Versions/A/STSXPCHelperClient
0x0000000003c48000 	/usr/lib/libnfshared.dylib
0x0000000003c48000 	/System/Library/PrivateFrameworks/Symptoms.framework/Versions/A/Frameworks/SymptomPresentationFeed.framework/Versions/A/SymptomPresentationFeed
0x0000000003c48000 	/System/Library/PrivateFrameworks/AppleMediaServicesKitInternal.framework/Versions/A/AppleMediaServicesKitInternal
0x0000000003c48000 	/System/Library/PrivateFrameworks/SymptomShared.framework/Versions/A/SymptomShared
0x0000000003c48000 	/System/Library/PrivateFrameworks/PassKitUIFoundation.framework/Versions/A/PassKitUIFoundation
0x0000000003c48000 	/System/Library/Frameworks/MapKit.framework/Versions/A/MapKit
0x0000000003c48000 	/System/Library/PrivateFrameworks/GeoAnalytics.framework/Versions/A/GeoAnalytics
0x0000000003c48000 	/System/Library/PrivateFrameworks/Navigation.framework/Versions/A/Navigation
0x0000000003c48000 	/System/Library/PrivateFrameworks/VectorKit.framework/Versions/A/VectorKit
0x0000000003c48000 	/System/Library/PrivateFrameworks/VirtualGarage.framework/Versions/A/VirtualGarage
0x0000000003c48000 	/System/Library/Frameworks/ExternalAccessory.framework/ExternalAccessory
0x0000000003c48000 	/System/Library/PrivateFrameworks/IAP.framework/Versions/A/IAP
0x0000000003c48000 	/System/Library/PrivateFrameworks/IOPlatformPluginFamily.framework/Versions/A/IOPlatformPluginFamily
0x0000000003c48000 	/System/Library/PrivateFrameworks/AvatarKit.framework/Versions/A/AvatarKit
0x0000000003c48000 	/System/Library/PrivateFrameworks/AvatarPersistence.framework/Versions/A/AvatarPersistence
0x0000000003c48000 	/System/Library/Frameworks/TipKit.framework/Versions/A/TipKit
0x0000000003c48000 	/System/Library/PrivateFrameworks/IMSharedUtilities.framework/Versions/A/IMSharedUtilities
0x0000000003c48000 	/usr/lib/swift/libswiftAppleArchive.dylib
0x0000000003c48000 	/System/Library/PrivateFrameworks/VFX.framework/Versions/A/VFX
0x0000000003c48000 	/System/Library/PrivateFrameworks/AppleCVA.framework/Versions/A/AppleCVA
0x0000000003c48000 	/System/Library/PrivateFrameworks/AvatarKitContent.framework/Versions/A/AvatarKitContent
0x0000000003c48000 	/System/Library/Frameworks/MetalFX.framework/Versions/A/MetalFX
0x0000000003c48000 	/System/Library/PrivateFrameworks/CompositorNonUI.framework/Versions/A/CompositorNonUI
0x0000000003c48000 	/System/Library/Frameworks/ARKit.framework/Versions/A/ARKit
0x0000000003c48000 	/System/Library/PrivateFrameworks/ARKitCore.framework/Versions/A/ARKitCore
0x0000000003c48000 	/usr/lib/libDisplayWarpSupport.dylib
0x0000000003c48000 	/System/Library/PrivateFrameworks/CoreComposite.framework/Versions/A/CoreComposite
0x0000000003c48000 	/usr/lib/libchannel.dylib
0x0000000003c48000 	/usr/lib/librealtime_safety.dylib
0x0000000003c48000 	/System/Library/PrivateFrameworks/ARKitFoundation.framework/Versions/A/ARKitFoundation
0x0000000003c48000 	/System/Library/PrivateFrameworks/AppleDepth.framework/Versions/A/AppleDepth
0x0000000003c48000 	/System/Library/PrivateFrameworks/AppleDepthCore.framework/Versions/A/AppleDepthCore
0x0000000003c48000 	/System/Library/PrivateFrameworks/CoreAppleCVA.framework/Versions/A/CoreAppleCVA
0x0000000003c48000 	/System/Library/PrivateFrameworks/ContactsUICore.framework/Versions/A/ContactsUICore
0x0000000003c48000 	/System/Library/PrivateFrameworks/ContactsDonation.framework/Versions/A/ContactsDonation
0x0000000003c48000 	/System/Library/PrivateFrameworks/DataDetectors.framework/Versions/A/DataDetectors
0x0000000003c48000 	/System/Library/Frameworks/MediaLibrary.framework/Versions/A/MediaLibrary
0x0000000003c48000 	/System/Library/PrivateFrameworks/PersonaKit.framework/Versions/A/PersonaKit
0x0000000003c48000 	/System/Library/PrivateFrameworks/PersonaUI.framework/Versions/A/PersonaUI
0x0000000003c48000 	/System/Library/PrivateFrameworks/Transparency.framework/Versions/A/Transparency
0x0000000003c48000 	/System/Library/PrivateFrameworks/FindMyLocate.framework/Versions/A/FindMyLocate
0x0000000003c48000 	/System/Library/PrivateFrameworks/IntlPreferences.framework/Versions/A/IntlPreferences
0x0000000003c48000 	/System/Library/PrivateFrameworks/FindMyCommon.framework/Versions/A/FindMyCommon
0x0000000003c48000 	/System/Library/PrivateFrameworks/FindMyBase.framework/Versions/A/FindMyBase
0x0000000003c48000 	/System/Library/Frameworks/NearbyInteraction.framework/Versions/A/NearbyInteraction
0x0000000003c48000 	/System/Library/PrivateFrameworks/AddressBookCore.framework/Versions/A/AddressBookCore
0x0000000003c48000 	/System/Library/PrivateFrameworks/ToneKit.framework/Versions/A/ToneKit
0x0000000003c48000 	/System/Library/PrivateFrameworks/ToneLibrary.framework/Versions/A/ToneLibrary
0x0000000003c48000 	/System/Library/PrivateFrameworks/ContactsAccounts.framework/Versions/A/ContactsAccounts
0x0000000003c48000 	/System/Library/PrivateFrameworks/Lookup.framework/Versions/A/Lookup
0x0000000003c48000 	/System/Library/Frameworks/QuickLookUI.framework/Versions/A/QuickLookUI
0x0000000003c48000 	/System/Library/Frameworks/ScreenCaptureKit.framework/Versions/A/ScreenCaptureKit
0x0000000003c48000 	/System/Library/Frameworks/Quartz.framework/Versions/A/Frameworks/QuartzComposer.framework/Versions/A/QuartzComposer
0x0000000003c48000 	/System/Library/Frameworks/Quartz.framework/Versions/A/Frameworks/QuartzFilters.framework/Versions/A/QuartzFilters
0x0000000003c48000 	/System/Library/Frameworks/Quartz.framework/Versions/A/Frameworks/ImageKit.framework/Versions/A/ImageKit
0x0000000003c48000 	/System/Library/PrivateFrameworks/CorePDF.framework/Versions/A/CorePDF
0x0000000003c48000 	/System/Library/Frameworks/QuickLook.framework/Versions/A/QuickLook
0x0000000003c48000 	/System/Library/PrivateFrameworks/DisplayServices.framework/Versions/A/DisplayServices
0x0000000003c48000 	/System/Library/Frameworks/ImageCaptureCore.framework/Versions/A/ImageCaptureCore
0x0000000003c48000 	/System/Library/PrivateFrameworks/VisionKitCore.framework/Versions/A/VisionKitCore
0x0000000003c48000 	/System/Library/PrivateFrameworks/QuickLookSupport.framework/Versions/A/QuickLookSupport
0x0000000003c48000 	/System/Library/PrivateFrameworks/MediaAnalysisServices.framework/Versions/A/MediaAnalysisServices
0x0000000003c48000 	/System/Library/PrivateFrameworks/PhotoLibraryServices.framework/Versions/A/PhotoLibraryServices
0x0000000003c48000 	/System/Library/Frameworks/Photos.framework/Versions/A/Photos
0x0000000003c48000 	/System/Library/PrivateFrameworks/PhotosFormats.framework/Versions/A/PhotosFormats
0x0000000003c48000 	/System/Library/PrivateFrameworks/CloudPhotoLibrary.framework/Versions/A/CloudPhotoLibrary
0x0000000003c48000 	/System/Library/PrivateFrameworks/CloudPhotoServices.framework/Versions/A/CloudPhotoServices
0x0000000003c48000 	/System/Library/PrivateFrameworks/CoreMediaStream.framework/Versions/A/CoreMediaStream
0x0000000003c48000 	/System/Library/PrivateFrameworks/CPAnalytics.framework/Versions/A/CPAnalytics
0x0000000003c48000 	/System/Library/PrivateFrameworks/MediaConversionService.framework/Versions/A/MediaConversionService
0x0000000003c48000 	/System/Library/PrivateFrameworks/PhotoFoundation.framework/Versions/A/PhotoFoundation
0x0000000003c48000 	/System/Library/PrivateFrameworks/PhotoLibraryServicesCore.framework/Versions/A/PhotoLibraryServicesCore
0x0000000003c48000 	/System/Library/PrivateFrameworks/MMCS.framework/Versions/A/MMCS
0x0000000003c48000 	/System/Library/PrivateFrameworks/ChunkingLibrary.framework/Versions/A/ChunkingLibrary
0x0000000003c48000 	/System/Library/PrivateFrameworks/AssetCacheServices.framework/Versions/A/AssetCacheServices
0x0000000003c48000 	/System/Library/PrivateFrameworks/AVFoundationCF.framework/Versions/A/AVFoundationCF
0x0000000003c48000 	/usr/lib/swift/libswiftDemangle.dylib
0x0000000003c48000 	/System/Library/PrivateFrameworks/MediaStream.framework/Versions/A/MediaStream
0x0000000003c48000 	/System/Library/PrivateFrameworks/NeutrinoCore.framework/Versions/A/NeutrinoCore
0x0000000003c48000 	/System/Library/PrivateFrameworks/NLP.framework/Versions/A/NLP
0x0000000003c48000 	/System/Library/PrivateFrameworks/PhotoImaging.framework/Versions/A/PhotoImaging
0x0000000003c48000 	/System/Library/PrivateFrameworks/PhotosImagingFoundation.framework/Versions/A/PhotosImagingFoundation
0x0000000003c48000 	/System/Library/PrivateFrameworks/PhotosIntelligenceCore.framework/Versions/A/PhotosIntelligenceCore
0x0000000003c48000 	/System/Library/PrivateFrameworks/EmbeddedAcousticRecognition.framework/Versions/A/EmbeddedAcousticRecognition
0x0000000003c48000 	/System/Library/PrivateFrameworks/EmojiFoundation.framework/Versions/A/EmojiFoundation
0x0000000003c48000 	/System/Library/PrivateFrameworks/SDAPI.framework/Versions/A/SDAPI
0x0000000003c48000 	/System/Library/PrivateFrameworks/AutoLoop.framework/Versions/A/AutoLoop
0x0000000003c48000 	/System/Library/PrivateFrameworks/Portrait.framework/Versions/A/Portrait
0x0000000003c48000 	/System/Library/PrivateFrameworks/FusionTracker.framework/Versions/A/FusionTracker
0x0000000003c48000 	/System/Library/PrivateFrameworks/iTunesCloud.framework/Versions/A/iTunesCloud
0x0000000003c48000 	/System/Library/PrivateFrameworks/DAAPKit.framework/Versions/A/DAAPKit
0x0000000003c48000 	/System/Library/PrivateFrameworks/DeviceManagement.framework/Versions/A/DeviceManagement
0x0000000003c48000 	/System/Library/PrivateFrameworks/ScreenTimeUI.framework/Versions/A/ScreenTimeUI
0x0000000003c48000 	/System/Library/PrivateFrameworks/QuickLookNonBaseSystem.framework/Versions/A/QuickLookNonBaseSystem
0x0000000003c48000 	/System/Library/PrivateFrameworks/Catalyst.framework/Versions/A/Catalyst
0x0000000003c48000 	/System/Library/PrivateFrameworks/ScreenTimeCore.framework/Versions/A/ScreenTimeCore
0x0000000003c48000 	/System/Library/PrivateFrameworks/ScreenTimeServiceUI.framework/Versions/A/ScreenTimeServiceUI
0x0000000003c48000 	/System/Library/PrivateFrameworks/ConfigurationEngineModel.framework/Versions/A/ConfigurationEngineModel
0x0000000003c48000 	/System/Library/PrivateFrameworks/UsageTracking.framework/Versions/A/UsageTracking
0x0000000003c48000 	/System/Library/Frameworks/DeviceActivity.framework/Versions/A/DeviceActivity
0x0000000003c48000 	/System/Library/PrivateFrameworks/KnowledgeMonitor.framework/Versions/A/KnowledgeMonitor
0x0000000003c48000 	/System/Library/PrivateFrameworks/BluetoothManager.framework/Versions/A/BluetoothManager
0x0000000003c48000 	/System/Library/Frameworks/ManagedSettings.framework/Versions/A/ManagedSettings
0x0000000003c48000 	/System/Library/PrivateFrameworks/ManagedSettingsSupport.framework/Versions/A/ManagedSettingsSupport
0x0000000003c48000 	/System/Library/Frameworks/ReplayKit.framework/Versions/A/ReplayKit
0x0000000003c48000 	/System/Library/PrivateFrameworks/MarkupUI.framework/Versions/A/MarkupUI
0x0000000003c48000 	/System/Library/PrivateFrameworks/SidecarCore.framework/Versions/A/SidecarCore
0x0000000003c48000 	/System/Library/PrivateFrameworks/AnnotationKit.framework/Versions/A/AnnotationKit
0x0000000003c48000 	/System/Library/Frameworks/PencilKit.framework/Versions/A/PencilKit
0x0000000003c48000 	/System/Library/PrivateFrameworks/SidecarUI.framework/Versions/A/SidecarUI
0x0000000003c48000 	/System/Library/PrivateFrameworks/CoreHandwriting.framework/Versions/A/CoreHandwriting
0x0000000003c48000 	/usr/lib/libmecabra.dylib
0x0000000003c48000 	/System/Library/PrivateFrameworks/Calculate.framework/Versions/A/Calculate
0x0000000003c48000 	/usr/lib/libChineseTokenizer.dylib
0x0000000003c48000 	/System/Library/PrivateFrameworks/ScreenReaderCore.framework/Versions/A/ScreenReaderCore
0x0000000003c48000 	/System/Library/PrivateFrameworks/StocksKit.framework/Versions/A/StocksKit
0x0000000003c48000 	/System/Library/PrivateFrameworks/OAuth.framework/Versions/A/OAuth
0x0000000003c48000 	/System/Library/PrivateFrameworks/StocksCore.framework/Versions/A/StocksCore
0x0000000003c48000 	/System/Library/PrivateFrameworks/TeaFoundation.framework/Versions/A/TeaFoundation
0x0000000003c48000 	/System/Library/PrivateFrameworks/TeaSettings.framework/Versions/A/TeaSettings
0x0000000003c48000 	/System/Library/PrivateFrameworks/NewsCore.framework/Versions/A/NewsCore
0x0000000003c48000 	/System/Library/PrivateFrameworks/TeaDB.framework/Versions/A/TeaDB
0x0000000003c48000 	/System/Library/PrivateFrameworks/RemoteConfiguration.framework/Versions/A/RemoteConfiguration
0x0000000003c48000 	/System/Library/PrivateFrameworks/NewsTransport.framework/Versions/A/NewsTransport
0x0000000003c48000 	/System/Library/PrivateFrameworks/NewsFoundation.framework/Versions/A/NewsFoundation
0x0000000003c48000 	/System/Library/PrivateFrameworks/NewsURLBucket.framework/Versions/A/NewsURLBucket
0x0000000003c48000 	/System/Library/PrivateFrameworks/AsyncAlgorithmsInternal.framework/Versions/A/AsyncAlgorithmsInternal
0x0000000003c48000 	/System/Library/PrivateFrameworks/MobileInstallation.framework/Versions/A/MobileInstallation
0x0000000003c48000 	/System/Library/Frameworks/Translation.framework/Versions/A/Translation
0x0000000003c48000 	/System/Library/PrivateFrameworks/RevealCore.framework/Versions/A/RevealCore
0x0000000003c48000 	/System/Library/PrivateFrameworks/Reveal.framework/Versions/A/Reveal
0x0000000003c48000 	/System/Library/Frameworks/Speech.framework/Versions/A/Speech
0x0000000003c48000 	/System/Library/PrivateFrameworks/AIMLExperimentationAnalytics.framework/Versions/A/AIMLExperimentationAnalytics
0x0000000003c48000 	/System/Library/PrivateFrameworks/AlgorithmsInternal.framework/Versions/A/AlgorithmsInternal
0x0000000003c48000 	/System/Library/PrivateFrameworks/TranslationUIServices.framework/Versions/A/TranslationUIServices
0x0000000003c48000 	/System/Library/PrivateFrameworks/TipKitCore.framework/Versions/A/TipKitCore
0x0000000003c48000 	/System/Library/PrivateFrameworks/CoreCDPInternal.framework/Versions/A/CoreCDPInternal
0x0000000003c48000 	/System/Library/PrivateFrameworks/InputAnalytics.framework/Versions/A/InputAnalytics
0x0000000003c48000 	/System/Library/Frameworks/InstantMessage.framework/Versions/A/InstantMessage
0x0000000003c48000 	/System/Library/PrivateFrameworks/IDSKVStore.framework/Versions/A/IDSKVStore
0x0000000003c48000 	/System/Library/PrivateFrameworks/IMDPersistence.framework/Versions/A/IMDPersistence
0x0000000003c48000 	/System/Library/PrivateFrameworks/UserSafety.framework/Versions/A/UserSafety
0x0000000003c48000 	/System/Library/PrivateFrameworks/BlastDoor.framework/Versions/A/BlastDoor
0x0000000003c48000 	/System/Library/PrivateFrameworks/LinkPresentationStyleSheetParsing.framework/Versions/A/LinkPresentationStyleSheetParsing
0x0000000003c48000 	/System/Library/PrivateFrameworks/PosterFoundation.framework/Versions/A/PosterFoundation
0x0000000003c48000 	/System/Library/PrivateFrameworks/PosterModel.framework/Versions/A/PosterModel
0x0000000003c48000 	/System/Library/PrivateFrameworks/PosterFuturesKit.framework/Versions/A/PosterFuturesKit
0x0000000003c48000 	/System/Library/PrivateFrameworks/FeedbackService.framework/Versions/A/FeedbackService
0x0000000003c48000 	/System/Library/PrivateFrameworks/CoreSDB.framework/Versions/A/CoreSDB
0x0000000003c48000 	/System/Library/PrivateFrameworks/AskToCore.framework/Versions/A/AskToCore
0x0000000003c48000 	/System/Library/PrivateFrameworks/MachineSettings.framework/Versions/A/MachineSettings
0x0000000003c48000 	/System/Library/PrivateFrameworks/BezelServices.framework/Versions/A/BezelServices
0x0000000003c48000 	/System/Library/PrivateFrameworks/SPOwner.framework/Versions/A/SPOwner
0x0000000003c48000 	/System/Library/PrivateFrameworks/FMCore.framework/Versions/A/FMCore
0x0000000003c48000 	/System/Library/PrivateFrameworks/AppleMediaServicesUI.framework/Versions/A/AppleMediaServicesUI
0x0000000003c48000 	/System/Library/PrivateFrameworks/iCloudQuota.framework/Versions/A/iCloudQuota
0x0000000003c48000 	/System/Library/PrivateFrameworks/CoreRecognition.framework/Versions/A/CoreRecognition
0x0000000003c48000 	/System/Library/PrivateFrameworks/InAppMessages.framework/Versions/A/InAppMessages
0x0000000003c48000 	/System/Library/PrivateFrameworks/JetUI.framework/Versions/A/JetUI
0x0000000003c48000 	/System/Library/PrivateFrameworks/JetPack.framework/Versions/A/JetPack
0x0000000003c48000 	/System/Library/PrivateFrameworks/InAppMessagesCore.framework/Versions/A/InAppMessagesCore
0x0000000003c48000 	/System/Library/PrivateFrameworks/_JetEngine_SwiftUI.framework/Versions/A/_JetEngine_SwiftUI
0x0000000003c48000 	/System/Library/PrivateFrameworks/Synapse.framework/Versions/A/Synapse
0x0000000003c48000 	/System/Library/PrivateFrameworks/CSExattrCrypto.framework/Versions/A/CSExattrCrypto
0x0000000003c48000 	/System/Library/PrivateFrameworks/StoreFoundation.framework/Versions/A/StoreFoundation
0x0000000003c48000 	/System/Library/PrivateFrameworks/ServerInformation.framework/Versions/A/ServerInformation
0x0000000003c48000 	/System/Library/PrivateFrameworks/Install.framework/Frameworks/DistributionKit.framework/Versions/A/DistributionKit
0x0000000003c48000 	/System/Library/PrivateFrameworks/PackageKit.framework/Versions/A/PackageKit
0x0000000003c48000 	/System/Library/PrivateFrameworks/OSPersonalization.framework/Versions/A/OSPersonalization
0x0000000003c48000 	/System/Library/PrivateFrameworks/BridgeOSSoftwareUpdate.framework/Versions/A/BridgeOSSoftwareUpdate
0x0000000003c48000 	/System/Library/PrivateFrameworks/StorageManagement.framework/Versions/A/StorageManagement
0x0000000003c48000 	/usr/lib/libauthinstall.dylib
0x0000000003c48000 	/System/Library/PrivateFrameworks/InstallerDiagnostics.framework/Versions/A/InstallerDiagnostics
0x0000000003c48000 	/usr/lib/libcrypto.42.dylib
0x0000000003c48000 	/System/Library/PrivateFrameworks/GPUInfo.framework/Versions/A/GPUInfo
0x0000000003c48000 	/System/Library/PrivateFrameworks/MobileActivationMacOS.framework/Versions/A/MobileActivationMacOS
0x0000000003c48000 	/System/Library/PrivateFrameworks/AccountsDaemon.framework/Versions/A/AccountsDaemon
0x0000000003c48000 	/System/Library/PrivateFrameworks/CacheDelete.framework/Versions/A/CacheDelete
0x0000000003c48000 	/System/Library/Frameworks/QuickLookThumbnailing.framework/Versions/A/QuickLookThumbnailing
0x0000000003c48000 	/System/Library/PrivateFrameworks/AOSKit.framework/Versions/A/AOSKit
0x0000000003c48000 	/System/Library/PrivateFrameworks/AppSSOCore.framework/Versions/A/AppSSOCore
0x0000000003c48000 	/System/Library/Frameworks/AVFoundation.framework/Versions/A/AVFoundation
0x0000000003c48000 	/System/Library/PrivateFrameworks/BackgroundSystemTasks.framework/Versions/A/BackgroundSystemTasks
0x0000000003c48000 	/System/Library/PrivateFrameworks/DuetActivityScheduler.framework/Versions/A/DuetActivityScheduler
0x0000000003c48000 	/System/Library/PrivateFrameworks/NetworkServiceProxy.framework/Versions/A/NetworkServiceProxy
0x0000000003c48000 	/usr/lib/libnetworkextension.dylib
0x0000000003c48000 	/System/Library/PrivateFrameworks/Rapport.framework/Versions/A/Rapport
0x0000000003c48000 	/System/Library/PrivateFrameworks/Symptoms.framework/Versions/A/Frameworks/SymptomAnalytics.framework/Versions/A/SymptomAnalytics
0x0000000003c48000 	/System/Library/Frameworks/NetworkExtension.framework/Versions/A/NetworkExtension
0x0000000003c48000 	/System/Library/PrivateFrameworks/CoreDuetContext.framework/Versions/A/CoreDuetContext
0x0000000003c48000 	/System/Library/PrivateFrameworks/CoreDuet.framework/Versions/A/CoreDuet
0x0000000003c48000 	/System/Library/PrivateFrameworks/AssistantServices.framework/Versions/A/AssistantServices
0x0000000003c48000 	/System/Library/PrivateFrameworks/SAObjects.framework/Versions/A/SAObjects
0x0000000003c48000 	/System/Library/PrivateFrameworks/MediaRemote.framework/Versions/A/MediaRemote
0x0000000003c48000 	/System/Library/PrivateFrameworks/SiriInstrumentation.framework/Versions/A/SiriInstrumentation
0x0000000003c48000 	/System/Library/PrivateFrameworks/SiriAnalytics.framework/Versions/A/SiriAnalytics
0x0000000003c48000 	/System/Library/PrivateFrameworks/SiriTTSService.framework/Versions/A/SiriTTSService
0x0000000003c48000 	/System/Library/PrivateFrameworks/SiriCrossDeviceArbitration.framework/Versions/A/SiriCrossDeviceArbitration
0x0000000003c48000 	/System/Library/PrivateFrameworks/FeedbackLogger.framework/Versions/A/FeedbackLogger
0x0000000003c48000 	/System/Library/PrivateFrameworks/FaceTimeNameUtility.framework/Versions/A/FaceTimeNameUtility
0x0000000003c48000 	/System/Library/PrivateFrameworks/SiriCrossDeviceArbitrationFeedback.framework/Versions/A/SiriCrossDeviceArbitrationFeedback
0x0000000003c48000 	/System/Library/PrivateFrameworks/GenerativeModels.framework/Versions/A/GenerativeModels
0x0000000003c48000 	/System/Library/Frameworks/AVRouting.framework/Versions/A/AVRouting
0x0000000003c48000 	/System/Library/PrivateFrameworks/MediaServices.framework/Versions/A/MediaServices
0x0000000003c48000 	/System/Library/PrivateFrameworks/PersistentConnection.framework/Versions/A/PersistentConnection
0x0000000003c48000 	/System/Library/PrivateFrameworks/SonicFoundation.framework/Versions/A/SonicFoundation
0x0000000003c48000 	/System/Library/PrivateFrameworks/Dendrite.framework/Versions/A/Dendrite
0x0000000003c48000 	/usr/lib/libtailspin.dylib
0x0000000003c48000 	/System/Library/PrivateFrameworks/Osprey.framework/Versions/A/Osprey
0x0000000003c48000 	/System/Library/PrivateFrameworks/SiriTTS.framework/Versions/A/SiriTTS
0x0000000003c48000 	/System/Library/Frameworks/NaturalLanguage.framework/Versions/A/NaturalLanguage
0x0000000003c48000 	/System/Library/PrivateFrameworks/SiriPowerInstrumentation.framework/Versions/A/SiriPowerInstrumentation
0x0000000003c48000 	/System/Library/PrivateFrameworks/Trial.framework/Versions/A/Trial
0x0000000003c48000 	/System/Library/PrivateFrameworks/TrialProto.framework/Versions/A/TrialProto
0x0000000003c48000 	/System/Library/PrivateFrameworks/UnifiedAssetFramework.framework/Versions/A/UnifiedAssetFramework
0x0000000003c48000 	/usr/lib/swift/libswiftAVFoundation.dylib
0x0000000003c48000 	/usr/lib/swift/libswiftNaturalLanguage.dylib
0x0000000003c48000 	/System/Library/PrivateFrameworks/TailspinSymbolication.framework/Versions/A/TailspinSymbolication
0x0000000003c48000 	/System/Library/PrivateFrameworks/Darwinup.framework/Versions/A/Darwinup
0x0000000003c48000 	/System/Library/PrivateFrameworks/SignpostSupport.framework/Versions/A/SignpostSupport
0x0000000003c48000 	/System/Library/PrivateFrameworks/FeatureFlagsSupport.framework/Versions/A/FeatureFlagsSupport
0x0000000003c48000 	/System/Library/PrivateFrameworks/ktrace.framework/Versions/A/ktrace
0x0000000003c48000 	/System/Library/PrivateFrameworks/SampleAnalysis.framework/Versions/A/SampleAnalysis
0x0000000003c48000 	/System/Library/PrivateFrameworks/kperfdata.framework/Versions/A/kperfdata
0x0000000003c48000 	/usr/lib/libdscsym.dylib
0x0000000003c48000 	/System/Library/PrivateFrameworks/BulkSymbolication.framework/Versions/A/BulkSymbolication
0x0000000003c48000 	/System/Library/PrivateFrameworks/Espresso.framework/Versions/A/Espresso
0x0000000003c48000 	/System/Library/Frameworks/CoreML.framework/Versions/A/CoreML
0x0000000003c48000 	/System/Library/PrivateFrameworks/ANECompiler.framework/Versions/A/ANECompiler
0x0000000003c48000 	/System/Library/PrivateFrameworks/AppleNeuralEngine.framework/Versions/A/AppleNeuralEngine
0x0000000003c48000 	/System/Library/Frameworks/MetalPerformanceShadersGraph.framework/Versions/A/MetalPerformanceShadersGraph
0x0000000003c48000 	/System/Library/PrivateFrameworks/MLCompilerServices.framework/Versions/A/MLCompilerServices
0x0000000003c48000 	/System/Library/PrivateFrameworks/ANEServices.framework/Versions/A/ANEServices
0x0000000003c48000 	/System/Library/PrivateFrameworks/ODIE.framework/Versions/A/ODIE
0x0000000003c48000 	/System/Library/PrivateFrameworks/MLCompilerRuntime.framework/Versions/A/MLCompilerRuntime
0x0000000003c48000 	/System/Library/Frameworks/MLCompute.framework/Versions/A/MLCompute
0x0000000003c48000 	/System/Library/PrivateFrameworks/MLAssetIO.framework/Versions/A/MLAssetIO
0x0000000003c48000 	/usr/lib/swift/libswiftMLCompute.dylib
0x0000000003c48000 	/System/Library/PrivateFrameworks/AVFCore.framework/Versions/A/AVFCore
0x0000000003c48000 	/System/Library/PrivateFrameworks/AVFCapture.framework/Versions/A/AVFCapture
0x0000000003c48000 	/System/Library/PrivateFrameworks/CMImaging.framework/Versions/A/CMImaging
0x0000000003c48000 	/System/Library/PrivateFrameworks/Quagga.framework/Versions/A/Quagga
0x0000000003c48000 	/System/Library/PrivateFrameworks/CMCapture.framework/Versions/A/CMCapture
0x0000000003c48000 	/System/Library/Frameworks/CoreMediaIO.framework/Versions/A/CoreMediaIO
0x0000000003c48000 	/System/Library/PrivateFrameworks/CMCaptureDevice.framework/Versions/A/CMCaptureDevice
0x0000000003c48000 	/System/Library/PrivateFrameworks/CoreBrightness.framework/Versions/A/CoreBrightness
0x0000000003c48000 	/System/Library/PrivateFrameworks/CinematicFraming.framework/Versions/A/CinematicFraming
0x0000000003c48000 	/System/Library/PrivateFrameworks/SystemStatus.framework/Versions/A/SystemStatus
0x0000000003c48000 	/System/Library/Frameworks/CoreMotion.framework/Versions/A/CoreMotion
0x0000000003c48000 	/System/Library/PrivateFrameworks/TimeSync.framework/Versions/A/TimeSync
0x0000000003c48000 	/System/Library/PrivateFrameworks/DistributedSensing.framework/Versions/A/DistributedSensing
0x0000000003c48000 	/System/Library/PrivateFrameworks/MobileBluetooth.framework/Versions/A/MobileBluetooth
0x0000000003c48000 	/System/Library/PrivateFrameworks/IOKitten.framework/Versions/A/IOKitten
0x0000000003c48000 	/System/Library/PrivateFrameworks/LanguageModeling.framework/Versions/A/LanguageModeling
0x0000000003c48000 	/System/Library/PrivateFrameworks/Montreal.framework/Versions/A/Montreal
0x0000000003c48000 	/usr/lib/libcmph.dylib
0x0000000003c48000 	/System/Library/PrivateFrameworks/GenerativeModelsFoundation.framework/Versions/A/GenerativeModelsFoundation
0x0000000003c48000 	/System/Library/PrivateFrameworks/TokenGeneration.framework/Versions/A/TokenGeneration
0x0000000003c48000 	/System/Library/PrivateFrameworks/GenerativeFunctions.framework/Versions/A/GenerativeFunctions
0x0000000003c48000 	/System/Library/PrivateFrameworks/GenerativeFunctionsFoundation.framework/Versions/A/GenerativeFunctionsFoundation
0x0000000003c48000 	/System/Library/PrivateFrameworks/ModelCatalog.framework/Versions/A/ModelCatalog
0x0000000003c48000 	/System/Library/PrivateFrameworks/SensitiveContentAnalysisML.framework/Versions/A/SensitiveContentAnalysisML
0x0000000003c48000 	/System/Library/PrivateFrameworks/GenerativeFunctionsInstrumentation.framework/Versions/A/GenerativeFunctionsInstrumentation
0x0000000003c48000 	/System/Library/PrivateFrameworks/PromptKit.framework/Versions/A/PromptKit
0x0000000003c48000 	/System/Library/PrivateFrameworks/ProactiveDaemonSupport.framework/Versions/A/ProactiveDaemonSupport
0x0000000003c48000 	/System/Library/PrivateFrameworks/ModelManagerServices.framework/Versions/A/ModelManagerServices
0x0000000003c48000 	/System/Library/PrivateFrameworks/TokenGenerationCore.framework/Versions/A/TokenGenerationCore
0x0000000003c48000 	/System/Library/PrivateFrameworks/AppleIntelligenceReporting.framework/Versions/A/AppleIntelligenceReporting
0x0000000003c48000 	/System/Library/PrivateFrameworks/AppleFlatBuffers.framework/Versions/A/AppleFlatBuffers
0x0000000003c48000 	/System/Library/PrivateFrameworks/SentencePieceInternal.framework/Versions/A/SentencePieceInternal
0x0000000003c48000 	/System/Library/Frameworks/Vision.framework/Versions/A/Vision
0x0000000003c48000 	/System/Library/PrivateFrameworks/CoreSceneUnderstanding.framework/Versions/A/CoreSceneUnderstanding
0x0000000003c48000 	/System/Library/PrivateFrameworks/VisionCore.framework/Versions/A/VisionCore
0x0000000003c48000 	/System/Library/Frameworks/Vision.framework/libfaceCore.dylib
0x0000000003c48000 	/System/Library/PrivateFrameworks/Futhark.framework/Versions/A/Futhark
0x0000000003c48000 	/System/Library/PrivateFrameworks/InertiaCam.framework/Versions/A/InertiaCam
0x0000000003c48000 	/System/Library/PrivateFrameworks/TextRecognition.framework/Versions/A/TextRecognition
0x0000000003c48000 	/System/Library/PrivateFrameworks/CVNLP.framework/Versions/A/CVNLP
0x0000000003c48000 	/System/Library/PrivateFrameworks/ApplePushService.framework/Versions/A/ApplePushService
0x0000000003c48000 	/System/Library/Frameworks/CloudKit.framework/Versions/A/CloudKit
0x0000000003c48000 	/System/Library/PrivateFrameworks/CoreDuetDaemonProtocol.framework/Versions/A/CoreDuetDaemonProtocol
0x0000000003c48000 	/System/Library/PrivateFrameworks/DeviceIdentity.framework/Versions/A/DeviceIdentity
0x0000000003c48000 	/System/Library/Frameworks/SharedWithYouCore.framework/Versions/A/SharedWithYouCore
0x0000000003c48000 	/System/Library/PrivateFrameworks/CloudTelemetry.framework/Versions/A/CloudTelemetry
0x0000000003c48000 	/System/Library/PrivateFrameworks/AppleAccount.framework/Versions/A/AppleAccount
0x0000000003c48000 	/System/Library/PrivateFrameworks/C2.framework/Versions/A/C2
0x0000000003c48000 	/System/Library/PrivateFrameworks/CloudCoreInternal.framework/Versions/A/CloudCoreInternal
0x0000000003c48000 	/System/Library/PrivateFrameworks/CloudAsset.framework/Versions/A/CloudAsset
0x0000000003c48000 	/System/Library/Frameworks/PushKit.framework/Versions/A/PushKit
0x0000000003c48000 	/System/Library/PrivateFrameworks/CloudTelemetryTools.framework/Versions/A/CloudTelemetryTools
0x0000000003c48000 	/System/Library/PrivateFrameworks/RTCReporting.framework/Versions/A/RTCReporting
0x0000000003c48000 	/System/Library/PrivateFrameworks/AAAFoundationSwift.framework/Versions/A/AAAFoundationSwift
0x0000000003c48000 	/System/Library/PrivateFrameworks/AppleIDSSOAuthentication.framework/Versions/A/AppleIDSSOAuthentication
0x0000000003c48000 	/System/Library/PrivateFrameworks/CaptiveNetwork.framework/Versions/A/CaptiveNetwork
0x0000000003c48000 	/System/Library/PrivateFrameworks/EAP8021X.framework/Versions/A/EAP8021X
0x0000000003c48000 	/System/Library/PrivateFrameworks/CryptoKitPrivate.framework/Versions/A/CryptoKitPrivate
0x0000000003c48000 	/System/Library/PrivateFrameworks/FindMyDevice.framework/Versions/A/FindMyDevice
0x0000000003c48000 	/System/Library/PrivateFrameworks/FMCoreLite.framework/Versions/A/FMCoreLite
0x0000000003c48000 	/System/Library/PrivateFrameworks/UIKitServices.framework/Versions/A/UIKitServices
0x0000000134014000 	/System/Library/Extensions/AGXMetalG15G_C0.bundle/Contents/MacOS/AGXMetalG15G_C0
0x0000000003c48000 	/System/Library/PrivateFrameworks/IOGPU.framework/Versions/A/IOGPU
0x0000000003c48000 	/System/Library/PrivateFrameworks/AccessibilityBundles.framework/Versions/A/AccessibilityBundles
0x0000000003c48000 	/System/Library/Frameworks/OpenGL.framework/Versions/A/Resources/GLEngine.bundle/GLEngine
0x0000000003c48000 	/System/Library/Frameworks/OpenGL.framework/Versions/A/Libraries/libGLProgrammability.dylib
0x0000000135ef7000 	/System/Library/Extensions/AppleMetalOpenGLRenderer.bundle/Contents/MacOS/AppleMetalOpenGLRenderer
0x0000000003c48000 	/System/Library/Frameworks/OpenGL.framework/Versions/A/Resources/GLRendererFloat.bundle/GLRendererFloat
0x000000013603a000 	/Library/Java/JavaVirtualMachines/jdk1.8.0_92.jdk/Contents/Home/jre/lib/libfontmanager.dylib
0x0000000135e93000 	/Library/Java/JavaVirtualMachines/jdk1.8.0_92.jdk/Contents/Home/jre/lib/libosxui.dylib
0x0000000003c48000 	/System/Library/PrivateFrameworks/TextInputUI.framework/Versions/A/TextInputUI
0x0000000003c48000 	/System/Library/PrivateFrameworks/TextInputUIMacHelper.framework/Versions/A/TextInputUIMacHelper
0x0000000003c48000 	/System/Library/PrivateFrameworks/SafariPlatformSupport.framework/Versions/A/SafariPlatformSupport
0x0000000137d0a000 	/Library/Java/JavaVirtualMachines/jdk1.8.0_92.jdk/Contents/Home/jre/lib/libnet.dylib
0x0000000137d45000 	/Library/Java/JavaVirtualMachines/jdk1.8.0_92.jdk/Contents/Home/jre/lib/libnio.dylib
0x0000000003c48000 	/System/Library/PrivateFrameworks/SpotlightKnowledge.framework/Versions/A/SpotlightKnowledge
0x0000000003c48000 	/System/Library/PrivateFrameworks/DocumentUnderstandingClient.framework/Versions/A/DocumentUnderstandingClient
0x0000000003c48000 	/System/Library/PrivateFrameworks/SpotlightEmbedding.framework/Versions/A/SpotlightEmbedding
0x0000000003c48000 	/System/Library/PrivateFrameworks/SpotlightLinguistics.framework/Versions/A/SpotlightLinguistics
0x0000000003c48000 	/System/Library/PrivateFrameworks/SpotlightResources.framework/Versions/A/SpotlightResources
0x0000000003c48000 	/System/Library/PrivateFrameworks/SpotlightIndex.framework/Versions/A/SpotlightIndex
0x0000000003c48000 	/System/Library/PrivateFrameworks/DataDeliveryServices.framework/Versions/A/DataDeliveryServices
0x0000000003c48000 	/System/Library/PrivateFrameworks/CipherML.framework/Versions/A/CipherML
0x0000000003c48000 	/System/Library/PrivateFrameworks/PegasusKit.framework/Versions/A/PegasusKit
0x0000000003c48000 	/System/Library/PrivateFrameworks/SwiftSQLite.framework/Versions/A/SwiftSQLite

VM Arguments:
java_command: Breakout.SplashScreen
java_class_path (initial): /Users/vedangholay/Library/Application Support/Code/User/workspaceStorage/ae53ad0ddbcfcea0fbe976fb216c24a7/redhat.java/jdt_ws/PingPong_da5bdc4f/bin
Launcher Type: SUN_STANDARD

Environment Variables:
PATH=/usr/local/bin:/System/Cryptexes/App/usr/bin:/usr/bin:/bin:/usr/sbin:/sbin:/var/run/com.apple.security.cryptexd/codex.system/bootstrap/usr/local/bin:/var/run/com.apple.security.cryptexd/codex.system/bootstrap/usr/bin:/var/run/com.apple.security.cryptexd/codex.system/bootstrap/usr/appleinternal/bin:/Library/Apple/usr/bin:/usr/local/share/dotnet:~/.dotnet/tools:/Users/vedangholay/.vscode/extensions/vscjava.vscode-java-debug-0.58.4/bundled/scripts/noConfigScripts:/Users/vedangholay/Library/Application Support/Code/User/globalStorage/github.copilot-chat/debugCommand
SHELL=/bin/zsh

Signal Handlers:
SIGSEGV: [libjvm.dylib+0x5aa779], sa_mask[0]=11111111111111111111111111111111, sa_flags=SA_ONSTACK|SA_RESTART|SA_SIGINFO
SIGBUS: [libjvm.dylib+0x5aa779], sa_mask[0]=11111111111111111111111111111111, sa_flags=SA_RESTART|SA_SIGINFO
SIGFPE: [libjvm.dylib+0x4831d0], sa_mask[0]=11111111111111111111111111111111, sa_flags=SA_RESTART|SA_SIGINFO
SIGPIPE: [libjvm.dylib+0x4831d0], sa_mask[0]=11111111111111111111111111111111, sa_flags=SA_RESTART|SA_SIGINFO
SIGXFSZ: [libjvm.dylib+0x4831d0], sa_mask[0]=11111111111111111111111111111111, sa_flags=SA_RESTART|SA_SIGINFO
SIGILL: [libjvm.dylib+0x4831d0], sa_mask[0]=11111111111111111111111111111111, sa_flags=SA_RESTART|SA_SIGINFO
SIGUSR1: SIG_DFL, sa_mask[0]=00000000000000000000000000000000, sa_flags=SA_RESTART
SIGUSR2: [libjvm.dylib+0x482cee], sa_mask[0]=00000000000000000000000000000000, sa_flags=SA_RESTART|SA_SIGINFO
SIGHUP: [libjvm.dylib+0x4812c5], sa_mask[0]=11111111111111111111111111111111, sa_flags=SA_RESTART|SA_SIGINFO
SIGINT: [libjvm.dylib+0x4812c5], sa_mask[0]=11111111111111111111111111111111, sa_flags=SA_RESTART|SA_SIGINFO
SIGTERM: [libjvm.dylib+0x4812c5], sa_mask[0]=11111111111111111111111111111111, sa_flags=SA_RESTART|SA_SIGINFO
SIGQUIT: [libjvm.dylib+0x4812c5], sa_mask[0]=11111111111111111111111111111111, sa_flags=SA_RESTART|SA_SIGINFO


---------------  S Y S T E M  ---------------

OS:Bsduname:Darwin 25.0.0 Darwin Kernel Version 25.0.0: Wed Sep 17 21:41:23 PDT 2025; root:xnu-12377.1.9~141/RELEASE_ARM64_T8122 x86_64
rlimit: STACK 8176k, CORE 0k, NPROC 1333, NOFILE 10240, AS infinity
load average:8.11 10.34 19.23

CPU:total 8 (1 cores per cpu, 1 threads per core) family 6 model 44 stepping 0, cmov, cx8, fxsr, mmx, sse, sse2, sse3, ssse3, sse4.1, sse4.2, popcnt, aes, clmul, tsc, tscinvbit, tscinv

Memory: 4k page, physical 8388608k(35872k free)

/proc/meminfo:


vm_info: Java HotSpot(TM) 64-Bit Server VM (25.92-b14) for bsd-amd64 JRE (1.8.0_92-b14), built on Mar 31 2016 21:23:14 by "java_re" with gcc 4.2.1 (Based on Apple Inc. build 5658) (LLVM build 2336.11.00)

time: Tue Jan 13 06:17:18 2026
elapsed time: 174 seconds (0d 0h 2m 54s)

